user_id,Cond,ex1_cover_story,ex1_a,ex1_b,ex1_c,ex1_d,ex1_estimate,ex1_is_first,ex1_sample_number,ex1_timestamp,order,ex2_cover_story,ex2_a,ex2_b,ex2_c,ex2_d,ex2_estimate,ex2_is_first,ex2_is_symmetric,ex2_sample_number,ex2_timestamp,imc_pass,crt_correct_cnt,CS_1.0,UCS_1.0,CS_0.7,UCS_0.7,CS_0.5,UCS_0.5,CS_0.2,UCS_0.2,CS_0.1,UCS_0.1,2_CS_1.0,2_UCS_1.0,2_CS_0.7,2_UCS_0.7,2_CS_0.5,2_UCS_0.5,2_CS_0.2,2_UCS_0.2,2_CS_0.1,2_UCS_0.1
mclkxfz3rgz1pibicz.sss,0,4,7,6,0,13,95,1,4,2025/7/2 15:34,1,12,7,6,0,13,3,0,0,26,2025/7/2 15:37,1,3,4.064792,4.453776,4.104655,4.341915,4.088701,4.136619,5.78113,6.927092,9.28754,10.76279,4.071398,4.424421,4.05927,4.358426,4.111091,4.344576,5.846667,6.830072,9.31658,10.88657
mclkxfz3rgz1pibicz.sss,0,8,7,3,3,7,86,1,5,2025/7/2 15:34,2,10,6,6,0,12,26,0,0,24,2025/7/2 15:38,1,3,1.175287,1.418612,1.228984,1.389636,1.731396,1.95941,6.08393,6.383415,10.37634,10.51265,3.184597,3.652888,3.131115,3.512409,3.165963,3.319587,4.630941,5.63501,7.478085,8.72478
mclkxfz3rgz1pibicz.sss,0,6,6,0,6,0,0,1,3,2025/7/2 15:34,3,2,6,3,3,6,46,0,0,18,2025/7/2 15:39,1,3,-1.85881,-0.92192,-1.93808,-1.46868,-1.95671,-1.77913,-1.90634,-1.67816,-1.99892,-1.90459,0.643253,0.806808,0.677548,0.86949,1.148766,1.382438,4.805248,4.972709,8.403879,8.496833
mclkxfz3rgz1pibicz.sss,0,3,6,3,3,6,82,1,2,2025/7/2 15:35,4,1,7,0,6,1,-5,0,0,14,2025/7/2 15:39,1,3,0.597921,0.900236,0.660009,0.838859,1.124356,1.341453,4.769865,5.023207,8.422625,8.490064,-2.11237,-1.43454,-2.10758,-1.62768,-2.06023,-1.66667,-1.96509,-1.6548,-2.10433,-2.07203
mclkxfz3rgz1pibicz.sss,0,9,7,0,6,1,3,1,6,2025/7/2 15:35,5,7,7,3,3,7,45,0,0,20,2025/7/2 15:40,1,3,0.676608,0.44527,2.155704,0.676413,4.043225,1.620667,9.980636,6.363338,14.88362,10.34685,1.20715,1.343536,1.217121,1.414769,1.706277,2.016751,6.111878,6.260877,10.36986,10.33739
mclkxfz3rgz1pibicz.sss,0,11,6,6,0,12,74,1,1,2025/7/2 15:35,6,5,6,0,6,0,0,0,0,12,2025/7/2 15:41,1,3,3.170249,3.578289,3.183777,3.565168,3.20666,3.397878,4.562292,5.531034,7.485066,8.827343,-2.00269,-1.06823,-1.78699,-1.46452,-2.00169,-1.6856,-1.91507,-1.61616,-1.98704,-1.91932
mcll4bmhw0znkuzj99.sss,1,4,7,3,3,7,70,0,5,2025/7/2 15:44,1,11,7,3,3,7,5,1,1,20,2025/7/2 15:39,1,3,1.125502,1.320408,1.243182,1.413101,1.688436,2.014115,6.115708,6.322308,10.31246,10.51101,1.169562,1.353538,1.192937,1.416044,1.74507,2.007902,6.066474,6.283283,10.43639,10.4156
mcll4bmhw0znkuzj99.sss,1,12,7,0,6,1,5,0,6,2025/7/2 15:45,2,6,6,6,0,12,40,1,1,24,2025/7/2 15:40,1,3,0.666492,0.360299,2.164691,0.690318,4.013337,1.559638,10.10189,6.221918,14.83235,10.6377,3.322806,3.552092,3.091114,3.577326,3.168564,3.451834,4.632653,5.553841,7.501083,8.712018
mcll4bmhw0znkuzj99.sss,1,1,6,3,3,6,83,0,2,2025/7/2 15:46,3,9,7,0,6,1,3,1,1,14,2025/7/2 15:41,1,3,0.721596,0.816279,0.687382,0.819666,1.113244,1.346506,4.770463,5.024298,8.449972,8.407984,0.703931,0.458759,2.12981,0.677856,4.131351,1.628282,10.02862,6.288274,14.75521,10.29696
mcll4bmhw0znkuzj99.sss,1,2,7,6,0,13,100,0,4,2025/7/2 15:47,4,3,6,3,3,6,20,1,1,18,2025/7/2 15:42,1,1,3.851393,4.478517,3.957686,4.389081,4.075589,4.224133,5.879311,6.953175,9.270008,10.73103,0.646158,0.78481,0.663937,0.855029,1.135718,1.376607,4.779527,4.970697,8.493756,8.470349
mcll4bmhw0znkuzj99.sss,1,10,6,0,6,0,0,0,3,2025/7/2 15:47,5,5,7,6,0,13,70,1,1,26,2025/7/2 15:43,1,1,-1.85945,-0.95125,-1.916,-1.46172,-1.99946,-1.69835,-1.85442,-1.86242,-1.91018,-2.04133,4.080725,4.507255,4.031113,4.275542,4.029855,4.203095,5.844198,6.930885,9.324918,10.72518
mcll4bmhw0znkuzj99.sss,1,8,6,6,0,12,90,0,1,2025/7/2 15:47,6,7,6,0,6,0,0,1,1,12,2025/7/2 15:43,1,1,3.152462,3.614806,3.202541,3.560073,3.189641,3.301053,4.605106,5.54774,7.464884,8.840318,-1.89365,-0.98612,-1.96474,-1.35192,-1.97369,-1.65216,-1.92228,-1.99584,-1.96893,-1.78848
mcll4ctj75ys035ren.wee,0,7,7,3,3,7,20,1,5,2025/7/2 15:38,1,8,6,0,6,0,10,0,0,12,2025/7/2 15:40,1,3,1.185483,1.362834,1.199496,1.392612,1.721664,2.029772,6.06514,6.183666,10.42359,10.44314,0.330974,0.044376,1.760199,0.242439,3.424852,1.016949,8.585702,4.763144,12.67494,8.442317
mcll4ctj75ys035ren.wee,0,11,7,6,0,13,40,1,4,2025/7/2 15:39,2,10,7,0,6,1,7,0,0,14,2025/7/2 15:41,1,2,4.052067,4.52477,4.070944,4.408959,4.130085,4.139051,5.8842,6.94371,9.313027,10.76425,0.679765,0.399172,2.19024,0.663505,4.078671,1.568943,10.00674,6.220376,14.82272,10.45466
mcll4ctj75ys035ren.wee,0,1,6,0,6,0,0,1,3,2025/7/2 15:39,3,2,6,6,0,12,18,0,0,24,2025/7/2 15:42,1,3,-1.94497,-0.87273,-1.9067,-1.56752,-1.92789,-1.6461,-2.02998,-1.67117,-1.89137,-1.92395,3.156829,3.581149,3.09844,3.410325,3.147376,3.324801,4.648982,5.514907,7.483145,8.782842
mcll4ctj75ys035ren.wee,0,5,6,6,0,12,15,1,1,2025/7/2 15:39,4,6,7,6,0,13,10,0,0,26,2025/7/2 15:43,1,2,3.138602,3.514282,3.204829,3.515832,3.127653,3.347991,4.621745,5.514163,7.455257,8.901872,4.001904,4.369142,4.018504,4.331198,3.923233,4.199714,5.84384,6.860498,9.408991,10.82585
mcll4ctj75ys035ren.wee,0,12,6,3,3,6,11,1,2,2025/7/2 15:39,5,3,6,3,3,6,7,0,0,18,2025/7/2 15:44,1,2,0.659116,0.796326,0.669091,0.856206,1.144698,1.372618,4.794375,5.031199,8.473003,8.467872,0.668153,0.811307,0.663943,0.838739,1.12894,1.348914,4.78601,4.939919,8.433857,8.484369
mcll4ctj75ys035ren.wee,0,4,7,0,6,1,4,1,6,2025/7/2 15:40,6,9,7,3,3,7,16,0,0,20,2025/7/2 15:45,1,3,0.682645,0.435203,2.072868,0.7953,4.043703,1.610473,10.17968,6.135807,14.85039,10.42839,1.11642,1.412287,1.196638,1.356758,1.712783,2.000577,6.112474,6.312276,10.42476,10.45886
mcll4p2b9leju4ephg.p77,0,2,7,3,3,7,85,1,5,2025/7/2 15:38,1,3,6,3,3,6,53,0,0,18,2025/7/2 15:41,1,2,1.167381,1.358616,1.188029,1.436177,1.772708,2.076595,6.083644,6.387181,10.38418,10.45974,0.638883,0.804916,0.647638,0.832842,1.095627,1.382638,4.74259,4.861287,8.441101,8.542576
mcll4p2b9leju4ephg.p77,0,9,6,3,3,6,46,1,2,2025/7/2 15:39,2,5,7,0,6,1,1,0,0,14,2025/7/2 15:42,1,2,0.644927,0.792824,0.650178,0.869015,1.145338,1.393059,4.836465,4.92153,8.438006,8.410218,0.691724,0.38911,2.147041,0.73172,4.143654,1.635783,10.04292,6.120003,14.83524,10.61071
mcll4p2b9leju4ephg.p77,0,12,7,6,0,13,56,1,4,2025/7/2 15:39,3,4,6,6,0,12,42,0,0,24,2025/7/2 15:43,1,2,4.020446,4.308056,4.030593,4.447708,4.03007,4.102345,5.828974,6.97455,9.249415,10.82726,3.142159,3.749344,3.167255,3.45922,3.143885,3.36405,4.588258,5.445903,7.48432,8.691661
mcll4p2b9leju4ephg.p77,0,1,7,0,6,1,0,1,6,2025/7/2 15:39,4,10,7,3,3,7,13,0,0,20,2025/7/2 15:44,1,3,-2.20422,-1.27211,-2.01421,-1.56325,-2.1807,-1.79266,-2.1295,-2.09592,-2.19367,-1.95155,1.168157,1.341107,1.193602,1.474564,1.718757,2.006231,6.155102,6.322808,10.42876,10.48484
mcll4p2b9leju4ephg.p77,0,7,6,6,0,12,51,1,1,2025/7/2 15:39,5,6,7,6,0,13,23,0,0,26,2025/7/2 15:45,1,3,2.91638,3.629737,3.052548,3.482938,3.128496,3.350373,4.618057,5.40896,7.453738,8.811731,3.986982,4.371718,4.025367,4.329078,4.059111,4.176286,5.836095,6.868909,9.335987,10.76127
mcll4p2b9leju4ephg.p77,0,11,6,0,6,0,0,1,3,2025/7/2 15:40,6,8,6,0,6,0,0,0,0,12,2025/7/2 15:45,1,2,-1.97663,-1.0276,-1.90222,-1.3407,-1.97495,-1.70396,-1.9459,-1.94911,-2.08707,-1.96771,-1.83,-0.95849,-1.85271,-1.43216,-1.92175,-1.70682,-1.86176,-1.86338,-1.90204,-1.82882
mcll4qx9fuj8krv92g.wee,1,12,7,6,0,13,90,0,4,2025/7/2 15:46,1,8,6,0,6,0,50,1,1,12,2025/7/2 15:39,1,3,3.958011,4.521911,4.026784,4.319737,4.039832,4.149298,5.820765,6.912566,9.297237,10.71427,0.313683,0.008824,1.758597,0.293263,3.514787,1.091517,8.534712,4.90159,12.6338,8.373758
mcll4qx9fuj8krv92g.wee,1,11,7,0,6,1,15,0,6,2025/7/2 15:46,2,5,6,3,3,6,70,1,1,18,2025/7/2 15:40,1,2,0.689434,0.439045,2.127941,0.615794,4.127477,1.576664,10.12574,6.232677,14.8782,10.50827,0.648098,0.893632,0.63107,0.837947,1.132267,1.378138,4.763581,5.053754,8.455271,8.48374
mcll4qx9fuj8krv92g.wee,1,10,7,3,3,7,40,0,5,2025/7/2 15:46,3,3,7,6,0,13,100,1,1,26,2025/7/2 15:41,1,3,1.179434,1.40963,1.195942,1.396592,1.748496,1.905672,6.111192,6.280844,10.41969,10.45295,4.088692,4.316516,4.066696,4.395348,3.987211,4.190535,5.7982,6.7999,9.325023,10.58542
mcll4qx9fuj8krv92g.wee,1,7,6,0,6,0,0,0,3,2025/7/2 15:47,4,1,6,6,0,12,80,1,1,24,2025/7/2 15:43,1,1,-2.09098,-0.9665,-1.95555,-1.47514,-1.91908,-1.5885,-2.07501,-1.80443,-2.02783,-1.98595,3.146122,3.423914,3.239093,3.56564,3.123869,3.318207,4.61492,5.575079,7.507263,8.72113
mcll4qx9fuj8krv92g.wee,1,4,6,6,0,12,90,0,1,2025/7/2 15:47,5,6,7,3,3,7,60,1,1,20,2025/7/2 15:44,1,2,3.140066,3.577039,3.171231,3.533342,3.130429,3.322716,4.561632,5.471761,7.470112,8.831563,1.183637,1.373484,1.197025,1.406071,1.745102,1.998366,6.027813,6.256651,10.40735,10.55175
mcll4qx9fuj8krv92g.wee,1,2,6,3,3,6,50,0,2,2025/7/2 15:47,6,9,7,0,6,1,20,1,1,14,2025/7/2 15:45,1,2,0.654327,0.800547,0.68712,0.834692,1.183541,1.378758,4.760175,5.019898,8.477662,8.42899,0.704237,0.445822,2.162245,0.698896,4.084863,1.572989,10.08061,6.254692,14.80499,10.47893
mcll4rmr92dljfi9xm.p77,0,8,7,6,0,13,80,1,4,2025/7/2 15:38,1,6,6,6,0,12,45,0,0,24,2025/7/2 15:42,1,3,4.050203,4.417191,4.015411,4.43643,4.004544,4.197997,5.811796,7.013128,9.253403,10.72076,3.157617,3.59244,3.207845,3.539372,3.214137,3.403406,4.582982,5.552978,7.491214,8.777586
mcll4rmr92dljfi9xm.p77,0,7,6,3,3,6,5,1,2,2025/7/2 15:39,2,1,6,0,6,0,15,0,0,12,2025/7/2 15:42,1,3,0.632513,0.85953,0.658085,0.824663,1.107634,1.377232,4.745065,5.008356,8.43456,8.377864,0.311747,-0.09055,1.760168,0.266686,3.367889,0.996513,8.513172,4.902331,12.5885,8.489461
mcll4rmr92dljfi9xm.p77,0,10,6,6,0,12,50,1,1,2025/7/2 15:39,3,4,7,6,0,13,65,0,0,26,2025/7/2 15:44,1,1,3.167264,3.526674,3.122587,3.456761,3.072652,3.406024,4.551494,5.497357,7.406139,8.743132,4.141904,4.257381,4.024821,4.391156,4.059213,4.137714,5.849427,6.92356,9.323253,10.79679
mcll4rmr92dljfi9xm.p77,0,2,6,0,6,0,10,1,3,2025/7/2 15:40,4,11,6,3,3,6,10,0,0,18,2025/7/2 15:44,1,2,0.312992,0.00334,1.748422,0.281794,3.38601,1.131442,8.516626,4.908492,12.53713,8.556646,0.637124,0.794718,0.672595,0.843698,1.135402,1.370705,4.851492,4.880715,8.449819,8.461215
mcll4rmr92dljfi9xm.p77,0,5,7,0,6,1,10,1,6,2025/7/2 15:40,5,3,7,0,6,1,10,0,0,14,2025/7/2 15:45,1,3,0.704354,0.456446,2.151695,0.659824,4.038666,1.631721,10.16483,6.017713,14.76723,10.50776,0.721113,0.445779,2.164787,0.665126,4.089942,1.654491,10.07572,6.191903,14.76779,10.37659
mcll4rmr92dljfi9xm.p77,0,12,7,3,3,7,60,1,5,2025/7/2 15:40,6,9,7,3,3,7,20,0,0,20,2025/7/2 15:46,1,3,1.169519,1.401461,1.198069,1.456254,1.687651,2.077077,6.054783,6.177261,10.42791,10.48117,1.199082,1.402405,1.234292,1.411258,1.748081,2.047063,6.081808,6.235697,10.45776,10.55203
mcll50bcy1zv872u86.lll,1,5,6,0,6,0,0,0,3,2025/7/2 15:45,1,9,7,0,6,1,40,1,1,14,2025/7/2 15:39,1,3,-2.015,-0.94761,-1.9301,-1.53384,-1.82115,-1.88169,-1.98287,-1.85183,-1.81731,-2.0464,0.699757,0.343144,2.138372,0.669043,4.043778,1.590002,10.16293,6.165084,14.80709,10.37796
mcll50bcy1zv872u86.lll,1,1,6,3,3,6,60,0,2,2025/7/2 15:46,2,6,6,3,3,6,30,1,1,18,2025/7/2 15:41,1,3,0.620182,0.780984,0.67916,0.823748,1.181062,1.340872,4.82263,5.003918,8.529149,8.430303,0.643275,0.80336,0.671555,0.796351,1.13806,1.364168,4.808828,4.999728,8.454592,8.465939
mcll50bcy1zv872u86.lll,1,3,7,3,3,7,70,0,5,2025/7/2 15:46,3,11,6,0,6,0,0,1,1,12,2025/7/2 15:41,1,3,1.209987,1.412623,1.17916,1.348055,1.767285,2.05196,6.044616,6.271822,10.36966,10.45505,-1.88375,-1.12437,-1.89074,-1.57079,-1.92314,-1.76304,-1.72237,-1.99619,-1.95025,-2.15796
mcll50bcy1zv872u86.lll,1,8,7,6,0,13,70,0,4,2025/7/2 15:47,4,10,7,3,3,7,40,1,1,20,2025/7/2 15:42,1,1,4.065518,4.326737,4.107515,4.305621,4.017335,4.133728,5.893477,6.833991,9.359934,10.87425,1.256413,1.371636,1.221676,1.371993,1.703675,1.975533,6.091454,6.3187,10.38626,10.4968
mcll50bcy1zv872u86.lll,1,12,7,0,6,1,90,0,6,2025/7/2 15:47,5,4,7,6,0,13,20,1,1,26,2025/7/2 15:44,1,2,0.68925,0.397433,2.177136,0.61667,4.034021,1.685133,10.03456,6.199406,14.79598,10.3207,4.002171,4.337681,4.003171,4.344077,4.118616,4.208212,5.786783,6.830766,9.214706,10.72844
mcll50bcy1zv872u86.lll,1,2,6,6,0,12,50,0,1,2025/7/2 15:47,6,7,6,6,0,12,20,1,1,24,2025/7/2 15:45,1,3,3.045686,3.624187,3.127963,3.525731,3.151734,3.372184,4.595789,5.508358,7.427734,8.785538,3.243122,3.457418,3.176389,3.470001,3.236272,3.345701,4.663963,5.525541,7.482072,8.755648
mcll52ujpq0yf77ww4,1,2,6,3,3,6,29,0,2,2025/7/2 15:45,1,9,7,3,3,7,70,1,1,20,2025/7/2 15:40,1,3,0.6662,0.832014,0.683335,0.832917,1.148434,1.309097,4.736873,4.944532,8.39338,8.458458,1.196993,1.364575,1.274796,1.445096,1.774203,1.95961,6.054363,6.240052,10.37995,10.47199
mcll52ujpq0yf77ww4,1,4,7,6,0,13,-18,0,4,2025/7/2 15:45,2,8,7,0,6,1,13,1,1,14,2025/7/2 15:41,1,2,-1.78977,-1.82255,-1.78269,-1.86368,-1.75872,-1.94054,-1.98908,-2.10415,-1.8625,-2.08245,0.650163,0.464775,2.13843,0.613875,4.076768,1.61485,9.964882,6.22113,14.94358,10.29973
mcll52ujpq0yf77ww4,1,12,6,6,0,12,25,0,1,2025/7/2 15:45,3,5,6,0,6,0,-5,1,1,12,2025/7/2 15:42,1,2,3.079892,3.688459,3.18225,3.51977,3.159184,3.361811,4.586497,5.591038,7.409179,8.744203,-1.77256,-1.17281,-1.90148,-1.65718,-2.04472,-1.57252,-1.99688,-2.03637,-1.90781,-2.07456
mcll52ujpq0yf77ww4,1,6,7,3,3,7,33,0,5,2025/7/2 15:46,4,10,6,3,3,6,39,1,1,18,2025/7/2 15:43,1,3,1.267293,1.381267,1.185454,1.433819,1.715232,2.03809,6.090473,6.3105,10.39097,10.44718,0.61719,0.864724,0.676101,0.877392,1.169029,1.384966,4.784486,4.978188,8.469739,8.572398
mcll52ujpq0yf77ww4,1,3,6,0,6,0,5,0,3,2025/7/2 15:46,5,11,6,6,0,12,76,1,1,24,2025/7/2 15:44,1,3,0.308361,0.066523,1.703055,0.284312,3.418847,1.061483,8.575118,4.849523,12.64593,8.58315,3.069499,3.688369,3.159613,3.446902,3.14919,3.403087,4.569897,5.552516,7.489718,8.823735
mcll52ujpq0yf77ww4,1,1,7,0,6,1,21,0,6,2025/7/2 15:46,6,7,7,6,0,13,24,1,1,26,2025/7/2 15:45,1,1,0.676563,0.436966,2.132154,0.766918,4.169659,1.644291,10.03907,6.253727,14.81783,10.36777,4.155613,4.276609,3.957929,4.442623,4.107709,4.234839,5.775664,6.976484,9.323864,10.82565
mcll5335u98sk4zlq7,0,3,7,3,3,7,60,1,5,2025/7/2 15:39,1,11,7,3,3,7,60,0,0,20,2025/7/2 15:43,1,1,1.202788,1.369332,1.177704,1.419175,1.737502,1.98089,6.14785,6.272543,10.43063,10.46987,1.207354,1.385632,1.206773,1.393762,1.76068,2.007127,6.142578,6.237588,10.46608,10.31631
mcll5335u98sk4zlq7,0,4,7,6,0,13,100,1,4,2025/7/2 15:39,2,1,6,6,0,12,80,0,0,24,2025/7/2 15:44,1,2,3.931193,4.419296,4.159123,4.352443,4.048852,4.153669,5.867292,6.938951,9.294752,10.70965,3.16244,3.509772,3.127802,3.535453,3.121909,3.39721,4.636871,5.506827,7.474076,8.733148
mcll5335u98sk4zlq7,0,12,6,6,0,12,50,1,1,2025/7/2 15:40,3,7,6,0,6,0,0,0,0,12,2025/7/2 15:45,1,3,3.081833,3.679839,3.107903,3.518964,3.149492,3.384637,4.603865,5.466608,7.485268,8.836121,-1.96076,-0.88744,-1.78594,-1.48081,-2.04977,-1.7161,-1.98187,-1.99715,-2.09497,-1.77129
mcll5335u98sk4zlq7,0,2,6,0,6,0,0,1,3,2025/7/2 15:40,4,9,6,3,3,6,30,0,0,18,2025/7/2 15:46,1,3,-1.94175,-0.98125,-1.88348,-1.47694,-1.95912,-1.58232,-1.99861,-2.10059,-1.85191,-1.93632,0.639824,0.798597,0.666985,0.834077,1.149744,1.344369,4.794227,4.984597,8.38088,8.407819
mcll5335u98sk4zlq7,0,8,6,3,3,6,50,1,2,2025/7/2 15:40,5,5,7,6,0,13,80,0,0,26,2025/7/2 15:47,1,2,0.655949,0.814826,0.690697,0.844353,1.132694,1.35601,4.760501,4.976739,8.366195,8.477906,4.023468,4.406196,4.106133,4.342579,4.082746,4.115162,5.908863,7.056263,9.283794,10.70176
mcll5335u98sk4zlq7,0,10,7,0,6,1,2,1,6,2025/7/2 15:41,6,6,7,0,6,1,5,0,0,14,2025/7/2 15:48,1,3,0.680183,0.431088,2.116606,0.729381,4.129125,1.658352,10.10778,6.233888,14.83202,10.4999,0.707451,0.411021,2.110792,0.658337,4.152799,1.59971,10.01388,6.210207,14.71241,10.62411
mcll53kpea68dgzp2d.p77,0,3,6,3,3,6,61,1,2,2025/7/2 15:39,1,8,7,0,6,1,47,0,0,14,2025/7/2 15:42,1,3,0.651883,0.838143,0.650034,0.832566,1.106819,1.316593,4.814474,4.906321,8.442512,8.51659,0.697341,0.491756,2.158914,0.683752,4.117269,1.661551,9.943317,6.153173,14.80764,10.43901
mcll53kpea68dgzp2d.p77,0,1,6,0,6,0,0,1,3,2025/7/2 15:40,2,12,6,3,3,6,0,0,0,18,2025/7/2 15:43,1,3,-1.84203,-1.00312,-2.04813,-1.48072,-1.96758,-1.7704,-1.92181,-1.75498,-1.86696,-1.73047,-1.47867,-1.37883,-1.56822,-1.48325,-1.71393,-1.72417,-1.7696,-1.72945,-1.93889,-1.81237
mcll53kpea68dgzp2d.p77,0,5,7,0,6,1,83,1,6,2025/7/2 15:40,3,2,7,3,3,7,46,0,0,20,2025/7/2 15:44,1,1,0.675831,0.385243,2.133776,0.6548,4.021023,1.621271,10.06354,6.247812,14.83345,10.20014,1.189021,1.31911,1.237187,1.439905,1.743613,1.993194,6.098876,6.278923,10.39787,10.50452
mcll53kpea68dgzp2d.p77,0,4,7,3,3,7,62,1,5,2025/7/2 15:40,4,11,6,0,6,0,0,0,0,12,2025/7/2 15:45,1,3,1.158774,1.373666,1.183899,1.430776,1.730345,2.004314,6.049754,6.314582,10.39764,10.38492,-1.92094,-1.0023,-1.96015,-1.44766,-1.96488,-1.52524,-2.12008,-1.97053,-2.04072,-1.88247
mcll53kpea68dgzp2d.p77,0,9,7,6,0,13,39,1,4,2025/7/2 15:41,5,10,7,6,0,13,40,0,0,26,2025/7/2 15:46,1,3,3.98308,4.566119,4.014523,4.307417,4.012334,4.236943,5.765588,7.020876,9.246554,10.74228,4.054761,4.463989,4.179578,4.38686,4.081659,4.208096,5.840082,6.844623,9.306657,10.86952
mcll53kpea68dgzp2d.p77,0,6,6,6,0,12,60,1,1,2025/7/2 15:41,6,7,6,6,0,12,30,0,0,24,2025/7/2 15:47,1,2,3.113454,3.654039,3.196895,3.582432,3.147378,3.348096,4.591091,5.480844,7.460856,8.751111,3.200755,3.56626,3.111901,3.482952,3.245554,3.317458,4.578485,5.54844,7.504715,8.79771
mcll53y5mokezfxqsl.3ll,0,7,6,0,6,0,37,1,3,2025/7/2 15:40,1,3,6,0,6,0,29,0,0,12,2025/7/2 15:43,1,2,0.283404,0.043171,1.742611,0.334158,3.430726,1.084918,8.445546,4.855543,12.60907,8.395396,0.293211,-0.02442,1.701249,0.295699,3.408842,0.975492,8.572854,4.927305,12.63628,8.53891
mcll53y5mokezfxqsl.3ll,0,6,7,6,0,13,68,1,4,2025/7/2 15:40,2,10,6,6,0,12,-31,0,0,24,2025/7/2 15:44,1,3,3.955552,4.213843,3.978672,4.495474,4.053804,4.088625,5.90225,6.961996,9.307326,10.84145,-1.64928,-1.73906,-1.61901,-1.84205,-1.58628,-1.78483,-1.83162,-1.77924,-1.88786,-1.89048
mcll53y5mokezfxqsl.3ll,0,5,7,3,3,7,68,1,5,2025/7/2 15:40,3,1,7,6,0,13,35,0,0,26,2025/7/2 15:45,1,2,1.193422,1.40207,1.237262,1.373732,1.710054,2.004987,6.135176,6.375798,10.44082,10.55336,4.035832,4.724628,4.010365,4.338728,4.031039,4.317004,5.842402,6.907662,9.300104,10.81247
mcll53y5mokezfxqsl.3ll,0,12,6,3,3,6,52,1,2,2025/7/2 15:41,4,11,7,3,3,7,64,0,0,20,2025/7/2 15:46,1,3,0.659448,0.802547,0.65419,0.864771,1.121213,1.416512,4.813322,4.921942,8.405791,8.431539,1.206822,1.360146,1.223913,1.416522,1.737541,2.017945,6.079218,6.264816,10.43469,10.58557
mcll53y5mokezfxqsl.3ll,0,9,7,0,6,1,30,1,6,2025/7/2 15:41,5,8,7,0,6,1,34,0,0,14,2025/7/2 15:47,1,3,0.671113,0.382179,2.156191,0.706782,4.104016,1.582772,10.1263,6.268237,14.91336,10.49875,0.694153,0.4485,2.154785,0.752578,4.010387,1.617678,10.01442,6.103524,14.85314,10.41145
mcll53y5mokezfxqsl.3ll,0,4,6,6,0,12,68,1,1,2025/7/2 15:42,6,2,6,3,3,6,33,0,0,18,2025/7/2 15:48,1,3,3.123863,3.615176,3.160446,3.489869,3.129804,3.3357,4.58612,5.617771,7.536711,8.801005,0.656129,0.837137,0.649275,0.849813,1.113815,1.407708,4.742827,4.923091,8.464428,8.500948
mcll56sd75db8qaxqx,1,9,7,6,0,13,100,1,4,2025/7/2 15:42,1,11,6,0,6,0,0,0,1,12,2025/7/2 15:48,1,3,3.958494,4.478498,4.066393,4.376495,4.027673,4.29179,5.806246,6.877071,9.28193,10.78164,-1.90896,-1.10435,-2.06434,-1.36034,-2.02528,-1.77077,-1.95356,-2.02855,-1.85646,-1.68637
mcll56sd75db8qaxqx,1,12,7,0,6,1,15,1,6,2025/7/2 15:43,2,10,6,3,3,6,45,0,1,18,2025/7/2 15:49,1,3,0.714366,0.429917,2.0965,0.71338,4.068443,1.630101,10.12638,6.252388,14.86209,10.48632,0.639956,0.821948,0.668448,0.883505,1.120899,1.332282,4.749377,4.931496,8.389802,8.366158
mcll56sd75db8qaxqx,1,4,6,6,0,12,60,1,1,2025/7/2 15:44,3,8,7,6,0,13,70,0,1,26,2025/7/2 15:50,1,3,3.319605,3.560469,3.046069,3.521624,3.154635,3.37469,4.608006,5.483493,7.434856,8.85931,3.882566,4.571146,3.968133,4.253514,4.028595,4.294333,5.805354,6.915245,9.295066,10.75886
mcll56sd75db8qaxqx,1,2,6,0,6,0,0,1,3,2025/7/2 15:44,4,3,6,6,0,12,80,0,1,24,2025/7/2 15:52,1,2,-2.02879,-0.98472,-1.83043,-1.34371,-2.12401,-1.59484,-1.95886,-1.89718,-2.17682,-1.77088,3.19685,3.572742,3.150308,3.520781,3.154827,3.362175,4.562301,5.511791,7.515406,8.759741
mcll56sd75db8qaxqx,1,1,6,3,3,6,30,1,2,2025/7/2 15:46,5,6,7,0,6,1,10,0,1,14,2025/7/2 15:53,1,3,0.714561,0.758099,0.673708,0.855094,1.142584,1.384894,4.756112,4.902315,8.427436,8.572092,0.645583,0.412779,2.100839,0.725441,4.114851,1.700394,10.11257,6.242104,14.76678,10.43056
mcll56sd75db8qaxqx,1,7,7,3,3,7,65,1,5,2025/7/2 15:46,6,5,7,3,3,7,30,0,1,20,2025/7/2 15:54,1,3,1.241193,1.353653,1.226981,1.421883,1.744644,1.977354,6.071473,6.270901,10.35336,10.48288,1.162133,1.428698,1.170543,1.46421,1.733171,2.025854,6.089715,6.277545,10.43567,10.50049
mcll5aimswpxusnyiu.lll,1,7,6,6,0,12,50,0,1,2025/7/2 15:46,1,10,7,6,0,13,50,1,1,26,2025/7/2 15:40,1,3,3.207947,3.638889,3.11974,3.519462,3.187382,3.307986,4.567095,5.528979,7.514863,8.783719,3.963979,4.52947,3.997396,4.307523,4.129178,4.091122,5.847574,6.973994,9.24906,10.67899
mcll5aimswpxusnyiu.lll,1,4,7,0,6,1,5,0,6,2025/7/2 15:47,2,1,7,0,6,1,0,1,1,14,2025/7/2 15:42,1,3,0.66838,0.436189,2.123349,0.645425,4.112978,1.695294,10.1588,6.178387,14.71207,10.37048,-2.10782,-1.41769,-1.9815,-1.73011,-2.0946,-1.81416,-1.97701,-2.0836,-2.11143,-1.92507
mcll5aimswpxusnyiu.lll,1,11,7,6,0,13,40,0,4,2025/7/2 15:47,3,9,7,3,3,7,20,1,1,20,2025/7/2 15:43,1,3,4.058816,4.443064,4.121366,4.441443,4.046675,4.164962,5.801229,6.944161,9.3199,10.78332,1.216975,1.417771,1.226592,1.407925,1.708135,2.014185,6.090419,6.370717,10.39075,10.47703
mcll5aimswpxusnyiu.lll,1,6,6,3,3,6,20,0,2,2025/7/2 15:47,4,3,6,3,3,6,10,1,1,18,2025/7/2 15:44,1,3,0.599986,0.804527,0.705591,0.849339,1.117042,1.356822,4.719503,4.932961,8.466589,8.496832,0.640425,0.860202,0.643916,0.88602,1.144598,1.432906,4.825448,5.032606,8.446752,8.433384
mcll5aimswpxusnyiu.lll,1,5,6,0,6,0,0,0,3,2025/7/2 15:47,5,12,6,0,6,0,0,1,1,12,2025/7/2 15:44,1,2,-1.9453,-0.87621,-1.87382,-1.45383,-1.96184,-1.64127,-2.07309,-1.69741,-1.86837,-1.64503,-1.82439,-0.90412,-2.01772,-1.38376,-1.92652,-1.59176,-1.97001,-1.77334,-1.88254,-1.70811
mcll5aimswpxusnyiu.lll,1,2,7,3,3,7,40,0,5,2025/7/2 15:48,6,8,6,6,0,12,40,1,1,24,2025/7/2 15:45,1,3,1.215437,1.384173,1.178579,1.421424,1.729447,1.975141,6.080625,6.390404,10.41277,10.35745,3.133495,3.759259,3.257383,3.466172,3.256564,3.370772,4.595337,5.476714,7.441055,8.780849
mcll5az7vbgbiykzed,1,6,6,6,0,12,95,1,1,2025/7/2 15:42,1,3,7,3,3,7,95,0,1,20,2025/7/2 15:52,1,2,3.233487,3.583254,3.242985,3.500343,3.172972,3.411294,4.571495,5.601721,7.486862,8.799742,1.161105,1.345602,1.217418,1.417119,1.705175,2.022937,5.997963,6.308629,10.3544,10.4254
mcll5az7vbgbiykzed,1,2,6,3,3,6,80,1,2,2025/7/2 15:43,2,8,6,3,3,6,10,0,1,18,2025/7/2 15:54,1,3,0.661394,0.831614,0.704271,0.907672,1.131305,1.389817,4.769516,4.859626,8.433332,8.557023,0.70001,0.800945,0.655361,0.854658,1.160722,1.383351,4.808121,4.975154,8.477652,8.477611
mcll5az7vbgbiykzed,1,5,7,3,3,7,90,1,5,2025/7/2 15:44,3,10,7,0,6,1,10,0,1,14,2025/7/2 15:55,1,3,1.189548,1.405042,1.234525,1.383429,1.712223,2.005197,6.008711,6.301751,10.4105,10.38608,0.700184,0.334658,2.201546,0.774383,4.110029,1.549728,10.07514,6.104136,14.82214,10.43537
mcll5az7vbgbiykzed,1,9,6,0,6,0,0,1,3,2025/7/2 15:45,4,1,7,6,0,13,95,0,1,26,2025/7/2 15:57,1,2,-1.92632,-1.01486,-1.83823,-1.48931,-1.98045,-1.6365,-2.09188,-1.98099,-2.02902,-1.90587,3.926453,4.457142,4.000106,4.40855,3.986818,4.278551,5.818579,6.806439,9.301315,10.86982
mcll5az7vbgbiykzed,1,4,7,6,0,13,97,1,4,2025/7/2 15:46,5,12,6,6,0,12,97,0,1,24,2025/7/2 16:00,1,3,3.994193,4.498244,4.103347,4.401286,4.038006,4.260473,5.81698,6.895535,9.247545,10.7239,3.13696,3.533537,3.085572,3.561558,3.129455,3.398881,4.579703,5.48808,7.521999,8.706962
mcll5az7vbgbiykzed,1,11,7,0,6,1,5,1,6,2025/7/2 15:48,6,7,6,0,6,0,0,0,1,12,2025/7/2 16:01,1,3,0.711015,0.409425,2.11785,0.712195,4.083313,1.711085,10.05547,6.249563,14.88024,10.42977,-1.95837,-0.96914,-1.83562,-1.42263,-2.03295,-1.72378,-2.05455,-1.88262,-1.88489,-1.93729
mcll5c1wv85unn3sp0.eee,1,4,6,0,6,0,0,0,3,2025/7/2 15:46,1,7,6,6,0,12,50,1,1,24,2025/7/2 15:40,1,3,-1.97018,-1.10221,-1.84195,-1.52264,-1.80028,-1.72267,-1.94682,-1.91035,-1.91337,-1.9518,3.084121,3.465317,3.119449,3.55772,3.241673,3.29142,4.530367,5.532198,7.44098,8.870057
mcll5c1wv85unn3sp0.eee,1,9,7,6,0,13,50,0,4,2025/7/2 15:47,2,10,7,3,3,7,30,1,1,20,2025/7/2 15:42,1,3,4.035256,4.409715,4.066197,4.340547,4.034049,4.214615,5.806449,6.937097,9.32871,10.95046,1.133366,1.38519,1.238603,1.380329,1.719943,2.033987,6.157571,6.352258,10.40701,10.54402
mcll5c1wv85unn3sp0.eee,1,1,7,0,6,1,100,0,6,2025/7/2 15:48,3,8,6,3,3,6,40,1,1,18,2025/7/2 15:43,1,3,0.687928,0.371053,2.13434,0.717915,4.073709,1.606512,10.11916,6.182546,14.7908,10.48051,0.685403,0.867416,0.660261,0.850481,1.127352,1.378433,4.754022,4.876894,8.458082,8.454377
mcll5c1wv85unn3sp0.eee,1,5,7,3,3,7,30,0,5,2025/7/2 15:48,4,2,6,0,6,0,0,1,1,12,2025/7/2 15:43,1,3,1.210768,1.391913,1.219783,1.428254,1.711594,2.003785,6.08778,6.357226,10.43829,10.30675,-1.94625,-1.0196,-1.94923,-1.45494,-2.00381,-1.67117,-1.98575,-2.01914,-1.99387,-1.8759
mcll5c1wv85unn3sp0.eee,1,6,6,3,3,6,10,0,2,2025/7/2 15:48,5,12,7,0,6,1,10,1,1,14,2025/7/2 15:44,1,1,0.692315,0.841036,0.670574,0.851364,1.086448,1.360713,4.730809,4.978007,8.457117,8.513021,0.698224,0.433808,2.171465,0.743025,4.050781,1.620048,10.08791,6.030468,14.82846,10.53406
mcll5c1wv85unn3sp0.eee,1,11,6,6,0,12,50,0,1,2025/7/2 15:49,6,3,7,6,0,13,35,1,1,26,2025/7/2 15:46,1,2,3.147857,3.638663,3.071539,3.516096,3.138498,3.248455,4.586796,5.576471,7.502913,8.758536,4.189128,4.456904,3.969842,4.410033,4.040086,4.132412,5.828316,6.910377,9.308878,10.69134
mcll5d8gtm7gpvejzy.eee,0,3,7,3,3,7,70,1,5,2025/7/2 15:39,1,9,6,6,0,12,55,0,0,24,2025/7/2 15:44,1,3,1.237706,1.434461,1.21677,1.390964,1.695955,2.038298,6.059183,6.287449,10.36998,10.47866,3.036591,3.652192,3.110344,3.575436,3.138485,3.356918,4.619621,5.506819,7.466308,8.807569
mcll5d8gtm7gpvejzy.eee,0,4,7,6,0,13,50,1,4,2025/7/2 15:40,2,11,6,0,6,0,5,0,0,12,2025/7/2 15:45,1,3,4.007429,4.407481,4.051637,4.305786,3.992238,4.129401,5.784287,6.888322,9.305085,10.84325,0.308265,-0.02587,1.764287,0.24425,3.411427,1.109422,8.554731,4.81956,12.4948,8.438272
mcll5d8gtm7gpvejzy.eee,0,8,7,0,6,1,80,1,6,2025/7/2 15:40,3,10,7,6,0,13,15,0,0,26,2025/7/2 15:46,1,3,0.69389,0.369159,2.125489,0.766519,4.116172,1.762173,10.0959,6.101249,14.57574,10.47123,4.012523,4.240927,3.954529,4.377783,4.105479,4.224295,5.907359,6.88253,9.263314,10.81211
mcll5d8gtm7gpvejzy.eee,0,5,6,0,6,0,30,1,3,2025/7/2 15:41,4,1,7,0,6,1,10,0,0,14,2025/7/2 15:47,1,2,0.312138,-0.00101,1.750328,0.241883,3.391811,0.975303,8.483962,4.85962,12.63524,8.46347,0.662572,0.430569,2.141302,0.721465,4.117489,1.5557,10.19899,6.153828,14.75811,10.46211
mcll5d8gtm7gpvejzy.eee,0,6,6,6,0,12,32,1,1,2025/7/2 15:41,5,12,7,3,3,7,35,0,0,20,2025/7/2 15:48,1,3,3.156204,3.537549,3.124163,3.395249,3.217865,3.431733,4.625732,5.532592,7.5298,8.761115,1.227075,1.385354,1.214835,1.390867,1.787374,2.000593,6.124548,6.311409,10.35175,10.51859
mcll5d8gtm7gpvejzy.eee,0,2,6,3,3,6,20,1,2,2025/7/2 15:42,6,7,6,3,3,6,18,0,0,18,2025/7/2 15:49,1,1,0.634177,0.787207,0.711008,0.88684,1.15602,1.405575,4.774544,4.963513,8.460707,8.476025,0.627762,0.771215,0.718667,0.819948,1.105074,1.391149,4.852795,4.948451,8.449517,8.556096
mcll5i6tngqzd7yacu,0,9,6,6,0,12,60,0,1,2025/7/2 15:51,1,5,6,3,3,6,80,1,0,18,2025/7/2 15:40,1,2,3.170816,3.799157,3.007382,3.542833,3.117548,3.397813,4.591021,5.563712,7.485285,8.716677,0.701734,0.805526,0.6906,0.816432,1.14348,1.382762,4.735428,4.94542,8.444617,8.448154
mcll5i6tngqzd7yacu,0,12,7,3,3,7,38,0,5,2025/7/2 15:51,2,3,6,0,6,0,0,1,0,12,2025/7/2 15:41,1,3,1.173602,1.41151,1.208751,1.377736,1.735406,2.013334,6.090212,6.247171,10.36086,10.57201,-1.95061,-0.87658,-1.92506,-1.54574,-2.0462,-1.80779,-1.92015,-1.82119,-1.99536,-1.67515
mcll5i6tngqzd7yacu,0,8,6,0,6,0,0,0,3,2025/7/2 15:51,3,1,7,0,6,1,30,1,0,14,2025/7/2 15:43,1,3,-1.97699,-0.94599,-1.88042,-1.38495,-1.89366,-1.69961,-1.94235,-1.88545,-1.93217,-1.87282,0.667376,0.451657,2.128724,0.665063,4.072349,1.567073,10.03871,6.289638,14.8713,10.52267
mcll5i6tngqzd7yacu,0,10,7,0,6,1,10,0,6,2025/7/2 15:52,4,2,7,3,3,7,-10,1,0,20,2025/7/2 15:47,1,3,0.698787,0.396283,2.147161,0.669912,4.117276,1.626086,9.968469,6.131638,14.80722,10.5561,-1.69448,-1.90659,-1.64695,-1.67092,-1.77035,-1.83825,-2.03576,-2.13533,-2.06165,-1.8968
mcll5i6tngqzd7yacu,0,6,6,3,3,6,33,0,2,2025/7/2 15:52,5,7,7,6,0,13,-30,1,0,26,2025/7/2 15:49,1,2,0.631078,0.814755,0.668479,0.854617,1.131587,1.375484,4.741346,5.080078,8.493909,8.428873,-1.72905,-1.88381,-1.74765,-1.88855,-1.69184,-1.93172,-1.91241,-1.94362,-2.01847,-2.37073
mcll5i6tngqzd7yacu,0,11,7,6,0,13,44,0,4,2025/7/2 15:52,6,4,6,6,0,12,0,1,0,24,2025/7/2 15:50,1,3,3.923944,4.34365,4.05578,4.397976,4.081185,4.068298,5.914959,6.881446,9.307552,10.65245,-1.65519,-1.83638,-1.6293,-1.84586,-1.59989,-1.76539,-1.82232,-1.96326,-1.84347,-1.98613
mcll5irw6hyl31z7h7.sss,1,11,7,3,3,7,80,1,5,2025/7/2 15:40,1,10,7,0,6,1,0,0,1,14,2025/7/2 15:48,1,2,1.183828,1.432231,1.215694,1.447029,1.750266,2.03896,6.067285,6.362814,10.35872,10.33024,-2.02788,-1.55822,-2.17789,-1.73481,-2.13838,-1.71851,-1.95839,-1.72513,-2.03744,-2.06217
mcll5irw6hyl31z7h7.sss,1,2,7,6,0,13,95,1,4,2025/7/2 15:41,2,1,6,0,6,0,0,0,1,12,2025/7/2 15:49,1,3,3.906619,4.208658,3.964207,4.4537,4.076212,4.227972,5.856836,6.875087,9.252954,10.74839,-1.88602,-0.98979,-1.82351,-1.41251,-2.01112,-1.72876,-1.9627,-2.02768,-2.00441,-1.83626
mcll5irw6hyl31z7h7.sss,1,3,7,0,6,1,0,1,6,2025/7/2 15:42,3,5,6,3,3,6,0,0,1,18,2025/7/2 15:51,1,3,-2.09898,-1.37161,-2.16014,-1.69404,-2.15999,-1.69897,-1.94716,-2.10042,-2.07651,-2.3806,-1.51197,-1.40864,-1.54384,-1.54294,-1.65874,-1.61572,-1.74756,-1.57264,-1.94967,-1.87406
mcll5irw6hyl31z7h7.sss,1,8,6,6,0,12,40,1,1,2025/7/2 15:44,4,9,6,6,0,12,10,0,1,24,2025/7/2 15:52,1,3,3.19431,3.569291,3.20622,3.562745,3.223167,3.298457,4.577147,5.519513,7.544782,8.793231,3.132598,3.459275,3.134445,3.585893,3.106882,3.292646,4.63256,5.529132,7.464792,8.773063
mcll5irw6hyl31z7h7.sss,1,4,6,3,3,6,30,1,2,2025/7/2 15:45,5,12,7,3,3,7,1,0,1,20,2025/7/2 15:54,1,3,0.681402,0.850312,0.64505,0.884488,1.156091,1.382476,4.706766,5.000552,8.440451,8.489317,1.205482,1.382987,1.237629,1.378662,1.684945,1.967138,6.058152,6.323389,10.36179,10.57944
mcll5irw6hyl31z7h7.sss,1,7,6,0,6,0,0,1,3,2025/7/2 15:46,6,6,7,6,0,13,10,0,1,26,2025/7/2 15:56,1,2,-1.9002,-0.95461,-1.78903,-1.47331,-1.97861,-1.73158,-2.0474,-1.80238,-1.89651,-1.88148,3.988239,4.36832,4.087019,4.334761,3.999251,4.280535,5.807368,6.870863,9.325155,10.9199
mcll5l2iepz2wdz81b,1,3,7,0,6,1,53,0,6,2025/7/2 15:45,1,1,6,6,0,12,21,1,1,24,2025/7/2 15:40,1,1,0.688888,0.391931,2.149849,0.725115,4.121614,1.684999,10.04063,6.225369,14.79502,10.40388,3.195867,3.596332,3.17751,3.469625,3.184819,3.348504,4.609461,5.610384,7.484423,8.801973
mcll5l2iepz2wdz81b,1,11,7,3,3,7,87,0,5,2025/7/2 15:46,2,9,7,0,6,1,-92,1,1,14,2025/7/2 15:41,1,3,1.201096,1.358242,1.210692,1.416785,1.724572,1.964006,6.076482,6.38974,10.40068,10.43437,-2.09682,-1.40182,-2.06332,-1.55464,-2.04859,-1.67607,-2.04889,-1.99858,-1.99607,-2.11158
mcll5l2iepz2wdz81b,1,4,6,6,0,12,88,0,1,2025/7/2 15:46,3,5,7,6,0,13,15,1,1,26,2025/7/2 15:42,1,3,3.121553,3.62216,3.085724,3.503678,3.162582,3.380817,4.572651,5.485917,7.461731,8.697908,4.142769,4.468689,4.040314,4.262722,4.171176,4.188745,5.83822,6.875133,9.332717,10.8145
mcll5l2iepz2wdz81b,1,6,6,3,3,6,77,0,2,2025/7/2 15:46,4,2,6,3,3,6,9,1,1,18,2025/7/2 15:43,1,2,0.649632,0.777412,0.699097,0.804049,1.181803,1.390187,4.787032,4.921675,8.486905,8.492827,0.660634,0.860689,0.681647,0.846465,1.178075,1.374604,4.733383,4.98545,8.443228,8.484735
mcll5l2iepz2wdz81b,1,10,7,6,0,13,62,0,4,2025/7/2 15:46,5,8,6,0,6,0,0,1,1,12,2025/7/2 15:44,1,3,3.928935,4.416838,4.009635,4.307198,4.048631,4.121008,5.779759,6.85397,9.314297,10.84258,-1.98116,-0.95098,-1.88921,-1.44401,-1.93105,-1.63742,-1.92264,-1.89674,-2.06955,-2.03915
mcll5l2iepz2wdz81b,1,12,6,0,6,0,0,0,3,2025/7/2 15:47,6,7,7,3,3,7,29,1,1,20,2025/7/2 15:45,1,3,-2.00869,-1.04266,-1.82787,-1.42362,-1.81417,-1.6985,-1.97764,-1.73266,-1.93902,-1.88864,1.210153,1.390895,1.220729,1.353383,1.752263,2.025817,6.021023,6.225213,10.45886,10.40154
mcll5m85olyfjj0k90,0,12,7,3,3,7,64,1,5,2025/7/2 15:39,1,2,7,0,6,1,7,0,0,14,2025/7/2 15:41,1,3,1.177145,1.390075,1.208368,1.388182,1.715952,2.003722,6.081582,6.227663,10.43877,10.39892,0.680314,0.443534,2.180696,0.603344,4.054519,1.683779,10.0823,6.115625,14.76978,10.44903
mcll5m85olyfjj0k90,0,3,7,6,0,13,70,1,4,2025/7/2 15:39,2,1,6,6,0,12,24,0,0,24,2025/7/2 15:43,1,3,4.008435,4.339803,4.107052,4.411259,4.090561,4.288678,5.834865,7.037548,9.321827,10.63842,3.187822,3.634392,3.1103,3.613893,3.164306,3.351932,4.600083,5.564372,7.54048,8.825718
mcll5m85olyfjj0k90,0,5,6,6,0,12,55,1,1,2025/7/2 15:40,3,7,7,6,0,13,41,0,0,26,2025/7/2 15:44,1,3,3.172009,3.517926,3.13219,3.475943,3.11411,3.296284,4.605688,5.487023,7.50356,8.76654,4.051011,4.528827,4.074998,4.258693,4.028598,4.155728,5.838001,6.858987,9.269579,10.73193
mcll5m85olyfjj0k90,0,10,6,3,3,6,31,1,2,2025/7/2 15:40,4,6,6,3,3,6,29,0,0,18,2025/7/2 15:45,1,3,0.61548,0.827271,0.65263,0.830239,1.139196,1.405429,4.764157,4.997915,8.449718,8.544365,0.677228,0.826944,0.631367,0.849165,1.138443,1.43422,4.724273,5.004457,8.446712,8.440718
mcll5m85olyfjj0k90,0,11,6,0,6,0,0,1,3,2025/7/2 15:40,5,4,7,3,3,7,43,0,0,20,2025/7/2 15:54,1,3,-1.97761,-0.88565,-1.90339,-1.46341,-2.0032,-1.79833,-1.92758,-1.85682,-1.85573,-1.83305,1.148584,1.31613,1.173548,1.444621,1.739026,2.018389,6.048624,6.305946,10.37172,10.52878
mcll5m85olyfjj0k90,0,8,7,0,6,1,5,1,6,2025/7/2 15:40,6,9,6,0,6,0,8,0,0,12,2025/7/2 15:54,,,0.695184,0.453829,2.134994,0.697405,4.129952,1.64074,10.13602,6.234041,14.78651,10.40154,0.303002,0.003787,1.810374,0.261103,3.355239,1.136684,8.588841,4.778116,12.61028,8.511526
mcll5n2tno4ajmj2cj.sss,0,5,6,0,6,0,0,0,3,2025/7/2 15:49,1,3,7,0,6,1,0,1,0,14,2025/7/2 15:41,1,2,-2.01771,-1.01284,-2.01543,-1.38737,-1.92113,-1.8381,-1.95425,-1.96965,-1.91207,-2.08582,-2.06164,-1.46156,-2.14559,-1.65445,-2.10998,-2.01368,-2.1133,-2.17435,-2.08535,-1.81434
mcll5n2tno4ajmj2cj.sss,0,2,6,3,3,6,40,0,2,2025/7/2 15:50,2,9,6,3,3,6,20,1,0,18,2025/7/2 15:42,1,2,0.636104,0.850003,0.659778,0.849107,1.127151,1.351971,4.811571,4.968599,8.480299,8.45899,0.653535,0.810976,0.66751,0.855071,1.127342,1.335263,4.790998,4.948788,8.428692,8.3873
mcll5n2tno4ajmj2cj.sss,0,1,7,6,0,13,60,0,4,2025/7/2 15:51,3,4,6,6,0,12,40,1,0,24,2025/7/2 15:44,1,2,4.025453,4.455715,4.046816,4.359285,4.111422,4.246727,5.917599,6.945864,9.279464,10.81004,3.105805,3.341805,3.176466,3.601547,3.138599,3.329107,4.569643,5.481323,7.461259,8.754587
mcll5n2tno4ajmj2cj.sss,0,12,7,0,6,1,10,0,6,2025/7/2 15:51,4,6,7,6,0,13,50,1,0,26,2025/7/2 15:46,1,1,0.705469,0.411034,2.164388,0.701392,4.105032,1.49931,10.14823,6.14765,14.72134,10.45664,4.056695,4.577272,4.002984,4.366464,4.024263,4.244212,5.852269,6.927693,9.350045,10.64111
mcll5n2tno4ajmj2cj.sss,0,7,7,3,3,7,60,0,5,2025/7/2 15:52,5,8,7,3,3,7,10,1,0,20,2025/7/2 15:47,1,3,1.17586,1.368408,1.183067,1.40032,1.748041,2.000959,6.043134,6.313737,10.33875,10.34955,1.168715,1.309659,1.176148,1.411608,1.698646,2.007789,6.086814,6.328661,10.39988,10.33363
mcll5n2tno4ajmj2cj.sss,0,10,6,6,0,12,50,0,1,2025/7/2 15:53,6,11,6,0,6,0,0,1,0,12,2025/7/2 15:48,,,3.196675,3.604125,3.14045,3.473991,3.083859,3.414618,4.507828,5.578715,7.459648,8.841824,-1.78356,-1.08966,-1.97705,-1.5667,-1.974,-1.71483,-1.97746,-1.89409,-1.90291,-1.92452
mcll5orr7i85sm6ff1,0,7,7,3,3,7,100,1,5,2025/7/2 15:40,1,6,6,6,0,12,58,0,0,24,2025/7/2 15:46,,,1.222777,1.425169,1.220511,1.419993,1.732683,1.999533,6.059656,6.321487,10.42664,10.27029,3.133412,3.571816,3.219079,3.46018,3.230323,3.43408,4.600375,5.472457,7.525954,8.799142
mcll5orr7i85sm6ff1,0,4,6,3,3,6,51,1,2,2025/7/2 15:41,2,11,7,6,0,13,49,0,0,26,2025/7/2 15:48,,,0.607083,0.835952,0.689181,0.818626,1.140944,1.370389,4.770242,4.983151,8.421152,8.511006,3.972035,4.320073,4.052895,4.360979,4.079438,4.170547,5.780745,6.951844,9.308704,10.73386
mcll5orr7i85sm6ff1,0,8,7,0,6,1,100,1,6,2025/7/2 15:42,3,12,6,0,6,0,-20,0,0,12,2025/7/2 15:49,,,0.704991,0.331836,2.145832,0.701872,4.036282,1.677068,10.06315,6.170106,14.74641,10.47678,-1.98206,-0.96385,-1.90879,-1.47719,-2.03544,-1.67634,-2.05289,-1.8096,-1.94883,-1.88788
mcll5orr7i85sm6ff1,0,3,6,6,0,12,49,1,1,2025/7/2 15:42,4,2,6,3,3,6,-9,0,0,18,2025/7/2 15:51,,,3.149736,3.727086,3.082156,3.57707,3.180147,3.383057,4.534396,5.577692,7.513301,8.90495,-1.59518,-1.37177,-1.51527,-1.46655,-1.74494,-1.70199,-1.86322,-1.82981,-1.91943,-1.80341
mcll5orr7i85sm6ff1,0,10,7,6,0,13,50,1,4,2025/7/2 15:43,5,5,7,0,6,1,10,0,0,14,2025/7/2 15:52,,,4.032415,4.444079,4.03674,4.279054,4.074906,4.252018,5.863097,6.863708,9.282438,10.68849,0.670231,0.388711,2.177424,0.680153,4.11672,1.512216,10.08973,6.097887,14.97455,10.32488
mcll5orr7i85sm6ff1,0,9,6,0,6,0,1,1,3,2025/7/2 15:43,6,1,7,3,3,7,80,0,0,20,2025/7/2 15:53,,,0.293177,0.02997,1.724964,0.285615,3.446784,1.071951,8.522807,4.884558,12.52651,8.455232,1.207841,1.378933,1.208772,1.42886,1.741247,2.011887,6.162748,6.185037,10.3887,10.40922
mcll5qde7ncrwb4o7g.p77,0,5,7,0,6,1,15,1,6,2025/7/2 15:40,1,6,6,0,6,0,0,0,0,12,2025/7/2 15:46,,,0.701353,0.411778,2.13884,0.669136,4.019091,1.675942,10.17435,6.118029,14.93558,10.47424,-1.99516,-0.98653,-2.02536,-1.56133,-1.98867,-1.58468,-1.81874,-1.87037,-1.92887,-1.80215
mcll5qde7ncrwb4o7g.p77,0,10,7,6,0,13,60,1,4,2025/7/2 15:41,2,7,7,6,0,13,40,0,0,26,2025/7/2 15:48,,,4.068299,4.354368,4.05995,4.413484,4.032824,4.228199,5.823063,6.984503,9.305422,10.81739,4.025568,4.465223,4.144325,4.31785,4.023881,4.122413,5.877804,6.897649,9.3661,10.77339
mcll5qde7ncrwb4o7g.p77,0,9,7,3,3,7,60,1,5,2025/7/2 15:41,3,8,7,0,6,1,5,0,0,14,2025/7/2 15:50,,,1.183335,1.382335,1.249551,1.389521,1.718572,2.018302,6.105539,6.190467,10.4266,10.50434,0.684478,0.408208,2.168201,0.7137,4.155467,1.615099,10.09867,6.158607,14.83668,10.26979
mcll5qde7ncrwb4o7g.p77,0,1,6,3,3,6,50,1,2,2025/7/2 15:42,4,12,6,3,3,6,-5,0,0,18,2025/7/2 15:52,,,0.60532,0.854815,0.663224,0.846434,1.094013,1.375709,4.786291,4.942676,8.401483,8.496965,-1.45057,-1.43382,-1.53697,-1.51887,-1.63987,-1.60756,-1.81482,-1.94135,-1.86889,-1.7636
mcll5qde7ncrwb4o7g.p77,0,3,6,6,0,12,50,1,1,2025/7/2 15:43,5,4,7,3,3,7,70,0,0,20,2025/7/2 15:53,,,3.181077,3.551217,3.030955,3.489877,3.072638,3.40983,4.591399,5.473614,7.499714,8.759668,1.170385,1.442279,1.207592,1.415221,1.79115,2.023184,6.105111,6.349518,10.42299,10.46636
mcll5qde7ncrwb4o7g.p77,0,2,6,0,6,0,-100,1,3,2025/7/2 15:43,6,11,6,6,0,12,52,0,0,24,2025/7/2 15:55,,,-1.9696,-1.01533,-1.95067,-1.6599,-2.08646,-1.57783,-2.0115,-1.89358,-1.90183,-1.61538,3.23045,3.43654,3.075471,3.529305,3.197482,3.375766,4.494573,5.474555,7.430564,8.828634
mcll5ry0686i2m8pyy.i,1,12,7,6,0,13,50,0,4,2025/7/2 15:48,1,2,6,6,0,12,50,1,1,24,2025/7/2 15:41,,,4.085983,4.469504,4.107463,4.317027,4.014634,4.179878,5.873386,6.764019,9.265645,10.68854,3.185958,3.654916,3.153934,3.538539,3.104823,3.404049,4.576173,5.525734,7.471467,8.829343
mcll5ry0686i2m8pyy.i,1,6,6,3,3,6,25,0,2,2025/7/2 15:49,2,8,7,3,3,7,0,1,1,20,2025/7/2 15:43,,,0.617585,0.824447,0.676361,0.90034,1.161645,1.396557,4.811914,5.046235,8.419615,8.53574,-1.68933,-1.53628,-1.72526,-1.63683,-1.88546,-1.7279,-2.17604,-1.94519,-2.03667,-1.98897
mcll5ry0686i2m8pyy.i,1,3,7,0,6,1,1,0,6,2025/7/2 15:50,3,4,7,0,6,1,1,1,1,14,2025/7/2 15:44,,,0.724858,0.431224,2.162079,0.707334,4.073197,1.67409,10.15852,6.215664,14.85674,10.37393,0.712262,0.466038,2.153118,0.730811,3.987558,1.539325,10.07167,6.138907,14.81102,10.44452
mcll5ry0686i2m8pyy.i,1,1,6,6,0,12,50,0,1,2025/7/2 15:50,4,9,6,3,3,6,10,1,1,18,2025/7/2 15:45,,,3.262711,3.519744,3.210291,3.575696,3.131555,3.487593,4.649341,5.55095,7.470647,8.794641,0.64446,0.816257,0.667404,0.872953,1.07539,1.322834,4.7322,5.026635,8.423449,8.476336
mcll5ry0686i2m8pyy.i,1,5,6,0,6,0,0,0,3,2025/7/2 15:51,5,7,7,6,0,13,50,1,1,26,2025/7/2 15:46,,,-1.90976,-0.97623,-1.93812,-1.52973,-1.82378,-1.5566,-1.87717,-1.76082,-2.09681,-1.95576,4.147122,4.464885,4.021936,4.29743,4.012538,4.191341,5.851385,6.915748,9.392741,10.87577
mcll5ry0686i2m8pyy.i,1,11,7,3,3,7,50,0,5,2025/7/2 15:51,6,10,6,0,6,0,0,1,1,12,2025/7/2 15:47,,,1.191094,1.392375,1.159421,1.407972,1.74537,2.018412,6.086669,6.300547,10.40331,10.41952,-1.97958,-1.0347,-1.99801,-1.53646,-1.86746,-1.52449,-1.91922,-1.90204,-1.89021,-2.04629
mcll5sdelpjgyxvgdp.eee,1,8,6,3,3,6,18,0,2,2025/7/2 15:48,1,10,7,3,3,7,14,1,1,20,2025/7/2 15:41,,,0.66789,0.799123,0.703593,0.890391,1.135711,1.309617,4.754152,4.993216,8.459469,8.6365,1.246584,1.307876,1.21432,1.428074,1.746912,1.999967,6.051662,6.327433,10.36719,10.32283
mcll5sdelpjgyxvgdp.eee,1,3,6,6,0,12,-43,0,1,2025/7/2 15:48,2,1,6,6,0,12,-4,1,1,24,2025/7/2 15:42,,,-1.5898,-1.74755,-1.55373,-1.78907,-1.63717,-1.81261,-1.82512,-1.92775,-1.94864,-1.7662,-1.55211,-1.69664,-1.61152,-1.84652,-1.60522,-1.84864,-1.80683,-2.00551,-1.90427,-1.8622
mcll5sdelpjgyxvgdp.eee,1,2,7,0,6,1,61,0,6,2025/7/2 15:48,3,5,7,0,6,1,1,1,1,14,2025/7/2 15:43,,,0.705238,0.415517,2.157178,0.676162,4.081603,1.638927,10.05056,6.186467,14.823,10.44393,0.717573,0.450484,2.131067,0.621501,4.22588,1.679992,10.18671,6.238297,14.78558,10.48272
mcll5sdelpjgyxvgdp.eee,1,7,7,6,0,13,11,0,4,2025/7/2 15:48,4,11,7,6,0,13,-11,1,1,26,2025/7/2 15:46,,,4.015539,4.458154,3.951684,4.368513,4.074653,4.112713,5.899217,6.879436,9.277879,10.82108,-1.7896,-1.89129,-1.75951,-1.96403,-1.75412,-1.89686,-2.04545,-2.0727,-1.91355,-2.05188
mcll5sdelpjgyxvgdp.eee,1,12,6,0,6,0,61,0,3,2025/7/2 15:48,5,6,6,0,6,0,55,1,1,12,2025/7/2 15:46,,,0.302637,0.026869,1.747424,0.277152,3.368122,1.059843,8.516474,4.855173,12.57262,8.48465,0.287291,0.029125,1.785764,0.303783,3.38832,1.105684,8.498852,4.864939,12.55848,8.622621
mcll5sdelpjgyxvgdp.eee,1,4,7,3,3,7,40,0,5,2025/7/2 15:49,6,9,6,3,3,6,8,1,1,18,2025/7/2 15:47,,,1.185958,1.398404,1.209699,1.423353,1.749998,2.066037,6.116014,6.291289,10.33755,10.48209,0.644148,0.822237,0.668289,0.851891,1.133084,1.345711,4.7974,5.001789,8.517193,8.470356
mcll60xnwtjce72n1l.777,0,8,7,3,3,7,65,1,5,2025/7/2 15:42,1,11,7,6,0,13,50,0,0,26,2025/7/2 15:52,,,1.165307,1.340347,1.197133,1.406761,1.718561,1.978207,6.07619,6.38307,10.42372,10.62241,4.202866,4.234111,3.952357,4.28186,4.125526,4.229531,5.830609,6.95795,9.33031,10.63214
mcll60xnwtjce72n1l.777,0,9,6,3,3,6,50,1,2,2025/7/2 15:43,2,1,6,3,3,6,63,0,0,18,2025/7/2 15:56,,,0.630626,0.811667,0.658435,0.828766,1.122143,1.393193,4.796742,5.025685,8.38551,8.501771,0.627616,0.837914,0.661574,0.793742,1.155099,1.383666,4.79437,4.996479,8.418056,8.330083
mcll60xnwtjce72n1l.777,0,7,6,6,0,12,50,1,1,2025/7/2 15:44,3,5,7,0,6,1,14,0,0,14,2025/7/2 15:59,,,3.16931,3.815624,3.131972,3.617742,3.190177,3.313049,4.612423,5.559977,7.522893,8.703495,0.707128,0.397544,2.122782,0.661608,4.153409,1.652557,10.06187,6.217482,14.84603,10.55125
mcll60xnwtjce72n1l.777,0,3,7,0,6,1,100,1,6,2025/7/2 15:46,4,10,7,3,3,7,40,0,0,20,2025/7/2 16:02,,,0.694189,0.467546,2.17512,0.660056,4.046122,1.529272,10.06767,6.164392,14.82474,10.41771,1.214597,1.324366,1.195015,1.465502,1.734108,2.040835,6.086246,6.332585,10.39585,10.4902
mcll60xnwtjce72n1l.777,0,2,6,0,6,0,0,1,3,2025/7/2 15:46,5,4,6,0,6,0,0,0,0,12,2025/7/2 16:04,,,-1.98863,-1.03912,-1.99676,-1.54909,-1.92593,-1.72696,-1.84883,-2.13171,-1.94806,-2.08262,-1.99287,-1.07564,-1.90518,-1.47556,-2.10194,-1.60457,-1.86415,-2.26302,-1.94286,-1.77328
mcll60xnwtjce72n1l.777,0,12,7,6,0,13,54,1,4,2025/7/2 15:47,6,6,6,6,0,12,46,0,0,24,2025/7/2 16:07,,,4.172009,4.532928,4.117755,4.33206,4.099722,4.225136,5.865278,6.864589,9.268277,10.74794,3.217853,3.536829,3.077413,3.503216,3.143837,3.349166,4.607671,5.541775,7.462919,8.7408
mcll63uzmmcu60sol7,0,11,6,0,6,0,0,0,3,2025/7/2 15:50,1,6,7,3,3,7,0,1,0,20,2025/7/2 15:41,,,-2.09995,-1.00346,-1.96987,-1.4591,-1.98084,-1.76997,-1.97559,-1.93255,-1.95953,-2.17186,-1.63929,-1.62806,-1.75621,-1.66974,-1.77479,-1.8448,-1.96717,-1.95732,-2.11877,-2.1035
mcll63uzmmcu60sol7,0,10,7,6,0,13,52,0,4,2025/7/2 15:50,2,9,7,0,6,1,-55,1,0,14,2025/7/2 15:43,,,4.093715,4.394702,4.043033,4.408666,4.037181,4.234323,5.865717,6.768281,9.318528,10.75796,-2.02286,-1.41581,-2.08849,-1.71991,-2.28928,-1.68187,-2.13357,-2.01214,-2.09965,-2.1604
mcll63uzmmcu60sol7,0,12,6,6,0,12,50,0,1,2025/7/2 15:51,3,1,6,0,6,0,62,1,0,12,2025/7/2 15:44,,,3.107118,3.498118,3.157593,3.51211,3.088608,3.347187,4.618829,5.464036,7.473297,8.837135,0.305379,0.063101,1.764307,0.198326,3.490075,1.018888,8.589827,4.838792,12.508,8.391343
mcll63uzmmcu60sol7,0,4,7,3,3,7,20,0,5,2025/7/2 15:51,4,2,7,6,0,13,20,1,0,26,2025/7/2 15:46,,,1.184088,1.395725,1.198759,1.397952,1.726963,2.061148,6.064992,6.2012,10.45562,10.35767,4.00732,4.622541,4.132968,4.376599,4.03304,4.268196,5.796326,6.895785,9.344641,10.73759
mcll63uzmmcu60sol7,0,8,7,0,6,1,5,0,6,2025/7/2 15:52,5,5,6,3,3,6,40,1,0,18,2025/7/2 15:47,,,0.710212,0.476717,2.246439,0.659664,4.167578,1.667613,10.09749,6.13403,14.87247,10.49027,0.640769,0.830578,0.698181,0.842082,1.140412,1.368231,4.755262,4.980789,8.393265,8.472226
mcll63uzmmcu60sol7,0,7,6,3,3,6,12,0,2,2025/7/2 15:52,6,3,6,6,0,12,20,1,0,24,2025/7/2 15:49,,,0.627374,0.825087,0.675167,0.861757,1.109389,1.364696,4.824155,4.960288,8.498783,8.484459,3.124039,3.572035,3.100188,3.63429,3.150252,3.363397,4.535098,5.469374,7.448986,8.874197
mcll64y6b4oezqkjc9,1,7,7,6,0,13,33,0,4,2025/7/2 15:44,1,4,7,0,6,1,70,1,1,14,2025/7/2 15:39,,,4.043267,4.550665,4.163693,4.298794,4.071494,4.17113,5.838807,6.978641,9.274397,10.76569,-2.07879,-1.46297,-2.20214,-1.86995,-2.13847,-1.87725,-2.07078,-1.79103,-2.14482,-1.94808
mcll64y6b4oezqkjc9,1,9,7,3,3,7,46,0,5,2025/7/2 15:44,2,12,7,6,0,13,60,1,1,26,2025/7/2 15:41,,,1.192141,1.366731,1.178922,1.377283,1.750306,1.997858,6.13028,6.225751,10.4444,10.33946,1.174098,1.386323,1.146821,1.426388,1.748208,2.046438,6.102576,6.222745,10.36022,10.52911
mcll64y6b4oezqkjc9,1,8,6,3,3,6,23,0,2,2025/7/2 15:44,3,11,6,0,6,0,25,1,1,12,2025/7/2 15:41,,,-1.97689,-0.94443,-1.85808,-1.35999,-2.11149,-1.70321,-1.79144,-1.94877,-2.01728,-1.85154,3.233618,3.529666,3.111657,3.512105,3.162723,3.254072,4.588603,5.545466,7.433725,8.727581
mcll64y6b4oezqkjc9,1,6,6,0,6,0,67,0,3,2025/7/2 15:44,4,1,6,6,0,12,66,1,1,24,2025/7/2 15:42,,,0.703203,0.40314,2.167974,0.707407,4.051385,1.708716,10.05452,6.249908,14.83693,10.45812,0.643257,0.788775,0.665035,0.825346,1.133186,1.355009,4.78973,5.003136,8.463369,8.493424
mcll64y6b4oezqkjc9,1,10,6,6,0,12,28,0,1,2025/7/2 15:45,5,2,6,3,3,6,38,1,1,18,2025/7/2 15:43,,,0.684041,0.854198,0.690924,0.848656,1.114714,1.382511,4.773412,5.069244,8.417538,8.558641,4.024389,4.404431,3.9913,4.518162,3.992116,4.162091,5.883426,6.826545,9.336632,10.87894
mcll64y6b4oezqkjc9,1,5,7,0,6,1,25,0,6,2025/7/2 15:45,6,3,7,3,3,7,-35,1,1,20,2025/7/2 15:44,,,3.095477,3.465291,3.150621,3.560729,3.22033,3.385038,4.622332,5.505839,7.456749,8.863926,-1.89812,-0.90168,-1.93316,-1.45172,-1.94916,-1.74675,-1.99409,-1.84791,-1.93468,-1.68097
mcll65gjnnb9ef7xfxz,1,5,7,6,0,13,16,1,4,2025/7/2 15:40,1,9,7,0,6,1,-12,0,1,14,2025/7/2 15:43,,,0.661939,0.486259,2.1779,0.683705,4.096306,1.599579,10.08353,6.236073,14.82212,10.32075,3.070278,3.630085,3.083358,3.599071,3.209571,3.397781,4.511301,5.536484,7.465505,8.794768
mcll65gjnnb9ef7xfxz,1,4,7,3,3,7,26,1,5,2025/7/2 15:40,2,8,7,3,3,7,20,0,1,20,2025/7/2 15:44,,,0.65892,0.794483,0.662,0.85978,1.163412,1.338227,4.760866,5.031321,8.480901,8.466254,0.662041,0.807347,0.680913,0.856701,1.137428,1.370813,4.786959,4.884439,8.455993,8.461778
mcll65gjnnb9ef7xfxz,1,3,6,0,6,0,0,1,3,2025/7/2 15:40,3,11,6,6,0,12,49,0,1,24,2025/7/2 15:45,,,3.157124,3.44942,3.121243,3.582869,3.14534,3.239516,4.614052,5.538761,7.474496,8.671292,0.687347,0.425182,2.173537,0.603503,4.188034,1.656148,10.0681,6.178624,14.90565,10.43537
mcll65gjnnb9ef7xfxz,1,7,7,0,6,1,30,1,6,2025/7/2 15:41,4,6,6,3,3,6,50,0,1,18,2025/7/2 15:46,,,3.994203,4.327274,4.13696,4.284817,4.051801,4.152355,5.834298,6.872437,9.261891,10.65828,3.934915,4.408214,3.995004,4.400762,4.159494,4.076131,5.83309,6.937947,9.343215,10.63973
mcll65gjnnb9ef7xfxz,1,12,6,3,3,6,16,1,2,2025/7/2 15:41,5,1,7,6,0,13,53,0,1,26,2025/7/2 15:47,,,-1.96324,-0.85156,-1.8929,-1.46996,-1.82808,-1.53649,-1.99121,-2.14954,-1.91228,-1.71866,-1.92491,-1.00738,-1.93416,-1.56859,-1.84787,-1.69563,-1.84137,-1.81051,-1.86003,-2.02093
mcll65gjnnb9ef7xfxz,1,2,6,6,0,12,10,1,1,2025/7/2 15:41,6,10,6,0,6,0,0,0,1,12,2025/7/2 15:48,,,1.150345,1.370686,1.230682,1.411479,1.745247,2.002402,6.087397,6.291655,10.3861,10.48262,1.24194,1.326855,1.189196,1.406702,1.721269,2.056668,6.088907,6.3099,10.45095,10.55805
mcll65paquk3clg5sn,1,1,7,0,6,1,34,0,6,2025/7/2 15:57,1,7,6,6,0,12,44,1,1,24,2025/7/2 15:41,,,1.20537,1.315364,1.155944,1.436474,1.747452,2.01608,6.083313,6.274624,10.41053,10.32805,3.135019,3.65115,3.194897,3.515811,3.15303,3.346746,4.54108,5.492053,7.482093,8.767196
mcll65paquk3clg5sn,1,5,6,3,3,6,60,0,2,2025/7/2 15:58,2,12,6,3,3,6,29,1,1,18,2025/7/2 15:42,,,0.61393,0.847399,0.65275,0.8547,1.136986,1.380415,4.736632,4.973496,8.456747,8.436153,4.096265,4.410899,4.112275,4.444967,3.991571,4.211723,5.83006,6.932958,9.333998,10.74557
mcll65paquk3clg5sn,1,4,6,6,0,12,70,0,1,2025/7/2 15:58,3,3,7,0,6,1,8,1,1,14,2025/7/2 15:54,,,0.706914,0.370808,2.211177,0.645807,4.140658,1.567118,10.05278,6.190457,14.92351,10.50332,0.576944,0.82077,0.638751,0.874079,1.15289,1.364774,4.738575,4.922589,8.428889,8.422294
mcll65paquk3clg5sn,1,8,7,6,0,13,61,0,4,2025/7/2 15:59,4,11,7,6,0,13,94,1,1,26,2025/7/2 15:55,,,3.130315,3.819454,3.172287,3.555504,3.158484,3.356356,4.583174,5.581783,7.468451,8.806117,0.697955,0.43199,2.16447,0.698361,4.109471,1.551838,10.08171,6.116243,14.75475,10.46811
mcll65paquk3clg5sn,1,10,6,0,6,0,0,0,3,2025/7/2 15:59,5,6,6,0,6,0,0,1,1,12,2025/7/2 15:56,,,0.296568,0.016405,1.73488,0.257235,3.39922,1.032102,8.526539,4.871176,12.65297,8.559018,0.302518,-0.05804,1.711261,0.258854,3.35981,1.105568,8.541191,4.852905,12.6244,8.567101
mcll65paquk3clg5sn,1,9,7,3,3,7,68,0,5,2025/7/2 16:00,6,2,7,3,3,7,16,1,1,20,2025/7/2 15:57,,,3.999464,4.327899,4.031228,4.403611,4.086497,4.244954,5.816104,6.834067,9.323602,10.78242,1.227772,1.388865,1.220705,1.385688,1.777746,1.951765,6.065601,6.364335,10.40903,10.39486
mcll67un6dq3qzcvqy.3ll,0,6,7,3,3,7,70,1,5,2025/7/2 15:40,1,8,6,6,0,12,49,0,0,24,2025/7/2 15:45,,,4.196264,4.396867,3.944459,4.385955,4.005071,4.131585,5.826277,6.843862,9.31122,10.78202,-1.55494,-1.41745,-1.54162,-1.48511,-1.69993,-1.73747,-1.80195,-2.11317,-1.84203,-1.73049
mcll67un6dq3qzcvqy.3ll,0,7,6,3,3,6,62,1,2,2025/7/2 15:41,2,12,7,6,0,13,56,0,0,26,2025/7/2 15:47,,,1.187583,1.338899,1.186683,1.451646,1.700405,2.038248,6.043263,6.242073,10.35464,10.36533,0.68342,0.442661,2.151225,0.661592,3.993227,1.572386,10.07356,6.204132,14.87676,10.39882
mcll67un6dq3qzcvqy.3ll,0,9,7,0,6,1,19,1,6,2025/7/2 15:42,3,10,6,3,3,6,69,0,0,18,2025/7/2 15:48,,,-1.97181,-1.0248,-1.88875,-1.41393,-1.91236,-1.64778,-1.92873,-1.91831,-1.87754,-1.61503,-1.95505,-1.00669,-1.97249,-1.42562,-2.0518,-1.78461,-1.98562,-1.91395,-2.0585,-1.71006
mcll67un6dq3qzcvqy.3ll,0,11,6,6,0,12,53,1,1,2025/7/2 15:42,4,1,7,0,6,1,71,0,0,14,2025/7/2 15:49,,,0.69579,0.428461,2.102318,0.686774,4.067108,1.602073,10.09862,6.190353,14.79727,10.39084,-1.70754,-1.85729,-1.65035,-1.92367,-1.64179,-1.86357,-1.92455,-2.00484,-1.95301,-1.70744
mcll67un6dq3qzcvqy.3ll,0,2,6,0,6,0,5,1,3,2025/7/2 15:43,5,5,6,0,6,0,46,0,0,12,2025/7/2 15:49,,,0.657038,0.819369,0.662607,0.842023,1.147833,1.342229,4.799214,5.009372,8.425182,8.595212,1.202313,1.389989,1.240676,1.417952,1.727393,2.012761,6.120045,6.415064,10.35202,10.32832
mcll67un6dq3qzcvqy.3ll,0,3,7,6,0,13,64,1,4,2025/7/2 15:43,6,4,7,3,3,7,63,0,0,20,2025/7/2 15:50,,,3.257735,3.780935,3.06443,3.531134,3.129688,3.300159,4.631167,5.567923,7.467861,8.876816,4.02226,4.565759,4.007452,4.435885,3.998156,4.253196,5.843281,6.845114,9.337628,10.68464
mcll69r400de3351rn.3ll,0,7,7,6,0,13,55,1,4,2025/7/2 15:41,1,2,6,3,3,6,0,0,0,18,2025/7/2 15:46,,,-2.07332,-1.00733,-2.03648,-1.39509,-1.90981,-1.75158,-1.91715,-1.81091,-2.10002,-1.71206,1.248535,1.326359,1.21742,1.383402,1.72785,2.034982,6.049082,6.25653,10.43826,10.50578
mcll69r400de3351rn.3ll,0,4,7,3,3,7,30,1,5,2025/7/2 15:41,2,9,7,0,6,1,30,0,0,14,2025/7/2 15:47,,,1.170347,1.390515,1.187713,1.425495,1.719732,1.976634,6.061787,6.344087,10.39019,10.3729,-1.9852,-0.94745,-1.99614,-1.5611,-2.12818,-1.62536,-1.95411,-1.95685,-1.97124,-1.82986
mcll69r400de3351rn.3ll,0,1,6,0,6,0,0,1,3,2025/7/2 15:42,3,12,6,0,6,0,0,0,0,12,2025/7/2 15:48,,,0.661188,0.803017,0.682907,0.835434,1.120681,1.383701,4.770736,4.969634,8.43886,8.507698,0.638389,0.827455,0.662184,0.833172,1.177589,1.349452,4.793662,4.970391,8.458543,8.481503
mcll69r400de3351rn.3ll,0,8,7,0,6,1,10,1,6,2025/7/2 15:43,4,10,6,6,0,12,0,0,0,24,2025/7/2 15:50,,,4.075754,4.467464,4.077084,4.218077,3.937647,4.2412,5.806222,6.921838,9.235118,10.82615,0.718709,0.378133,2.164578,0.67471,4.105433,1.680793,10.05709,6.204338,14.75406,10.30724
mcll69r400de3351rn.3ll,0,5,6,3,3,6,25,1,2,2025/7/2 15:43,5,6,7,3,3,7,15,0,0,20,2025/7/2 15:52,,,-2.04085,-1.2943,-2.09347,-1.72669,-2.04427,-1.97109,-2.08361,-1.86466,-1.96031,-2.11875,-1.6959,-1.87293,-1.792,-1.86466,-1.75393,-1.9804,-1.93646,-1.9822,-1.96927,-2.42633
mcll69r400de3351rn.3ll,0,11,6,6,0,12,40,1,1,2025/7/2 15:44,6,3,7,6,0,13,40,0,0,26,2025/7/2 15:54,,,2.993939,3.620936,3.187942,3.525225,3.189646,3.391749,4.645754,5.528203,7.517212,8.770259,3.157732,3.548387,3.256854,3.483831,3.148664,3.350289,4.60322,5.556712,7.528857,8.784681
mcll69xpg7665ebw41.sss,1,7,6,0,6,0,-76,0,3,2025/7/2 15:55,1,5,7,3,3,7,53,1,1,20,2025/7/2 15:43,,,1.139388,1.439616,1.215323,1.384478,1.779727,2.008813,6.055685,6.312739,10.40596,10.52684,-1.73987,-1.06567,-1.95368,-1.64826,-1.91725,-1.76577,-1.95357,-1.92456,-2.04778,-2.23126
mcll69xpg7665ebw41.sss,1,4,7,3,3,7,65,0,5,2025/7/2 15:56,2,6,6,0,6,0,0,1,1,12,2025/7/2 15:44,,,0.601171,0.779701,0.704913,0.859433,1.116887,1.373152,4.799675,4.876993,8.402887,8.35229,3.150324,3.703522,3.186567,3.471818,3.149034,3.31528,4.499827,5.485093,7.474222,8.825008
mcll69xpg7665ebw41.sss,1,12,6,3,3,6,50,0,2,2025/7/2 15:56,3,8,6,3,3,6,50,1,1,18,2025/7/2 15:47,,,3.941947,4.332035,4.099922,4.4065,3.970407,4.253631,5.746943,6.888103,9.277851,10.73968,1.192198,1.361671,1.167976,1.410432,1.693703,2.022991,6.025053,6.490836,10.35408,10.45295
mcll69xpg7665ebw41.sss,1,9,7,6,0,13,70,0,4,2025/7/2 15:57,4,11,7,0,6,1,10,1,1,14,2025/7/2 15:49,,,-2.08392,-1.08748,-1.96338,-1.71583,-1.86411,-1.67636,-2.18418,-2.02467,-1.99755,-1.91635,0.661917,0.448763,2.132589,0.690671,4.164451,1.601381,10.18699,6.158405,14.8966,10.38745
mcll69xpg7665ebw41.sss,1,2,7,0,6,1,-15,0,6,2025/7/2 15:58,5,1,7,6,0,13,-60,1,1,26,2025/7/2 15:51,,,3.265864,3.560327,3.103121,3.551533,3.198964,3.446175,4.607338,5.514226,7.488473,8.796569,3.962411,4.397504,3.996438,4.528879,4.032297,4.110392,5.858409,6.915819,9.304427,10.73157
mcll69xpg7665ebw41.sss,1,10,6,6,0,12,50,0,1,2025/7/2 15:58,6,3,6,6,0,12,60,1,1,24,2025/7/2 15:54,,,0.709767,0.395072,2.149845,0.731892,4.064337,1.608465,10.01001,6.356657,14.95873,10.39833,-1.52966,-1.48906,-1.5549,-1.50409,-1.6885,-1.66987,-1.8055,-1.86684,-1.90253,-1.79399
mcll69xvddcgubiz4f,1,4,7,3,3,7,68,1,5,2025/7/2 15:41,1,9,6,0,6,0,0,0,1,12,2025/7/2 15:43,,,-1.97886,-1.01237,-1.97276,-1.46644,-1.93366,-1.80002,-2.073,-1.91838,-1.94116,-1.97571,4.179622,4.415352,4.11149,4.370344,3.972709,4.150707,5.879341,6.919869,9.296129,10.83882
mcll69xvddcgubiz4f,1,11,6,3,3,6,34,1,2,2025/7/2 15:41,2,8,6,6,0,12,11,0,1,24,2025/7/2 15:45,,,1.21635,1.350479,1.194056,1.398485,1.746277,2.064693,6.028233,6.305696,10.42432,10.50398,-2.19079,-1.37084,-1.98276,-1.74224,-2.21421,-1.78506,-2.07039,-2.17979,-1.89925,-2.25631
mcll69xvddcgubiz4f,1,6,7,6,0,13,53,1,4,2025/7/2 15:41,3,7,7,3,3,7,19,0,1,20,2025/7/2 15:46,,,3.173927,3.562871,3.143137,3.551307,3.155361,3.298202,4.584423,5.58133,7.481637,8.848752,-1.47195,-1.46243,-1.52321,-1.51138,-1.69502,-1.57748,-1.91921,-1.74639,-1.98687,-2.0128
mcll69xvddcgubiz4f,1,5,6,0,6,0,0,1,3,2025/7/2 15:42,4,12,7,0,6,1,21,0,1,14,2025/7/2 15:46,,,4.083584,4.467026,4.028818,4.465965,3.986322,4.169411,5.796757,6.781234,9.296664,10.76357,-1.88885,-1.00801,-1.89154,-1.53727,-1.921,-1.78094,-1.96323,-2.12008,-1.96115,-1.80381
mcll69xvddcgubiz4f,1,3,6,6,0,12,18,1,1,2025/7/2 15:42,5,1,7,6,0,13,32,0,1,26,2025/7/2 15:48,,,0.687049,0.820479,0.617988,0.845098,1.101784,1.387805,4.855903,4.902949,8.399922,8.44987,1.179227,1.375009,1.229467,1.379392,1.72918,2.027599,6.10405,6.345333,10.43658,10.37584
mcll69xvddcgubiz4f,1,2,7,0,6,1,6,1,6,2025/7/2 15:42,6,10,6,3,3,6,0,0,1,18,2025/7/2 15:49,,,0.68945,0.460368,2.112611,0.694632,4.096523,1.596642,10.02485,6.142447,14.70589,10.37259,3.03541,3.536834,3.07747,3.672581,3.194675,3.430395,4.609602,5.541919,7.505297,8.756206
mcll6afnfrq9o2x0jk.777,1,1,6,0,6,0,0,0,3,2025/7/2 15:48,1,12,7,6,0,13,55,1,1,26,2025/7/2 15:41,,,4.075752,4.440794,4.100794,4.416795,4.043443,4.176115,5.909209,6.917043,9.305822,10.74098,0.301268,0.072125,1.777762,0.331261,3.365086,1.072229,8.523524,4.912291,12.67028,8.522765
mcll6afnfrq9o2x0jk.777,1,8,7,3,3,7,80,0,5,2025/7/2 15:49,2,6,7,0,6,1,0,1,1,14,2025/7/2 15:42,,,1.188061,1.32065,1.230556,1.407917,1.751394,1.988997,6.008869,6.328196,10.41065,10.43195,-2.06973,-1.4808,-2.20202,-1.54008,-2.11144,-2.12273,-2.14276,-2.1797,-2.05828,-2.03962
mcll6afnfrq9o2x0jk.777,1,4,6,6,0,12,80,0,1,2025/7/2 15:49,3,10,6,3,3,6,0,1,1,18,2025/7/2 15:44,,,0.691079,0.404887,2.187131,0.731417,4.105137,1.568656,10.07099,6.192585,14.86349,10.31825,3.284224,3.643542,3.187904,3.501627,3.154514,3.387078,4.578579,5.573413,7.501389,8.826538
mcll6afnfrq9o2x0jk.777,1,7,7,6,0,13,90,0,4,2025/7/2 15:49,4,3,6,0,6,0,0,1,1,12,2025/7/2 15:45,,,0.302047,0.088681,1.726374,0.298196,3.338077,1.031856,8.438115,4.822686,12.6635,8.546923,3.951168,4.325758,4.02344,4.346552,4.036884,4.206915,5.843492,6.810048,9.342089,10.64071
mcll6afnfrq9o2x0jk.777,1,5,6,3,3,6,40,0,2,2025/7/2 15:50,5,9,7,3,3,7,25,1,1,20,2025/7/2 15:46,,,3.07177,3.5778,3.18981,3.520406,3.20611,3.397734,4.591498,5.533601,7.409397,8.781852,-1.70781,-1.59198,-1.71132,-1.71607,-1.73342,-1.82138,-2.07611,-2.10134,-2.0872,-1.98015
mcll6afnfrq9o2x0jk.777,1,11,7,0,6,1,10,0,6,2025/7/2 15:51,6,2,6,6,0,12,60,1,1,24,2025/7/2 15:47,,,0.663605,0.818907,0.659849,0.823626,1.107095,1.390853,4.804114,4.930404,8.42358,8.501197,0.651866,0.798756,0.711821,0.832753,1.121296,1.378055,4.773179,4.851881,8.453171,8.465943
mcll6bmok1n0njv0ab.eee,0,11,7,6,0,13,72,1,4,2025/7/2 15:40,1,9,6,0,6,0,25,0,0,12,2025/7/2 15:44,,,0.679792,0.807843,0.625972,0.835771,1.160098,1.343914,4.753285,4.945732,8.432504,8.48192,3.279788,3.554711,3.123177,3.528321,3.209958,3.291109,4.603301,5.539482,7.458559,8.884452
mcll6bmok1n0njv0ab.eee,0,8,7,3,3,7,56,1,5,2025/7/2 15:41,2,4,7,0,6,1,-10,0,0,14,2025/7/2 15:45,,,1.199823,1.305185,1.196617,1.423379,1.753742,2.005186,6.078664,6.316713,10.42505,10.50224,-2.03916,-1.4379,-2.10105,-1.58928,-1.94627,-1.8213,-2.19673,-2.30664,-1.99208,-2.22002
mcll6bmok1n0njv0ab.eee,0,12,7,0,6,1,5,1,6,2025/7/2 15:41,3,5,6,6,0,12,5,0,0,24,2025/7/2 15:46,,,4.04036,4.336743,3.994676,4.389575,4.134,4.10731,5.802251,6.871453,9.324029,10.65846,-1.51177,-1.32679,-1.59559,-1.4718,-1.65045,-1.77454,-1.90436,-1.88665,-1.94289,-2.26162
mcll6bmok1n0njv0ab.eee,0,1,6,0,6,0,95,1,3,2025/7/2 15:42,4,7,7,6,0,13,1,0,0,26,2025/7/2 15:47,,,3.152759,3.617837,3.029447,3.577035,3.157917,3.407805,4.573621,5.482599,7.427994,8.698769,-1.71373,-1.54001,-1.65585,-1.56878,-1.8792,-1.77913,-2.00732,-1.78482,-2.03839,-1.95543
mcll6bmok1n0njv0ab.eee,0,2,6,6,0,12,60,1,1,2025/7/2 15:42,5,10,7,3,3,7,-3,0,0,20,2025/7/2 15:48,,,-1.9242,-1.0529,-2.00273,-1.44284,-2.01945,-1.59041,-1.9564,-1.79729,-1.88237,-1.82911,4.041091,4.452761,3.976562,4.288877,4.037937,4.205287,5.810039,6.835863,9.321343,10.82393
mcll6bmok1n0njv0ab.eee,0,6,6,3,3,6,60,1,2,2025/7/2 15:43,6,3,6,3,3,6,20,0,0,18,2025/7/2 15:49,,,0.699129,0.392112,2.150825,0.761368,4.086962,1.603793,10.13331,6.240004,14.82038,10.46827,0.301394,0.007055,1.75425,0.28698,3.369731,1.116278,8.5334,4.922682,12.55521,8.498888
mcll6dvwzwl1v1q0ti.777,0,5,6,3,3,6,70,0,2,2025/7/2 15:45,1,2,6,6,0,12,80,1,0,24,2025/7/2 15:40,,,-2.04582,-0.96036,-1.90214,-1.49866,-1.99821,-1.78544,-2.00622,-1.85462,-1.9296,-2.02502,-1.88732,-1.01561,-1.71626,-1.30432,-1.83704,-1.80699,-1.94264,-1.81899,-2.07254,-2.03312
mcll6dvwzwl1v1q0ti.777,0,1,7,3,3,7,80,0,5,2025/7/2 15:45,2,11,7,0,6,1,-73,1,0,14,2025/7/2 15:41,,,0.621065,0.865291,0.663861,0.836831,1.160211,1.389985,4.754913,5.044644,8.426613,8.564118,1.170661,1.411341,1.183375,1.362777,1.724957,2.000239,6.055905,6.297629,10.38391,10.42994
mcll6dvwzwl1v1q0ti.777,0,3,7,6,0,13,82,0,4,2025/7/2 15:46,3,12,6,3,3,6,-42,1,0,18,2025/7/2 15:42,,,0.700411,0.35841,2.139909,0.699942,4.048228,1.679519,10.12567,6.206609,14.73432,10.50561,3.11099,3.496476,3.128079,3.471926,3.201827,3.319187,4.542093,5.523271,7.465313,8.738587
mcll6dvwzwl1v1q0ti.777,0,9,6,6,0,12,76,0,1,2025/7/2 15:46,4,7,7,3,3,7,-35,1,0,20,2025/7/2 15:43,,,3.996094,4.539641,4.048418,4.35314,4.062312,4.197535,5.772246,6.845737,9.219915,10.89028,0.638518,0.846663,0.666887,0.867652,1.12157,1.362456,4.768763,5.019699,8.396241,8.430966
mcll6dvwzwl1v1q0ti.777,0,4,6,0,6,0,0,0,3,2025/7/2 15:46,5,6,7,6,0,13,87,1,0,26,2025/7/2 15:44,,,1.23683,1.369709,1.193567,1.4059,1.70097,1.967175,6.12488,6.296046,10.35759,10.44723,3.948486,4.457407,3.93134,4.283691,4.128275,4.17654,5.795126,6.832476,9.318621,10.81509
mcll6dvwzwl1v1q0ti.777,0,8,7,0,6,1,100,0,6,2025/7/2 15:46,6,10,6,0,6,0,73,1,0,12,2025/7/2 15:45,,,3.174735,3.430176,3.066945,3.550387,3.146821,3.366797,4.612307,5.491371,7.472294,8.756325,0.673502,0.410028,2.182191,0.659232,4.14317,1.611523,9.952559,6.344935,14.84238,10.49167
mcll6gl3azf90l1dyb.wee,0,6,6,0,6,0,0,0,3,2025/7/2 15:49,1,4,6,0,6,0,0,1,0,12,2025/7/2 15:41,,,1.215911,1.414244,1.214285,1.419784,1.776873,1.992915,6.089074,6.333803,10.43518,10.47659,-2.13266,-1.39337,-2.10745,-1.4868,-2.1255,-1.95853,-2.20751,-1.95371,-2.2328,-2.28701
mcll6gl3azf90l1dyb.wee,0,7,6,3,3,6,50,0,2,2025/7/2 15:49,2,10,7,3,3,7,50,1,0,20,2025/7/2 15:43,,,0.716049,0.445992,2.208684,0.613316,4.167834,1.527808,10.19143,6.173281,14.80961,10.45469,3.102215,3.429149,3.16986,3.497234,3.128458,3.383593,4.582062,5.531956,7.489353,8.732235
mcll6gl3azf90l1dyb.wee,0,3,7,0,6,1,100,0,6,2025/7/2 15:50,3,8,6,6,0,12,10,1,0,24,2025/7/2 15:44,,,0.631312,0.802816,0.691653,0.79925,1.170821,1.433445,4.788898,4.962647,8.529672,8.477239,0.616652,0.799911,0.685964,0.84569,1.120821,1.390224,4.749981,5.013152,8.433313,8.444065
mcll6gl3azf90l1dyb.wee,0,5,7,6,0,13,50,0,4,2025/7/2 15:50,4,1,6,3,3,6,10,1,0,18,2025/7/2 15:45,,,-1.96022,-1.06012,-1.88075,-1.51941,-1.84498,-1.84608,-1.85319,-1.86462,-1.88156,-2.08468,4.114623,4.355052,4.038826,4.417075,4.007694,4.106365,5.797187,6.846969,9.244764,10.95551
mcll6gl3azf90l1dyb.wee,0,12,7,3,3,7,60,0,5,2025/7/2 15:51,5,2,7,6,0,13,15,1,0,26,2025/7/2 15:47,,,3.986383,4.382389,4.033786,4.311577,4.035619,4.215406,5.800145,6.917357,9.320756,10.74279,-1.99118,-0.94213,-1.94575,-1.3609,-1.91231,-1.80058,-1.93584,-1.78712,-1.97129,-1.85873
mcll6gl3azf90l1dyb.wee,0,9,6,6,0,12,50,0,1,2025/7/2 15:51,6,11,7,0,6,1,5,1,0,14,2025/7/2 15:48,,,3.256481,3.705732,3.118695,3.388412,3.151354,3.3688,4.581457,5.568401,7.558665,8.81481,1.207235,1.35204,1.228004,1.387362,1.71628,2.030833,6.084503,6.308365,10.44717,10.43117
mcll6i5ndu9zsn77sq.lll,0,5,7,3,3,7,90,1,5,2025/7/2 15:42,1,4,7,0,6,1,0,0,0,14,2025/7/2 15:50,,,0.321867,0.083421,1.760063,0.33312,3.476372,1.038873,8.520993,4.871432,12.62108,8.390615,0.291427,-0.03807,1.777566,0.306417,3.437752,1.134581,8.521812,4.852575,12.57279,8.431504
mcll6i5ndu9zsn77sq.lll,0,9,7,0,6,1,80,1,6,2025/7/2 15:43,2,3,6,6,0,12,50,0,0,24,2025/7/2 15:53,,,0.660057,0.426921,2.088174,0.695856,4.132963,1.624142,10.11017,6.209503,14.76752,10.37026,-1.5167,-1.49485,-1.48466,-1.51721,-1.65616,-1.65613,-1.89193,-2.02282,-1.81,-2.25167
mcll6i5ndu9zsn77sq.lll,0,10,6,3,3,6,10,1,2,2025/7/2 15:45,3,12,6,3,3,6,5,0,0,18,2025/7/2 15:55,,,4.061609,4.66226,4.046372,4.486117,4.103746,4.162337,5.853159,6.866586,9.216683,10.59707,3.296962,3.470071,3.102981,3.482761,3.208755,3.331425,4.651464,5.522151,7.438103,8.661255
mcll6i5ndu9zsn77sq.lll,0,8,6,0,6,0,0,1,3,2025/7/2 15:45,4,11,7,6,0,13,50,0,0,26,2025/7/2 15:58,,,0.649902,0.7764,0.666087,0.838514,1.141873,1.402779,4.752887,4.962629,8.422657,8.456255,-1.69061,-1.62455,-1.67874,-1.65849,-1.79695,-1.81183,-1.94714,-2.1052,-2.06527,-2.26857
mcll6i5ndu9zsn77sq.lll,0,2,7,6,0,13,80,1,4,2025/7/2 15:46,5,1,6,0,6,0,0,0,0,12,2025/7/2 16:00,,,3.220437,3.609488,3.206242,3.492058,3.171204,3.322621,4.636437,5.565357,7.49459,8.673927,0.718177,0.516214,2.17474,0.734503,4.048188,1.615136,10.12006,6.307658,14.92676,10.28301
mcll6i5ndu9zsn77sq.lll,0,7,6,6,0,12,75,1,1,2025/7/2 15:47,6,6,7,3,3,7,60,0,0,20,2025/7/2 16:03,,,1.19679,1.375155,1.210952,1.385583,1.685643,2.034831,6.115287,6.344676,10.41796,10.46563,3.960691,4.386489,3.89562,4.489431,4.082186,4.252535,5.877025,6.910173,9.295666,10.72319
mcll6io834fgdcmx9b.eee,0,1,6,0,6,0,100,0,3,2025/7/2 15:58,1,6,6,0,6,0,100,1,0,12,2025/7/2 15:47,,,4.148101,4.291812,3.877646,4.341137,4.053463,4.196904,5.853809,6.904499,9.303708,10.7371,0.590641,0.825043,0.64904,0.856464,1.145367,1.338708,4.823116,5.006749,8.427282,8.355376
mcll6io834fgdcmx9b.eee,0,2,7,0,6,1,13,0,6,2025/7/2 16:00,2,5,6,3,3,6,0,1,0,18,2025/7/2 15:49,,,-2.16479,-1.36268,-1.99318,-1.60413,-2.07883,-1.91595,-2.2889,-1.84613,-1.97558,-2.14074,-2.25191,-1.41102,-2.12992,-1.66855,-1.95046,-1.99472,-2.06701,-2.06031,-2.1544,-2.13454
mcll6io834fgdcmx9b.eee,0,4,7,6,0,13,55,0,4,2025/7/2 16:02,3,9,6,6,0,12,50,1,0,24,2025/7/2 15:51,,,0.614376,0.797023,0.682827,0.874159,1.148147,1.403946,4.789926,4.941109,8.435636,8.519988,4.042976,4.471527,3.990926,4.393993,4.070249,4.206986,5.825785,7.012573,9.308685,10.8037
mcll6io834fgdcmx9b.eee,0,3,6,3,3,6,33,0,2,2025/7/2 16:03,4,11,7,3,3,7,0,1,0,20,2025/7/2 15:53,,,3.127707,3.70093,3.078353,3.508792,3.148747,3.372889,4.680909,5.573451,7.513207,8.826217,-2.09759,-0.97204,-1.94956,-1.53029,-1.91271,-1.71678,-2.01222,-1.83361,-2.14018,-2.0295
mcll6io834fgdcmx9b.eee,0,10,6,6,0,12,50,0,1,2025/7/2 16:04,5,7,7,0,6,1,100,1,0,14,2025/7/2 15:55,,,1.173726,1.357833,1.216514,1.451548,1.755077,1.969852,6.082023,6.301506,10.43089,10.36109,3.065328,3.559736,3.209116,3.513287,3.144358,3.347957,4.566608,5.496049,7.472091,8.815976
mcll6io834fgdcmx9b.eee,0,12,7,3,3,7,40,0,5,2025/7/2 16:04,6,8,7,6,0,13,50,1,0,26,2025/7/2 15:56,,,-1.98101,-0.95189,-1.93891,-1.64886,-1.80355,-1.77962,-1.88083,-1.94906,-1.93891,-1.9631,1.224445,1.422165,1.149896,1.378379,1.752101,2.055207,6.123017,6.320274,10.39242,10.36209
mcll6mo2fmxw9hy2cr.i,1,5,7,6,0,13,85,0,4,2025/7/2 15:52,1,8,6,3,3,6,80,1,1,18,2025/7/2 15:42,,,4.200859,4.319292,4.02271,4.364202,4.081731,4.089855,5.857036,6.928421,9.266776,10.64968,3.038362,3.50719,3.144748,3.54088,3.037867,3.376138,4.555862,5.507999,7.456645,8.882162
mcll6mo2fmxw9hy2cr.i,1,10,7,0,6,1,0,0,6,2025/7/2 15:52,2,6,7,0,6,1,0,1,1,14,2025/7/2 15:46,,,-1.58811,-1.36111,-1.5225,-1.47417,-1.72459,-1.7214,-1.85567,-1.85573,-2.00051,-2.13783,4.143814,4.452771,4.053862,4.352741,4.044747,4.203882,5.844794,6.874163,9.243435,10.85755
mcll6mo2fmxw9hy2cr.i,1,9,6,3,3,6,20,0,2,2025/7/2 15:53,3,2,7,6,0,13,50,1,1,26,2025/7/2 15:47,,,-1.85297,-1.08933,-1.89452,-1.55347,-2.02619,-1.77833,-1.97985,-2.00059,-2.07424,-1.88584,-2.06473,-1.36947,-2.03028,-1.6373,-2.0921,-1.98415,-1.98419,-2.06683,-2.13211,-2.26467
mcll6mo2fmxw9hy2cr.i,1,11,6,6,0,12,50,0,1,2025/7/2 15:53,4,3,6,0,6,0,0,1,1,12,2025/7/2 15:48,,,1.215445,1.347221,1.270004,1.424495,1.712242,2.044403,6.056209,6.337808,10.39828,10.49055,0.672842,0.858416,0.734129,0.852644,1.142369,1.383109,4.737182,4.920553,8.472441,8.438411
mcll6mo2fmxw9hy2cr.i,1,7,7,3,3,7,15,0,5,2025/7/2 15:54,5,12,6,6,0,12,45,1,1,24,2025/7/2 15:49,,,-2.07091,-1.49258,-2.13206,-1.8326,-2.13316,-1.91266,-1.98118,-2.08061,-2.12706,-1.99673,1.240059,1.391984,1.20639,1.382119,1.739006,2.027178,6.092447,6.362373,10.36196,10.35765
mcll6mo2fmxw9hy2cr.i,1,4,6,0,6,0,0,0,3,2025/7/2 15:54,6,1,7,3,3,7,15,1,1,20,2025/7/2 15:50,,,3.111845,3.676103,3.120499,3.469452,3.193286,3.455693,4.590903,5.459078,7.554959,8.729494,-2.17227,-0.92196,-2.02265,-1.52799,-1.87207,-1.71539,-1.94405,-1.88866,-1.92891,-1.93561
mcll6o8fsheywxs2bg.ass,1,3,7,6,0,13,85,1,4,2025/7/2 15:40,1,6,6,6,0,12,88,0,1,24,2025/7/2 15:44,,,0.655072,0.840275,0.65567,0.84712,1.139877,1.370253,4.762283,5.07812,8.370803,8.53396,-2.13233,-1.46517,-2.14123,-1.77169,-2.08607,-2.33377,-2.15965,-2.26526,-2.16264,-1.98486
mcll6o8fsheywxs2bg.ass,1,7,6,3,3,6,0,1,2,2025/7/2 15:41,2,10,7,6,0,13,80,0,1,26,2025/7/2 15:46,,,0.70412,0.405159,2.131415,0.769301,4.063581,1.565606,10.13464,6.203927,14.81508,10.41109,-2.06683,-1.03057,-1.90547,-1.45623,-1.98133,-1.78602,-1.98816,-2.03629,-1.90449,-1.84106
mcll6o8fsheywxs2bg.ass,1,4,6,0,6,0,0,1,3,2025/7/2 15:41,3,9,7,0,6,1,0,0,1,14,2025/7/2 15:46,,,1.238597,1.359395,1.186518,1.36868,1.722231,1.995295,6.073653,6.263912,10.44454,10.51326,3.933996,4.517424,3.966258,4.392485,3.960251,4.134379,5.876289,6.942123,9.363044,10.85031
mcll6o8fsheywxs2bg.ass,1,8,7,3,3,7,50,1,5,2025/7/2 15:41,4,12,6,3,3,6,18,0,1,18,2025/7/2 15:47,,,4.08012,4.426313,4.067638,4.32832,3.976581,4.163601,5.833855,6.867249,9.305454,10.8788,0.631733,0.828332,0.66598,0.847828,1.143432,1.360213,4.725763,4.978411,8.457746,8.417408
mcll6o8fsheywxs2bg.ass,1,5,7,0,6,1,0,1,6,2025/7/2 15:42,5,11,7,3,3,7,15,0,1,20,2025/7/2 15:48,,,-2.00941,-0.95735,-2.04724,-1.4328,-2.02107,-1.73222,-1.93246,-1.90431,-2.00344,-1.69924,3.143956,3.702489,3.119375,3.55158,3.126839,3.490661,4.662499,5.490335,7.439656,8.68568
mcll6o8fsheywxs2bg.ass,1,2,6,6,0,12,86,1,1,2025/7/2 15:42,6,1,6,0,6,0,0,0,1,12,2025/7/2 15:50,,,3.200027,3.566609,3.136452,3.512735,3.101751,3.344196,4.526418,5.586221,7.485391,8.895573,1.216319,1.42209,1.18935,1.442122,1.761496,2.013411,6.076821,6.290182,10.36352,10.43707
mcll6pjb5sht5l4grc.eee,1,7,6,3,3,6,60,1,2,2025/7/2 15:41,1,5,7,0,6,1,0,0,1,14,2025/7/2 15:48,,,4.14164,4.455415,4.02887,4.540335,4.027463,4.187696,5.849755,6.85714,9.259016,10.70865,4.040967,4.382499,4.011883,4.449647,4.064178,4.217068,5.896452,6.917576,9.298036,10.75191
mcll6pjb5sht5l4grc.eee,1,10,7,0,6,1,100,1,6,2025/7/2 15:42,2,9,6,0,6,0,0,0,1,12,2025/7/2 15:48,,,0.60996,0.840346,0.679694,0.782541,1.12938,1.409012,4.78317,5.044448,8.457992,8.397734,0.316751,-0.0303,1.782035,0.270505,3.478167,0.993269,8.539585,4.877726,12.56689,8.616586
mcll6pjb5sht5l4grc.eee,1,8,7,3,3,7,65,1,5,2025/7/2 15:42,3,12,7,6,0,13,55,0,1,26,2025/7/2 15:50,,,1.150267,1.398419,1.228968,1.396225,1.713697,2.075461,6.099391,6.381679,10.39904,10.38255,0.698374,0.496371,2.121154,0.720769,4.085241,1.615196,10.13498,6.109915,14.87349,10.35962
mcll6pjb5sht5l4grc.eee,1,2,7,6,0,13,42,1,4,2025/7/2 15:43,4,4,6,3,3,6,46,0,1,18,2025/7/2 15:51,,,-1.92742,-1.03953,-1.90175,-1.47678,-1.84282,-1.63346,-1.93328,-1.81947,-1.97745,-1.7397,0.66596,0.864021,0.695337,0.882937,1.14615,1.397771,4.761339,4.90438,8.413982,8.472867
mcll6pjb5sht5l4grc.eee,1,6,6,0,6,0,0,1,3,2025/7/2 15:43,5,1,6,6,0,12,66,0,1,24,2025/7/2 15:52,,,0.691388,0.468412,2.159697,0.800968,4.132086,1.650691,10.08149,6.067194,14.80247,10.41722,3.208742,3.559535,3.256198,3.601554,3.107939,3.353827,4.614733,5.43128,7.495986,8.648483
mcll6pjb5sht5l4grc.eee,1,11,6,6,0,12,49,1,1,2025/7/2 15:45,6,3,7,3,3,7,22,0,1,20,2025/7/2 15:53,,,2.960649,3.410798,3.083342,3.528381,3.19806,3.39228,4.639666,5.488301,7.514549,8.706522,1.137393,1.378557,1.208434,1.401058,1.75318,2.0287,6.066918,6.172843,10.41963,10.43344
mcll6pqayp5g03ajyy.lll,0,3,7,6,0,13,60,0,4,2025/7/2 15:48,1,9,7,6,0,13,50,1,0,26,2025/7/2 15:42,,,-1.97442,-1.14119,-1.88739,-1.42122,-2.0831,-1.69277,-1.92658,-1.75525,-1.92341,-1.80583,0.651389,0.858655,0.680523,0.826203,1.14269,1.332371,4.810125,4.931529,8.463375,8.515077
mcll6pqayp5g03ajyy.lll,0,2,6,3,3,6,65,0,2,2025/7/2 15:48,2,1,6,0,6,0,100,1,0,12,2025/7/2 15:43,,,0.663083,0.836655,0.590465,0.843262,1.110788,1.39583,4.790334,4.993054,8.463016,8.497391,0.685496,0.392572,2.156882,0.718096,4.122056,1.624262,10.11798,6.23389,14.77593,10.48494
mcll6pqayp5g03ajyy.lll,0,6,7,3,3,7,70,0,5,2025/7/2 15:49,3,5,7,0,6,1,100,1,0,14,2025/7/2 15:44,,,3.915106,4.441479,4.064758,4.367288,4.06476,4.173363,5.928306,6.853131,9.300112,10.74229,4.085306,4.425872,3.951349,4.210221,3.971722,4.14622,5.815384,6.937585,9.26147,10.8454
mcll6pqayp5g03ajyy.lll,0,10,6,0,6,0,0,0,3,2025/7/2 15:49,4,11,6,3,3,6,70,1,0,18,2025/7/2 15:45,,,1.147954,1.396599,1.193464,1.391227,1.713365,2.014187,6.117007,6.319096,10.37923,10.51864,3.166257,3.728804,3.160842,3.607782,3.069323,3.378388,4.521073,5.47691,7.522466,8.767448
mcll6pqayp5g03ajyy.lll,0,4,7,0,6,1,100,0,6,2025/7/2 15:49,5,12,6,6,0,12,50,1,0,24,2025/7/2 15:46,,,0.675456,0.526981,2.099114,0.656441,4.15174,1.63877,10.08663,6.193532,14.82219,10.4309,1.191973,1.299173,1.209989,1.398744,1.7274,2.045573,6.077492,6.346481,10.38418,10.50517
mcll6pqayp5g03ajyy.lll,0,8,6,6,0,12,50,0,1,2025/7/2 15:49,6,7,7,3,3,7,70,1,0,20,2025/7/2 15:47,,,3.230906,3.596978,3.230102,3.6369,3.176134,3.26288,4.634679,5.509162,7.464045,8.799725,-1.95006,-1.02705,-2.05779,-1.44606,-2.05147,-1.57205,-1.88869,-1.8468,-1.98659,-1.95528
mcll6x95i4b8ac15l6.eee,1,5,6,3,3,6,43,0,2,2025/7/2 15:46,1,3,7,3,3,7,49,1,1,20,2025/7/2 15:41,,,0.699801,0.866726,0.670188,0.873441,1.109955,1.375601,4.79066,5.007114,8.431229,8.451549,3.971413,4.495527,4.040171,4.442152,4.127441,4.249059,5.835472,6.863533,9.239497,10.77423
mcll6x95i4b8ac15l6.eee,1,4,7,0,6,1,38,0,6,2025/7/2 15:46,2,10,7,6,0,13,45,1,1,26,2025/7/2 15:42,,,4.007614,4.277616,3.996698,4.424164,4.003188,4.111922,5.841005,6.875513,9.318764,10.71202,0.310811,0.059252,1.778747,0.273294,3.395194,1.021814,8.577495,4.898676,12.61111,8.482962
mcll6x95i4b8ac15l6.eee,1,8,6,0,6,0,36,0,3,2025/7/2 15:46,3,11,6,6,0,12,42,1,1,24,2025/7/2 15:43,,,3.188359,3.561637,3.12287,3.589129,3.104827,3.295636,4.551577,5.576811,7.462889,8.650761,0.66942,0.810755,0.694795,0.892923,1.107604,1.390661,4.777508,4.881127,8.454522,8.435991
mcll6x95i4b8ac15l6.eee,1,9,6,6,0,12,40,0,1,2025/7/2 15:46,4,7,6,3,3,6,53,1,1,18,2025/7/2 15:44,,,1.190414,1.344157,1.206589,1.36584,1.769773,2.007935,6.080678,6.341708,10.39619,10.49587,1.174399,1.440626,1.230733,1.437179,1.742279,2.045437,6.090371,6.245848,10.39349,10.48067
mcll6x95i4b8ac15l6.eee,1,12,7,3,3,7,43,0,5,2025/7/2 15:47,5,1,7,0,6,1,62,1,1,14,2025/7/2 15:45,,,0.708867,0.379473,2.143895,0.591988,4.086373,1.634926,10.06852,6.125197,14.74817,10.36296,3.231849,3.667038,3.133058,3.495877,3.156047,3.329131,4.582451,5.506944,7.530286,8.790094
mcll6x95i4b8ac15l6.eee,1,6,7,6,0,13,41,0,4,2025/7/2 15:47,6,2,6,0,6,0,50,1,1,12,2025/7/2 15:45,,,0.302821,0.052459,1.742663,0.240914,3.454195,1.105853,8.552017,4.924285,12.52879,8.523263,0.697178,0.442175,2.13198,0.680998,4.095901,1.659201,10.04152,6.195923,14.83156,10.43756
mcll74eoaxj4gdji59.777,0,11,6,0,6,0,0,1,3,2025/7/2 15:43,1,4,6,3,3,6,60,0,0,18,2025/7/2 15:51,,,3.21739,3.674167,3.231821,3.543577,3.145573,3.340656,4.557048,5.509762,7.475345,8.793187,0.693586,0.446954,2.177084,0.55634,4.14121,1.629132,9.997694,6.153035,14.91631,10.43448
mcll74eoaxj4gdji59.777,0,10,6,3,3,6,40,1,2,2025/7/2 15:45,2,5,7,0,6,1,80,0,0,14,2025/7/2 15:52,,,1.235719,1.363975,1.210978,1.405482,1.73109,2.045544,6.063374,6.348575,10.43317,10.29331,1.202816,1.351946,1.238696,1.43468,1.74376,2.055288,6.056843,6.203587,10.3591,10.51227
mcll74eoaxj4gdji59.777,0,3,7,6,0,13,70,1,4,2025/7/2 15:46,3,9,7,6,0,13,60,0,0,26,2025/7/2 15:54,,,4.114657,4.350483,4.111696,4.405456,4.032757,4.227897,5.852403,6.771035,9.306037,10.66425,4.044907,4.444807,3.982627,4.464533,4.054219,4.215925,5.856674,6.899529,9.296383,10.92742
mcll74eoaxj4gdji59.777,0,12,7,3,3,7,40,1,5,2025/7/2 15:46,4,8,6,6,0,12,35,0,0,24,2025/7/2 15:56,,,0.684981,0.431193,2.149124,0.618359,4.052707,1.605426,10.13581,6.222257,14.7856,10.47302,0.317858,0.062424,1.74573,0.225601,3.306259,1.080447,8.558553,4.755745,12.50263,8.447344
mcll74eoaxj4gdji59.777,0,6,7,0,6,1,80,1,6,2025/7/2 15:47,5,2,7,3,3,7,30,0,0,20,2025/7/2 15:58,,,0.664256,0.814968,0.663039,0.869543,1.152764,1.382734,4.733001,5.020428,8.39306,8.479901,3.118314,3.645041,3.072069,3.557945,3.188076,3.280827,4.673509,5.526119,7.445137,8.748316
mcll74eoaxj4gdji59.777,0,7,6,6,0,12,50,1,1,2025/7/2 15:48,6,1,6,0,6,0,0,0,0,12,2025/7/2 15:59,,,-1.93218,-0.89262,-1.87213,-1.45071,-1.92459,-1.67975,-1.97289,-1.95121,-1.88052,-1.75869,0.655147,0.857995,0.676534,0.871218,1.136032,1.3629,4.753226,4.962165,8.435632,8.564262
mcll74m49tz5dbzdvw.i,0,3,6,3,3,6,60,0,2,2025/7/2 15:48,1,1,7,6,0,13,90,1,0,26,2025/7/2 15:41,,,3.23066,3.710094,3.233018,3.501,3.166396,3.292494,4.564428,5.456426,7.462472,8.734534,-2.04157,-1.38858,-2.16894,-1.42273,-2.07866,-1.96276,-2.04295,-1.94961,-2.11337,-2.41749
mcll74m49tz5dbzdvw.i,0,6,7,6,0,13,70,0,4,2025/7/2 15:48,2,2,6,0,6,0,99,1,0,12,2025/7/2 15:43,,,-1.97341,-0.98556,-1.90288,-1.21569,-1.97082,-1.49531,-2.06311,-1.96375,-1.92926,-1.97552,0.661553,0.836252,0.709817,0.846633,1.119629,1.392274,4.719402,4.973833,8.458779,8.40012
mcll74m49tz5dbzdvw.i,0,8,6,6,0,12,75,0,1,2025/7/2 15:48,3,11,6,3,3,6,99,1,0,18,2025/7/2 15:44,,,0.710555,0.401344,2.155382,0.679241,4.135769,1.605001,10.12256,6.18414,14.95011,10.41844,-1.91906,-0.96668,-2.00734,-1.47061,-1.91131,-1.58468,-2.02944,-2.04099,-1.90227,-1.95524
mcll74m49tz5dbzdvw.i,0,12,7,3,3,7,80,0,5,2025/7/2 15:49,4,10,7,3,3,7,80,1,0,20,2025/7/2 15:45,,,0.642052,0.8098,0.697215,0.844053,1.111101,1.36188,4.740984,5.00762,8.418377,8.552634,3.182997,3.554257,3.211165,3.580772,3.173073,3.294829,4.565608,5.572268,7.50042,8.74354
mcll74m49tz5dbzdvw.i,0,9,7,0,6,1,99,0,6,2025/7/2 15:49,5,5,6,6,0,12,99,1,0,24,2025/7/2 15:46,,,1.192621,1.368268,1.196127,1.398601,1.736395,1.993122,6.112108,6.298237,10.40218,10.41614,4.006883,4.147969,4.119499,4.203404,3.899502,4.229567,5.828779,6.914294,9.256254,10.64799
mcll74m49tz5dbzdvw.i,0,4,6,0,6,0,10,0,3,2025/7/2 15:49,6,7,7,0,6,1,99,1,0,14,2025/7/2 15:47,,,4.043865,4.322836,4.020065,4.392237,4.066633,4.159345,5.842362,7.010293,9.202604,10.75043,1.155258,1.299578,1.157793,1.417587,1.736633,2.01225,6.075333,6.363573,10.36311,10.47314
mcll75x1khrd37rv6o.3ll,0,8,6,6,0,12,65,0,1,2025/7/2 15:49,1,11,7,0,6,1,25,1,0,14,2025/7/2 15:42,,,1.226472,1.361219,1.199927,1.410794,1.754117,2.003592,6.074495,6.401624,10.42977,10.5398,4.078245,4.507343,3.945601,4.345755,4.057133,4.238597,5.900976,6.937667,9.320227,10.79522
mcll75x1khrd37rv6o.3ll,0,12,7,3,3,7,40,0,5,2025/7/2 15:49,2,10,7,3,3,7,85,1,0,20,2025/7/2 15:43,,,3.205222,3.616091,3.189668,3.512992,3.155296,3.220481,4.611785,5.520019,7.394736,8.728918,-2.01712,-1.07931,-1.8167,-1.60831,-1.90348,-1.57879,-1.9932,-1.87811,-2.03007,-2.29544
mcll75x1khrd37rv6o.3ll,0,9,7,6,0,13,80,0,4,2025/7/2 15:49,3,4,7,6,0,13,60,1,0,26,2025/7/2 15:44,,,0.655563,0.849594,0.642301,0.848511,1.124868,1.40133,4.774179,4.923392,8.426802,8.47733,0.62579,0.846187,0.664496,0.816287,1.104671,1.405723,4.850458,5.005125,8.412852,8.561967
mcll75x1khrd37rv6o.3ll,0,2,7,0,6,1,15,0,6,2025/7/2 15:50,4,6,6,0,6,0,5,1,0,12,2025/7/2 15:46,,,4.042024,4.425427,3.928251,4.401652,4.048466,4.235857,5.872591,6.73918,9.394427,10.7273,1.145406,1.323801,1.179973,1.409107,1.711084,1.998202,6.103982,6.337876,10.45244,10.46751
mcll75x1khrd37rv6o.3ll,0,5,6,3,3,6,45,0,2,2025/7/2 15:50,5,3,6,6,0,12,40,1,0,24,2025/7/2 15:47,,,-1.99872,-1.00325,-1.99476,-1.46532,-2.04832,-1.78291,-1.98548,-1.67454,-1.96922,-1.83595,0.667585,0.444607,2.163986,0.653898,4.049791,1.550261,10.05429,6.117835,14.77889,10.40004
mcll75x1khrd37rv6o.3ll,0,1,6,0,6,0,0,0,3,2025/7/2 15:51,6,7,6,3,3,6,55,1,0,18,2025/7/2 15:48,,,0.687925,0.332239,2.150908,0.688996,4.075333,1.654299,10.09188,6.221311,14.75713,10.50689,3.051873,3.569809,3.135206,3.532737,3.14573,3.375963,4.582244,5.597263,7.510909,8.824338
mcll76hmkawor99cez.i,1,12,6,6,0,12,50,1,1,2025/7/2 15:41,1,9,7,0,6,1,0,0,1,14,2025/7/2 15:48,,,-1.80919,-1.06475,-1.97653,-1.50116,-2.04271,-1.71149,-1.89811,-2.02997,-1.86371,-1.95459,0.677382,0.476736,2.115821,0.650089,4.044954,1.604686,10.06431,6.066653,14.83257,10.36902
mcll76hmkawor99cez.i,1,6,6,0,6,0,0,1,3,2025/7/2 15:42,2,8,6,3,3,6,40,0,1,18,2025/7/2 15:50,,,1.149038,1.362115,1.241602,1.395155,1.737437,2.049693,6.108456,6.267639,10.45437,10.28638,-1.87291,-1.09543,-2.02353,-1.33714,-1.96533,-1.73551,-1.8301,-2.22121,-1.88455,-2.01263
mcll76hmkawor99cez.i,1,1,7,0,6,1,100,1,6,2025/7/2 15:43,3,2,6,0,6,0,0,0,1,12,2025/7/2 15:51,,,0.68216,0.513211,2.11274,0.697614,4.123215,1.665282,9.972819,6.212012,14.8831,10.33733,4.053823,4.284238,4.008122,4.25874,4.059013,4.218378,5.81229,6.923047,9.23219,10.68103
mcll76hmkawor99cez.i,1,11,6,3,3,6,50,1,2,2025/7/2 15:44,4,7,6,6,0,12,60,0,1,24,2025/7/2 15:53,,,3.025828,3.571036,3.224378,3.540521,3.160184,3.315804,4.56771,5.540939,7.468142,8.790804,0.6459,0.863942,0.667033,0.834866,1.184117,1.368313,4.754567,4.910368,8.447655,8.43414
mcll76hmkawor99cez.i,1,3,7,3,3,7,60,1,5,2025/7/2 15:45,5,5,7,6,0,13,70,0,1,26,2025/7/2 15:55,,,4.007551,4.543772,4.171354,4.333813,4.076666,4.171375,5.847322,6.841906,9.312052,10.72378,-1.70941,-1.72438,-1.77103,-1.68035,-1.88497,-1.80843,-2.01409,-1.91114,-1.97933,-2.30358
mcll76hmkawor99cez.i,1,4,7,6,0,13,70,1,4,2025/7/2 15:46,6,10,7,3,3,7,40,0,1,20,2025/7/2 15:57,,,0.655075,0.790464,0.652098,0.837818,1.109767,1.389009,4.796022,5.010464,8.395535,8.419285,3.09531,3.593019,3.178232,3.48937,3.148917,3.317838,4.622877,5.543041,7.530406,8.900949
mcll7awiiqdirr6496.p77,1,3,7,3,3,7,70,0,5,2025/7/2 15:56,1,2,7,6,0,13,62,1,1,26,2025/7/2 15:44,,,1.170331,1.328085,1.225198,1.383991,1.725101,1.970264,6.114846,6.289926,10.37676,10.46008,-1.51548,-1.41432,-1.57401,-1.52425,-1.64635,-1.70054,-1.81526,-1.93351,-1.97964,-1.94152
mcll7awiiqdirr6496.p77,1,12,6,6,0,12,60,0,1,2025/7/2 15:57,2,1,6,0,6,0,0,1,1,12,2025/7/2 15:46,,,0.6458,0.839414,0.661713,0.863569,1.118651,1.350411,4.767279,4.978339,8.42576,8.522103,4.067861,4.353204,3.898362,4.316197,3.956796,4.175517,5.877215,6.908218,9.291886,10.66308
mcll7awiiqdirr6496.p77,1,7,6,3,3,6,60,0,2,2025/7/2 15:57,3,6,6,3,3,6,20,1,1,18,2025/7/2 15:48,,,-1.96328,-0.95474,-2.05057,-1.57302,-1.90944,-1.7613,-2.07655,-1.71498,-1.85743,-1.98083,-2.05582,-1.41627,-2.12041,-1.65433,-2.17737,-1.88535,-2.15875,-1.88324,-1.97531,-1.97636
mcll7awiiqdirr6496.p77,1,5,7,6,0,13,60,0,4,2025/7/2 15:57,4,8,7,3,3,7,70,1,1,20,2025/7/2 15:50,,,3.222502,3.480213,3.102505,3.505525,3.214568,3.385525,4.555954,5.493147,7.426454,8.836329,3.100738,3.501303,3.190981,3.442227,3.123478,3.395043,4.561,5.456795,7.512964,8.677876
mcll7awiiqdirr6496.p77,1,4,6,0,6,0,0,0,3,2025/7/2 15:58,5,11,7,0,6,1,10,1,1,14,2025/7/2 15:54,,,4.052607,4.429017,4.100829,4.462992,4.062609,4.196967,5.866241,6.853702,9.240391,10.80928,-2.0403,-1.06295,-1.96472,-1.52086,-1.90009,-1.61028,-1.93462,-1.87737,-1.8929,-1.80867
mcll7awiiqdirr6496.p77,1,9,7,0,6,1,10,0,6,2025/7/2 15:58,6,10,6,6,0,12,50,1,1,24,2025/7/2 15:56,,,0.659139,0.458976,2.142514,0.749192,4.069854,1.593619,10.19717,6.151504,14.77613,10.52572,-1.64848,-1.70982,-1.61841,-1.59084,-1.80278,-1.95638,-2.10125,-2.00923,-1.93478,-2.00346
mcll7c21qd9v2guhtr,1,3,6,0,6,0,0,1,3,2025/7/2 15:41,1,9,7,0,6,1,21,0,1,14,2025/7/2 15:44,,,0.687233,0.45607,2.152005,0.689829,4.116777,1.671517,10.04261,6.298647,14.77025,10.52992,-1.86727,-1.01242,-1.95514,-1.46391,-1.83702,-1.71043,-1.98147,-1.99086,-2.05403,-1.91912
mcll7c21qd9v2guhtr,1,4,7,3,3,7,74,1,5,2025/7/2 15:42,2,1,6,0,6,0,0,0,1,12,2025/7/2 15:45,,,3.076796,3.588503,3.046776,3.564147,3.153513,3.380435,4.530029,5.582155,7.52434,8.748961,4.15195,4.598646,4.039016,4.351486,4.023534,4.210057,5.814541,6.865766,9.298137,10.72459
mcll7c21qd9v2guhtr,1,7,7,0,6,1,10,1,6,2025/7/2 15:42,3,8,7,6,0,13,60,0,1,26,2025/7/2 15:47,,,1.22474,1.362588,1.262948,1.44564,1.788411,2.054883,6.087129,6.283874,10.42296,10.4418,0.70728,0.380818,2.151104,0.68467,4.030223,1.621724,10.09483,6.166429,14.79778,10.34095
mcll7c21qd9v2guhtr,1,5,6,6,0,12,85,1,1,2025/7/2 15:43,4,11,6,3,3,6,16,0,1,18,2025/7/2 15:48,,,-2.06213,-0.96889,-2.13399,-1.38595,-1.92846,-1.64792,-1.86223,-2.09788,-1.88571,-2.0419,3.145298,3.655366,3.11563,3.588613,3.109801,3.268278,4.52181,5.541408,7.528739,8.823758
mcll7c21qd9v2guhtr,1,10,7,6,0,13,66,1,4,2025/7/2 15:43,5,6,7,3,3,7,0,0,1,20,2025/7/2 15:49,,,4.05974,4.297114,4.148661,4.371308,4.100363,4.093011,5.878398,6.895766,9.235179,10.73089,0.639499,0.787807,0.664302,0.832813,1.070637,1.396539,4.739346,4.906958,8.472247,8.465747
mcll7c21qd9v2guhtr,1,12,6,3,3,6,45,1,2,2025/7/2 15:43,6,2,6,6,0,12,50,0,1,24,2025/7/2 15:50,,,0.639546,0.807922,0.662528,0.822369,1.114434,1.379734,4.817239,4.961249,8.399503,8.511461,1.200117,1.370539,1.148928,1.416919,1.698531,2.03239,6.083728,6.386723,10.43632,10.48197
mcll7ctpzp56tf8wu2,1,8,7,3,3,7,70,0,5,2025/7/2 15:50,1,7,6,3,3,6,0,1,1,18,2025/7/2 15:41,,,3.06664,3.536916,3.219455,3.508512,3.100508,3.347545,4.588528,5.479206,7.510102,8.724848,1.176222,1.387151,1.124493,1.418678,1.724013,1.983171,6.124133,6.28526,10.35946,10.48738
mcll7ctpzp56tf8wu2,1,6,6,3,3,6,50,0,2,2025/7/2 15:50,2,11,7,6,0,13,41,1,1,26,2025/7/2 15:44,,,-2.03499,-0.9471,-1.93461,-1.46819,-1.9601,-1.6345,-1.99391,-1.89953,-1.87418,-1.98116,3.166414,3.629035,3.081638,3.593515,3.182262,3.270917,4.601501,5.549357,7.490659,8.785121
mcll7ctpzp56tf8wu2,1,12,6,0,6,0,0,0,3,2025/7/2 15:51,3,5,7,0,6,1,0,1,1,14,2025/7/2 15:45,,,0.69106,0.354007,2.116769,0.649091,4.080493,1.615841,10.10302,6.232278,14.64276,10.43538,0.62855,0.85835,0.649783,0.845437,1.101112,1.401008,4.753715,4.959985,8.443907,8.431424
mcll7ctpzp56tf8wu2,1,3,6,6,0,12,100,0,1,2025/7/2 15:51,4,10,6,6,0,12,87,1,1,24,2025/7/2 15:46,,,4.044783,4.367567,4.011844,4.322647,4.017587,4.20565,5.867577,6.919603,9.345576,10.69202,0.684151,0.424843,2.128635,0.678078,4.005863,1.601716,10.12484,6.096374,14.80649,10.54953
mcll7ctpzp56tf8wu2,1,2,7,6,0,13,80,0,4,2025/7/2 15:51,5,4,6,0,6,0,0,1,1,12,2025/7/2 15:49,,,0.621241,0.815303,0.64692,0.825349,1.155968,1.330573,4.777559,4.900649,8.479126,8.416587,4.055445,4.316662,4.02175,4.326977,4.072663,4.069342,5.860499,6.951579,9.311732,10.82397
mcll7ctpzp56tf8wu2,1,9,7,0,6,1,10,0,6,2025/7/2 15:51,6,1,7,3,3,7,-31,1,1,20,2025/7/2 15:50,,,1.112718,1.413999,1.247088,1.415121,1.731364,1.978158,6.055894,6.326327,10.39751,10.44929,-2.04356,-1.0295,-1.98787,-1.51401,-2.01121,-1.63945,-1.92985,-1.61833,-1.85554,-2.07867
mcll7edcq3bpx0q09y,1,6,7,0,6,1,95,1,6,2025/7/2 15:44,1,11,6,0,6,0,0,0,1,12,2025/7/2 15:59,,,3.1837,3.567456,3.206038,3.620725,3.127277,3.312225,4.576457,5.579487,7.512726,8.86078,0.688701,0.505919,2.177673,0.664613,4.146176,1.584564,10.06789,6.041485,14.85548,10.46153
mcll7edcq3bpx0q09y,1,3,6,6,0,12,50,1,1,2025/7/2 15:45,2,4,7,6,0,13,45,0,1,26,2025/7/2 16:02,,,0.637629,0.854081,0.675821,0.884216,1.163736,1.375995,4.800208,4.919367,8.453321,8.431841,0.604057,0.838777,0.694821,0.799985,1.138805,1.359969,4.812279,4.875042,8.40202,8.512896
mcll7edcq3bpx0q09y,1,8,7,3,3,7,65,1,5,2025/7/2 15:48,3,7,7,0,6,1,95,0,1,14,2025/7/2 16:06,,,0.687638,0.469235,2.161128,0.755062,4.099484,1.557705,10.09522,6.352354,14.71838,10.20483,-2.00494,-1.0086,-2.0286,-1.41068,-2.03233,-1.59778,-2.03523,-1.87565,-1.86885,-2.04201
mcll7edcq3bpx0q09y,1,9,6,0,6,0,0,1,3,2025/7/2 15:49,4,12,6,6,0,12,50,0,1,24,2025/7/2 16:10,,,1.17765,1.358119,1.221598,1.431816,1.722022,2.0248,6.069152,6.342461,10.34633,10.46329,3.984895,4.388212,4.000362,4.347813,4.062505,4.288085,5.866834,6.826078,9.31913,10.6456
mcll7edcq3bpx0q09y,1,10,7,6,0,13,54,1,4,2025/7/2 15:52,5,5,6,3,3,6,60,0,1,18,2025/7/2 16:13,,,-2.07224,-1.06494,-2.02446,-1.59453,-2.02154,-1.67878,-1.90959,-1.93467,-1.97033,-1.97491,3.129831,3.57153,3.153951,3.563887,3.165317,3.342444,4.554623,5.53535,7.541031,8.978943
mcll7edcq3bpx0q09y,1,1,6,3,3,6,50,1,2,2025/7/2 15:55,6,2,7,3,3,7,69,0,1,20,2025/7/2 16:17,,,4.064369,4.333215,4.037171,4.284572,4.059562,4.170799,5.88644,6.855796,9.294275,10.75377,1.202338,1.363765,1.204681,1.382601,1.739383,2.087128,6.05737,6.159824,10.35423,10.47127
mcll7fvxc800uiqgo8.eee,1,1,6,6,0,12,50,1,1,2025/7/2 15:41,1,3,7,3,3,7,60,0,1,20,2025/7/2 15:47,,,1.195609,1.382406,1.235662,1.414277,1.700814,1.980098,6.117378,6.333357,10.46236,10.51326,1.195115,1.384506,1.192397,1.440772,1.714886,2.003844,6.077608,6.341528,10.44834,10.47589
mcll7fvxc800uiqgo8.eee,1,4,6,0,6,0,0,1,3,2025/7/2 15:42,2,10,6,6,0,12,70,0,1,24,2025/7/2 15:49,,,0.316202,0.030188,1.728508,0.295324,3.452906,1.049317,8.583882,4.761521,12.5719,8.444486,-2.18752,-1.48914,-2.08572,-1.64995,-1.95204,-1.99961,-1.98062,-2.22133,-2.09529,-1.84978
mcll7fvxc800uiqgo8.eee,1,12,7,0,6,1,10,1,6,2025/7/2 15:43,3,11,6,3,3,6,80,0,1,18,2025/7/2 15:50,,,0.701644,0.439866,2.161851,0.605232,4.146327,1.595833,10.12486,6.149504,14.8746,10.39732,3.073904,3.676831,3.125676,3.504108,3.109398,3.372305,4.609397,5.575836,7.52318,8.833965
mcll7fvxc800uiqgo8.eee,1,5,7,6,0,13,60,1,4,2025/7/2 15:44,4,8,7,0,6,1,10,0,1,14,2025/7/2 15:51,,,0.632359,0.836791,0.665597,0.872334,1.126016,1.353579,4.768903,4.96695,8.413397,8.465208,3.980332,4.464479,4.138294,4.279931,4.026886,4.231072,5.874952,6.891126,9.312736,10.73454
mcll7fvxc800uiqgo8.eee,1,2,6,3,3,6,50,1,2,2025/7/2 15:45,5,9,7,6,0,13,80,0,1,26,2025/7/2 15:53,,,4.144648,4.380125,4.017879,4.211026,4.021349,4.138277,5.84573,6.901655,9.288178,10.66559,0.667159,0.829291,0.65678,0.852662,1.147608,1.358355,4.791602,4.93892,8.439769,8.456356
mcll7fvxc800uiqgo8.eee,1,7,7,3,3,7,60,1,5,2025/7/2 15:46,6,6,6,0,6,0,0,0,1,12,2025/7/2 15:54,,,3.114805,3.723278,3.153321,3.605922,3.229944,3.264078,4.60497,5.534633,7.474958,8.71746,-1.82929,-1.00629,-1.86881,-1.35646,-2.08065,-1.67223,-1.86941,-2.06176,-2.04542,-1.80508
mcll7g1wnjo34rftxf,0,7,6,6,0,12,43,0,1,2025/7/2 15:50,1,10,7,0,6,1,12,1,0,14,2025/7/2 15:42,,,1.163853,1.33118,1.221712,1.367384,1.760576,2.089871,6.078343,6.304678,10.47884,10.43513,4.006427,4.604953,4.048404,4.338191,4.001315,4.079061,5.760867,6.817018,9.292144,10.77924
mcll7g1wnjo34rftxf,0,4,6,3,3,6,48,0,2,2025/7/2 15:50,2,12,6,3,3,6,9,1,0,18,2025/7/2 15:43,,,3.996965,4.410509,3.980038,4.416849,4.013803,4.12392,5.834167,6.849117,9.304557,10.69056,0.6809,0.827678,0.676829,0.909773,1.16906,1.321917,4.819521,4.993852,8.34466,8.515986
mcll7g1wnjo34rftxf,0,3,7,0,6,1,9,0,6,2025/7/2 15:51,3,2,6,0,6,0,0,1,0,12,2025/7/2 15:45,,,0.29188,0.059724,1.732502,0.285905,3.360252,1.04581,8.55132,4.881427,12.65315,8.520503,-2.07217,-0.96745,-1.91712,-1.60205,-2.00397,-1.67253,-1.94702,-1.98581,-1.98509,-2.20607
mcll7g1wnjo34rftxf,0,6,7,3,3,7,54,0,5,2025/7/2 15:51,4,1,7,6,0,13,35,1,0,26,2025/7/2 15:46,,,0.696672,0.384397,2.160678,0.747148,4.001061,1.629039,10.07252,6.113074,14.86524,10.52622,1.201546,1.397332,1.242747,1.408168,1.776325,2.024767,6.075447,6.302016,10.45543,10.47323
mcll7g1wnjo34rftxf,0,9,6,0,6,0,0,0,3,2025/7/2 15:52,5,5,6,6,0,12,36,1,0,24,2025/7/2 15:48,,,3.289343,3.427641,3.177723,3.538951,3.112382,3.343964,4.52314,5.589797,7.4431,8.851465,3.227469,3.624395,3.293667,3.478575,3.170624,3.367753,4.575617,5.518218,7.470294,8.81703
mcll7g1wnjo34rftxf,0,8,7,6,0,13,57,0,4,2025/7/2 15:52,6,11,7,3,3,7,25,1,0,20,2025/7/2 15:49,,,0.661937,0.842568,0.649128,0.804506,1.167231,1.31764,4.765776,4.970881,8.426826,8.576136,0.690093,0.399281,2.111674,0.626845,4.017727,1.611745,10.05033,6.085855,14.83725,10.49032
mcll7huybpfp4y5wgj,0,11,7,3,3,7,70,1,5,2025/7/2 15:42,1,10,7,3,3,7,60,0,0,20,2025/7/2 15:47,,,0.700788,0.375233,2.105988,0.65165,4.151126,1.57299,10.03335,6.234188,14.83326,10.48218,0.298717,-0.09537,1.724513,0.347457,3.403913,1.007346,8.47559,4.816841,12.59226,8.459012
mcll7huybpfp4y5wgj,0,4,6,0,6,0,30,1,3,2025/7/2 15:42,2,12,7,0,6,1,0,0,0,14,2025/7/2 15:49,,,3.158469,3.543836,3.06701,3.441273,3.150491,3.390775,4.620787,5.605274,7.433346,8.766443,3.912336,4.637181,4.081763,4.39609,4.109044,4.117034,5.780547,6.866416,9.364089,10.8121
mcll7huybpfp4y5wgj,0,2,7,0,6,1,20,1,6,2025/7/2 15:43,3,9,6,6,0,12,40,0,0,24,2025/7/2 15:50,,,1.211908,1.402188,1.186897,1.42494,1.676232,2.002467,6.057603,6.301292,10.41594,10.34389,0.687345,0.88202,0.666194,0.833041,1.146654,1.38045,4.788005,4.940869,8.449166,8.439706
mcll7huybpfp4y5wgj,0,7,6,3,3,6,50,1,2,2025/7/2 15:44,4,1,7,6,0,13,50,0,0,26,2025/7/2 15:52,,,0.660961,0.791651,0.689464,0.834995,1.121732,1.346431,4.785388,4.943901,8.45501,8.448076,0.717449,0.45075,2.180846,0.618222,4.037146,1.598208,10.10853,6.214723,14.74061,10.45947
mcll7huybpfp4y5wgj,0,8,7,6,0,13,70,1,4,2025/7/2 15:45,5,5,6,3,3,6,50,0,0,18,2025/7/2 15:53,,,4.037362,4.449025,4.046852,4.289603,4.030785,4.20345,5.857755,6.853458,9.381567,10.77692,1.169563,1.413856,1.198807,1.404004,1.716853,1.996053,6.084576,6.411181,10.42134,10.4478
mcll7huybpfp4y5wgj,0,6,6,6,0,12,70,1,1,2025/7/2 15:45,6,3,6,0,6,0,0,0,0,12,2025/7/2 15:54,,,-1.85059,-1.13484,-1.90688,-1.62532,-1.91663,-1.73881,-1.86392,-1.95927,-1.91986,-1.63254,3.164188,3.603996,3.122097,3.474484,3.166726,3.323442,4.631402,5.543269,7.474259,8.781356
mcll7k4xxus6re6pgl.sss,0,4,7,3,3,7,80,0,5,2025/7/2 15:50,1,3,7,6,0,13,65,1,0,26,2025/7/2 15:42,,,-1.92232,-1.05588,-1.94671,-1.35469,-1.98887,-1.56146,-1.95634,-2.02412,-1.88837,-2.10112,3.996509,4.436329,4.064536,4.296969,4.082028,4.157917,5.822652,6.900127,9.313476,10.78966
mcll7k4xxus6re6pgl.sss,0,8,7,6,0,13,75,0,4,2025/7/2 15:50,2,1,6,3,3,6,70,1,0,18,2025/7/2 15:43,,,0.610199,0.807238,0.700326,0.85595,1.191685,1.352843,4.722224,4.925701,8.4501,8.408827,3.255289,3.778843,3.293609,3.482536,3.13398,3.333745,4.565545,5.516971,7.499748,8.799514
mcll7k4xxus6re6pgl.sss,0,9,6,0,6,0,100,0,3,2025/7/2 15:51,3,7,6,0,6,0,0,1,0,12,2025/7/2 15:45,,,1.205998,1.38086,1.22379,1.388887,1.740405,2.081988,6.061711,6.401524,10.37563,10.45754,-1.9849,-1.00052,-2.03946,-1.44917,-1.98272,-1.61689,-1.98688,-2.11863,-1.96501,-2.03183
mcll7k4xxus6re6pgl.sss,0,2,7,0,6,1,100,0,6,2025/7/2 15:52,4,11,7,3,3,7,78,1,0,20,2025/7/2 15:46,,,4.025738,4.65707,4.076643,4.34372,4.172772,4.222388,5.818804,6.946188,9.301319,10.77914,1.193552,1.375702,1.182271,1.336106,1.725497,2.0274,6.016627,6.377273,10.35036,10.41009
mcll7k4xxus6re6pgl.sss,0,6,6,6,0,12,50,0,1,2025/7/2 15:52,5,5,6,6,0,12,55,1,0,24,2025/7/2 15:47,,,3.182588,3.380803,3.16259,3.410711,3.131394,3.378182,4.567904,5.607862,7.468526,8.808047,-2.07571,-1.29549,-2.04674,-1.56307,-2.07195,-1.98751,-2.23379,-1.6619,-2.02802,-1.91764
mcll7k4xxus6re6pgl.sss,0,10,6,3,3,6,65,0,2,2025/7/2 15:53,6,12,7,0,6,1,10,1,0,14,2025/7/2 15:48,,,0.673816,0.535062,2.129668,0.632897,4.007562,1.6967,10.11461,6.267313,14.81416,10.38416,0.645634,0.847654,0.674977,0.830481,1.115327,1.367122,4.769837,4.964997,8.422114,8.44013
mcll7l8t73kp42x45p,0,9,7,0,6,1,10,0,6,2025/7/2 15:50,1,6,6,0,6,0,10,1,0,12,2025/7/2 15:42,,,3.184059,3.57666,3.136166,3.492018,3.086734,3.441406,4.638247,5.572469,7.539748,8.744713,-2.23124,-1.38989,-2.15853,-1.6389,-2.07936,-1.75375,-2.08168,-2.02914,-2.07346,-2.05451
mcll7l8t73kp42x45p,0,4,6,6,0,12,60,0,1,2025/7/2 15:51,2,8,7,6,0,13,25,1,0,26,2025/7/2 15:44,,,1.157343,1.332045,1.235955,1.34424,1.721286,1.987207,6.050268,6.365286,10.43244,10.47976,3.152489,3.634443,3.136261,3.519126,3.084147,3.39268,4.577802,5.511341,7.417198,8.843909
mcll7l8t73kp42x45p,0,1,7,3,3,7,40,0,5,2025/7/2 15:51,3,5,6,3,3,6,30,1,0,18,2025/7/2 15:45,,,0.702584,0.430893,2.122112,0.687824,4.102381,1.622762,9.995643,6.127725,14.77707,10.40456,1.142935,1.387931,1.274844,1.396312,1.71849,2.028133,6.103408,6.298281,10.44752,10.41972
mcll7l8t73kp42x45p,0,11,6,3,3,6,30,0,2,2025/7/2 15:51,4,3,7,0,6,1,40,1,0,14,2025/7/2 15:46,,,4.097629,4.510584,3.974154,4.382039,3.998895,4.184074,5.817511,6.903955,9.328695,10.78755,-1.87983,-0.95064,-1.84818,-1.51953,-1.84542,-1.67548,-2.04084,-1.88956,-1.88849,-1.99175
mcll7l8t73kp42x45p,0,7,7,6,0,13,45,0,4,2025/7/2 15:52,5,2,7,3,3,7,30,1,0,20,2025/7/2 15:48,,,-1.94979,-0.84841,-1.9258,-1.479,-2.03945,-1.67865,-1.84501,-1.74634,-1.93598,-1.64709,4.05779,4.536473,4.043396,4.360668,4.045627,4.151437,5.910806,6.925484,9.258951,10.80993
mcll7l8t73kp42x45p,0,10,6,0,6,0,0,0,3,2025/7/2 15:53,6,12,6,6,0,12,25,1,0,24,2025/7/2 15:49,,,0.661896,0.807369,0.689539,0.852193,1.149313,1.429227,4.809572,4.961982,8.420895,8.546689,0.612831,0.838422,0.659096,0.875904,1.158345,1.346884,4.782678,5.072949,8.453076,8.449074
mcll7my7at5u4pncux,1,3,6,0,6,0,0,0,3,2025/7/2 15:49,1,1,7,6,0,13,60,1,1,26,2025/7/2 15:43,,,3.097252,3.539253,3.159538,3.425778,3.145614,3.23981,4.672065,5.511218,7.524713,8.868582,-1.86753,-0.86787,-2.07196,-1.37053,-1.89744,-1.59674,-1.93405,-1.9107,-2.02321,-2.00056
mcll7my7at5u4pncux,1,4,6,3,3,6,40,0,2,2025/7/2 15:50,2,9,6,6,0,12,40,1,1,24,2025/7/2 15:44,,,1.278315,1.361914,1.187158,1.34702,1.725998,2.019477,6.07104,6.178379,10.40515,10.52083,3.101334,3.608311,3.062672,3.515633,3.147277,3.345473,4.601718,5.575642,7.408167,8.759545
mcll7my7at5u4pncux,1,12,7,3,3,7,70,0,5,2025/7/2 15:51,3,8,6,0,6,0,0,1,1,12,2025/7/2 15:45,,,0.722988,0.453409,2.105484,0.68206,4.071786,1.651717,10.05903,6.094584,14.72693,10.30401,4.026077,4.430076,4.119895,4.486232,3.9145,4.152729,5.844208,6.902294,9.230794,10.77505
mcll7my7at5u4pncux,1,6,7,6,0,13,60,0,4,2025/7/2 15:51,4,5,7,3,3,7,15,1,1,20,2025/7/2 15:47,,,0.651076,0.83031,0.670073,0.830643,1.103618,1.316476,4.800872,5.025488,8.471884,8.477522,1.163896,1.362824,1.204138,1.379773,1.694727,2.028435,6.074251,6.318284,10.44839,10.47382
mcll7my7at5u4pncux,1,10,6,6,0,12,50,0,1,2025/7/2 15:52,5,11,7,0,6,1,0,1,1,14,2025/7/2 15:48,,,4.146268,4.559649,4.077823,4.385087,4.090128,4.184961,5.815832,6.814763,9.329163,10.716,0.638974,0.86621,0.653701,0.841137,1.161923,1.380994,4.736681,4.970473,8.412851,8.628419
mcll7my7at5u4pncux,1,7,7,0,6,1,18,0,6,2025/7/2 15:52,6,2,6,3,3,6,10,1,1,18,2025/7/2 15:49,,,-1.97952,-0.99121,-1.94756,-1.47825,-2.03079,-1.66243,-2.05101,-1.89861,-1.91732,-1.95974,0.673439,0.441366,2.210334,0.683338,4.086638,1.601055,10.03872,6.183656,14.78379,10.4039
mcll7o7izxwcup5a2m,0,6,6,6,0,12,61,1,1,2025/7/2 15:41,1,4,7,0,6,1,-5,0,0,14,2025/7/2 15:47,,,3.071565,3.713877,3.171259,3.551553,3.163221,3.417017,4.60313,5.477307,7.423821,8.735777,3.099446,3.550973,3.142222,3.570023,3.093801,3.352675,4.602217,5.571937,7.519965,8.833293
mcll7o7izxwcup5a2m,0,5,7,3,3,7,30,1,5,2025/7/2 15:42,2,12,6,6,0,12,20,0,0,24,2025/7/2 15:49,,,4.136727,4.332534,4.017079,4.390485,4.099273,4.230357,5.811746,6.83886,9.288896,10.8648,-1.86741,-0.9324,-1.95883,-1.46845,-2.00341,-1.84299,-1.97303,-1.98636,-1.96946,-1.98794
mcll7o7izxwcup5a2m,0,10,7,0,6,1,11,1,6,2025/7/2 15:43,3,7,7,3,3,7,12,0,0,20,2025/7/2 15:50,,,1.197588,1.436385,1.236398,1.399779,1.745818,1.995107,6.037111,6.283431,10.47332,10.52685,1.189409,1.345418,1.220002,1.407995,1.721072,2.036361,6.048899,6.36061,10.40574,10.57366
mcll7o7izxwcup5a2m,0,2,7,6,0,13,64,1,4,2025/7/2 15:44,4,3,6,0,6,0,0,0,0,12,2025/7/2 15:51,,,0.659761,0.775141,0.667395,0.846103,1.141606,1.387947,4.798773,4.98406,8.490383,8.496374,-1.503,-1.48149,-1.53136,-1.43013,-1.63256,-1.66511,-1.88298,-1.90307,-1.9766,-2.03017
mcll7o7izxwcup5a2m,0,11,6,0,6,0,0,1,3,2025/7/2 15:45,5,8,7,6,0,13,30,0,0,26,2025/7/2 15:52,,,-1.89859,-1.09753,-1.98927,-1.53199,-2.0357,-1.6405,-2.05935,-1.9111,-1.92211,-1.7929,-2.08643,-1.37498,-1.94318,-1.72131,-2.20639,-2.03292,-2.06262,-1.91863,-2.11988,-2.02159
mcll7o7izxwcup5a2m,0,1,6,3,3,6,22,1,2,2025/7/2 15:45,6,9,6,3,3,6,22,0,0,18,2025/7/2 15:53,,,0.693363,0.344148,2.134063,0.631894,4.116779,1.672312,10.08314,6.32167,14.91845,10.54151,4.024214,4.473679,3.992468,4.32859,4.187576,4.179454,5.812267,6.71311,9.27819,10.80616
mcll7roqioitd7jxqt.p77,1,4,6,6,0,12,61,1,1,2025/7/2 15:41,1,12,6,0,6,0,0,0,1,12,2025/7/2 15:47,,,3.102576,3.515412,3.093195,3.398599,3.114274,3.412064,4.618141,5.520083,7.478326,8.776806,1.243609,1.33036,1.190457,1.374533,1.731615,2.036518,6.101723,6.302223,10.42512,10.40652
mcll7roqioitd7jxqt.p77,1,3,7,3,3,7,40,1,5,2025/7/2 15:42,2,10,6,6,0,12,60,0,1,24,2025/7/2 15:48,,,0.64465,0.837378,0.672469,0.854162,1.076989,1.393081,4.745992,5.0429,8.461313,8.461843,0.634159,0.853897,0.706083,0.872231,1.120269,1.412668,4.753339,4.945347,8.434674,8.459851
mcll7roqioitd7jxqt.p77,1,2,7,0,6,1,5,1,6,2025/7/2 15:43,3,1,7,6,0,13,65,0,1,26,2025/7/2 15:50,,,1.165465,1.369859,1.230125,1.358307,1.747786,2.051234,6.118513,6.348317,10.43038,10.45757,3.127201,3.628932,3.16738,3.600522,3.132737,3.354164,4.54235,5.523578,7.505907,8.809881
mcll7roqioitd7jxqt.p77,1,8,6,3,3,6,45,1,2,2025/7/2 15:44,4,6,7,3,3,7,80,0,1,20,2025/7/2 15:52,,,3.940332,4.516423,4.034441,4.372203,4.087067,4.136257,5.811802,6.902055,9.289964,10.87711,3.967487,4.440424,4.026617,4.401889,4.011416,4.167871,5.847953,6.862224,9.329436,10.78478
mcll7roqioitd7jxqt.p77,1,9,7,6,0,13,75,1,4,2025/7/2 15:44,5,11,6,3,3,6,25,0,1,18,2025/7/2 15:53,,,0.687575,0.478507,2.184725,0.753276,4.093975,1.665547,10.14886,6.205528,14.79952,10.42332,-1.78346,-0.96016,-1.93967,-1.5025,-1.99035,-1.58634,-1.94832,-1.9208,-1.87309,-2.16993
mcll7roqioitd7jxqt.p77,1,7,6,0,6,0,0,1,3,2025/7/2 15:45,6,5,7,0,6,1,5,0,1,14,2025/7/2 15:54,,,-1.94859,-0.95036,-1.91988,-1.37606,-2.07741,-1.57654,-1.91076,-1.82734,-1.81323,-1.77828,0.683485,0.368119,2.164359,0.596491,4.009129,1.665444,10.09165,6.263499,14.90777,10.43558
mcll7ssqm0fpuv40rq.eee,1,8,6,6,0,12,50,0,1,2025/7/2 15:47,1,9,6,6,0,12,60,1,1,24,2025/7/2 15:42,,,1.149907,1.393132,1.215605,1.41798,1.788855,2.035314,6.09094,6.345698,10.39785,10.41426,4.078941,4.511374,3.979688,4.342707,4.099464,4.242042,5.805659,6.922881,9.210987,10.7571
mcll7ssqm0fpuv40rq.eee,1,2,7,6,0,13,55,0,4,2025/7/2 15:48,2,1,6,0,6,0,0,1,1,12,2025/7/2 15:43,,,4.109899,4.43656,3.973832,4.33012,4.056481,4.20833,5.81787,6.956209,9.260194,10.72584,3.12004,3.572879,3.201569,3.551231,3.134027,3.357859,4.626414,5.539918,7.430136,8.805819
mcll7ssqm0fpuv40rq.eee,1,7,7,3,3,7,40,0,5,2025/7/2 15:49,3,10,7,3,3,7,20,1,1,20,2025/7/2 15:44,,,0.687147,0.358098,2.147258,0.650535,4.079336,1.601625,10.0708,6.175288,14.72929,10.32965,1.225876,1.311689,1.196305,1.386797,1.770222,2.08894,6.050271,6.204602,10.41118,10.46776
mcll7ssqm0fpuv40rq.eee,1,5,6,3,3,6,20,0,2,2025/7/2 15:49,4,12,6,3,3,6,0,1,1,18,2025/7/2 15:45,,,3.032944,3.611149,3.17179,3.451009,3.200273,3.379597,4.549937,5.528771,7.539108,8.783772,-1.99648,-1.10371,-1.95727,-1.37323,-1.92541,-1.54005,-1.84901,-1.94452,-1.89188,-1.83054
mcll7ssqm0fpuv40rq.eee,1,3,6,0,6,0,0,0,3,2025/7/2 15:49,5,11,7,0,6,1,0,1,1,14,2025/7/2 15:46,,,0.640896,0.813804,0.664691,0.871104,1.128911,1.388007,4.748628,4.960539,8.396411,8.372986,0.64955,0.820101,0.62818,0.88205,1.131939,1.35749,4.795789,5.060562,8.43237,8.615174
mcll7ssqm0fpuv40rq.eee,1,4,7,0,6,1,10,0,6,2025/7/2 15:50,6,6,7,6,0,13,40,1,1,26,2025/7/2 15:47,,,-2.00213,-0.94668,-2.13787,-1.42887,-1.99849,-1.64123,-2.03357,-1.86769,-2.05595,-2.21082,0.682879,0.422327,2.135184,0.681958,4.117837,1.691968,10.15083,6.27206,14.88972,10.33162
mcll7tv1j8mkkl5684,1,4,6,6,0,12,80,1,1,2025/7/2 15:42,1,8,7,3,3,7,51,0,1,20,2025/7/2 15:45,,,0.635957,0.808164,0.66732,0.813655,1.135809,1.377565,4.804684,4.901147,8.415516,8.519932,-2.09799,-1.36912,-2.06537,-1.53323,-2.15789,-1.69948,-2.17194,-2.15235,-2.13615,-2.12134
mcll7tv1j8mkkl5684,1,10,6,3,3,6,80,1,2,2025/7/2 15:42,2,2,6,3,3,6,40,0,1,18,2025/7/2 15:46,,,0.726972,0.405993,2.133909,0.699116,4.067584,1.580943,10.1152,6.215975,14.9338,10.39601,3.167988,3.531286,3.207795,3.616525,3.115557,3.394861,4.597834,5.50607,7.45266,8.604537
mcll7tv1j8mkkl5684,1,1,7,3,3,7,85,1,5,2025/7/2 15:43,3,9,6,6,0,12,56,0,1,24,2025/7/2 15:47,,,-1.92116,-1.13649,-2.01192,-1.40231,-1.99602,-1.51212,-1.96723,-1.93664,-2.08728,-2.02369,-1.98745,-0.99188,-1.91302,-1.41555,-1.93662,-1.67211,-1.93128,-1.67689,-1.78583,-2.03661
mcll7tv1j8mkkl5684,1,12,7,6,0,13,80,1,4,2025/7/2 15:43,4,6,7,6,0,13,40,0,1,26,2025/7/2 15:48,,,4.104202,4.460688,4.018137,4.287228,4.038069,4.082635,5.815855,6.802514,9.316162,10.84732,1.193857,1.398357,1.156716,1.397598,1.744404,1.998316,6.037814,6.312318,10.41772,10.47419
mcll7tv1j8mkkl5684,1,5,7,0,6,1,20,1,6,2025/7/2 15:43,5,7,6,0,6,0,0,0,1,12,2025/7/2 15:49,,,-1.5866,-1.67487,-1.57699,-1.76263,-1.59783,-1.76889,-1.79169,-2.03161,-1.92791,-1.91922,0.650126,0.82602,0.652807,0.864486,1.153782,1.395274,4.752768,4.908548,8.463362,8.467357
mcll7tv1j8mkkl5684,1,3,6,0,6,0,0,1,3,2025/7/2 15:43,6,11,7,0,6,1,31,0,1,14,2025/7/2 15:50,,,1.186621,1.373575,1.234349,1.432196,1.770075,2.044529,6.058243,6.358737,10.36917,10.57822,4.004889,4.543271,4.043039,4.284366,4.010926,4.223682,5.849318,6.870178,9.308924,10.81589
mcll7ucumfq161wvm0.sss,0,9,7,3,3,7,50,0,5,2025/7/2 15:51,1,5,7,6,0,13,60,1,0,26,2025/7/2 15:44,,,1.192806,1.447144,1.230785,1.402111,1.71844,2.052768,6.090806,6.389095,10.40533,10.46061,-2.00616,-1.03136,-1.98896,-1.37455,-2.01737,-1.52956,-1.99066,-1.92058,-2.05011,-1.99365
mcll7ucumfq161wvm0.sss,0,6,7,6,0,13,56,0,4,2025/7/2 15:52,2,4,6,6,0,12,45,1,0,24,2025/7/2 15:45,,,-1.96081,-0.92633,-1.94831,-1.55807,-1.91903,-1.52886,-1.88264,-1.90033,-1.96521,-2.05278,3.123532,3.576539,3.271913,3.553865,3.171013,3.410254,4.607129,5.488429,7.51724,8.775292
mcll7ucumfq161wvm0.sss,0,2,7,0,6,1,13,0,6,2025/7/2 15:53,3,1,7,3,3,7,50,1,0,20,2025/7/2 15:47,,,4.032248,4.360842,3.941536,4.270432,4.085383,4.192587,5.752708,6.820912,9.393695,10.74418,0.632504,0.767293,0.670791,0.86098,1.161466,1.423605,4.795449,4.941355,8.414721,8.494042
mcll7ucumfq161wvm0.sss,0,10,6,6,0,12,50,0,1,2025/7/2 15:53,4,8,6,0,6,0,0,1,0,12,2025/7/2 15:48,,,3.143615,3.574091,3.051625,3.59098,3.150552,3.308804,4.580995,5.519976,7.434203,8.823703,0.678293,0.440842,2.175542,0.645174,3.997342,1.67037,10.13166,6.25916,14.73711,10.47794
mcll7ucumfq161wvm0.sss,0,3,6,3,3,6,35,0,2,2025/7/2 15:54,5,7,6,3,3,6,35,1,0,18,2025/7/2 15:49,,,0.640692,0.355774,2.136526,0.708437,4.044727,1.592178,10.05536,6.237496,14.85109,10.30921,3.862921,4.354837,4.085485,4.310603,4.120274,4.164322,5.798235,6.862011,9.271742,10.73526
mcll7ucumfq161wvm0.sss,0,11,6,0,6,0,0,0,3,2025/7/2 15:54,6,12,7,0,6,1,10,1,0,14,2025/7/2 15:50,,,0.652392,0.832952,0.661385,0.815901,1.124915,1.36549,4.824563,5.029881,8.462218,8.554035,1.188002,1.398079,1.219958,1.443644,1.712988,2.007166,6.103556,6.388158,10.44207,10.4566
mcll7xcpe3xxlwp8ze.i,0,7,6,3,3,6,20,1,2,2025/7/2 15:42,1,5,7,0,6,1,0,0,0,14,2025/7/2 15:51,,,0.700973,0.408779,2.153158,0.6563,4.131094,1.628624,10.10238,6.186833,14.92977,10.431,1.157516,1.405138,1.216396,1.397911,1.730296,2.010577,6.066002,6.366369,10.44934,10.49513
mcll7xcpe3xxlwp8ze.i,0,6,7,0,6,1,80,1,6,2025/7/2 15:43,2,11,6,6,0,12,20,0,0,24,2025/7/2 15:53,,,0.63512,0.785461,0.654253,0.88169,1.102639,1.42966,4.74614,4.909697,8.424537,8.464712,3.177751,3.70168,3.265418,3.516925,3.155943,3.380114,4.5777,5.459415,7.497051,8.806825
mcll7xcpe3xxlwp8ze.i,0,8,6,0,6,0,0,1,3,2025/7/2 15:44,3,9,6,0,6,0,0,0,0,12,2025/7/2 15:55,,,1.153461,1.394522,1.240512,1.41246,1.699757,2.049314,6.064671,6.264012,10.39301,10.3129,4.193008,4.538308,4.145771,4.400141,4.035214,4.262776,5.780105,6.737875,9.282526,10.81161
mcll7xcpe3xxlwp8ze.i,0,12,7,6,0,13,50,1,4,2025/7/2 15:46,4,10,7,3,3,7,30,0,0,20,2025/7/2 15:56,,,4.138029,4.214631,4.067991,4.421109,4.085794,4.217227,5.875896,6.947084,9.308768,10.84943,-1.89577,-0.98352,-1.86505,-1.52722,-1.86317,-1.55125,-1.87866,-2.11484,-1.84234,-1.85997
mcll7xcpe3xxlwp8ze.i,0,1,6,6,0,12,-50,1,1,2025/7/2 15:46,5,4,6,3,3,6,25,0,0,18,2025/7/2 15:58,,,3.18605,3.553956,3.189005,3.605876,3.175829,3.396933,4.595608,5.489218,7.46131,8.689944,0.668354,0.828951,0.695826,0.828969,1.094824,1.413069,4.803771,4.870667,8.46847,8.361468
mcll7xcpe3xxlwp8ze.i,0,3,7,3,3,7,50,1,5,2025/7/2 15:48,6,2,7,6,0,13,25,0,0,26,2025/7/2 16:00,,,-2.01334,-0.90463,-1.92501,-1.38085,-1.96066,-1.64553,-1.95983,-2.15879,-2.06299,-2.13812,0.690924,0.446407,2.148462,0.702172,4.095483,1.65413,10.04959,6.12514,14.91284,10.4117
mcll7z4qczwymqcdkx.i,1,5,7,3,3,7,60,0,5,2025/7/2 15:54,1,10,6,0,6,0,0,1,1,12,2025/7/2 15:44,,,3.117441,3.621531,3.16525,3.316296,3.213049,3.381091,4.564394,5.609987,7.430115,8.810756,0.673812,0.340385,2.149597,0.778417,4.159953,1.633283,10.17534,6.124696,14.76659,10.34452
mcll7z4qczwymqcdkx.i,1,1,6,0,6,0,0,0,3,2025/7/2 15:54,2,7,6,6,0,12,60,1,1,24,2025/7/2 15:46,,,1.16151,1.393914,1.236934,1.40832,1.726527,1.942404,6.117466,6.237841,10.39202,10.50135,-1.82909,-0.93073,-2.0019,-1.50064,-2.04016,-1.75363,-1.8319,-1.89556,-1.89893,-1.90659
mcll7z4qczwymqcdkx.i,1,4,7,6,0,13,70,0,4,2025/7/2 15:55,3,11,6,3,3,6,50,1,1,18,2025/7/2 15:48,,,4.177385,4.328419,3.94322,4.424186,4.083487,4.192711,5.872284,6.73644,9.300953,10.72439,0.665995,0.790363,0.64231,0.816715,1.119695,1.349573,4.789123,4.945419,8.445123,8.574908
mcll7z4qczwymqcdkx.i,1,3,6,6,0,12,50,0,1,2025/7/2 15:56,4,6,7,0,6,1,15,1,1,14,2025/7/2 15:49,,,0.71378,0.415943,2.135246,0.694558,4.065457,1.696912,10.08169,6.127049,14.77259,10.46401,3.13751,3.555199,3.079367,3.480991,3.118133,3.354023,4.623026,5.56269,7.480109,8.84468
mcll7z4qczwymqcdkx.i,1,2,7,0,6,1,20,0,6,2025/7/2 15:56,5,12,7,6,0,13,80,1,1,26,2025/7/2 15:51,,,0.661213,0.812834,0.695521,0.868094,1.152834,1.396232,4.782144,4.940393,8.448841,8.463475,1.153052,1.316855,1.239475,1.412709,1.736463,2.010764,6.115928,6.423336,10.38263,10.40258
mcll7z4qczwymqcdkx.i,1,8,6,3,3,6,60,0,2,2025/7/2 15:57,6,9,7,3,3,7,70,1,1,20,2025/7/2 15:53,,,-1.91967,-0.92453,-1.85259,-1.54256,-1.93119,-1.65376,-2.00995,-2.19019,-1.88387,-1.99991,4.0116,4.269701,4.070312,4.363009,4.024556,4.191266,5.848751,6.99987,9.267607,10.64539
mcll84yq3c7p4tyfc3.sss,1,6,7,0,6,1,100,1,6,2025/7/2 15:41,1,12,7,3,3,7,30,0,1,20,2025/7/2 15:49,,,3.06152,3.678507,3.031616,3.588046,3.106091,3.357392,4.560962,5.505979,7.534299,8.686515,3.253483,3.606596,3.227578,3.486179,3.105204,3.441101,4.579508,5.571902,7.446525,8.777471
mcll84yq3c7p4tyfc3.sss,1,11,6,3,3,6,60,1,2,2025/7/2 15:43,2,2,6,6,0,12,100,0,1,24,2025/7/2 15:51,,,0.686091,0.400045,2.111607,0.606762,4.017129,1.588343,10.09137,6.222583,14.79958,10.36698,0.69253,0.490711,2.133079,0.742706,4.024478,1.621782,10.06889,6.161484,14.82648,10.26746
mcll84yq3c7p4tyfc3.sss,1,4,7,3,3,7,70,1,5,2025/7/2 15:44,3,5,7,6,0,13,100,0,1,26,2025/7/2 15:52,,,-1.95627,-1.0462,-2.06383,-1.42393,-2.03928,-1.67112,-1.8718,-1.97989,-1.92683,-1.84373,0.652687,0.830847,0.692871,0.862544,1.120138,1.325135,4.812035,4.950473,8.455741,8.425388
mcll84yq3c7p4tyfc3.sss,1,1,7,6,0,13,54,1,4,2025/7/2 15:45,4,7,6,0,6,0,0,0,1,12,2025/7/2 15:53,,,1.162611,1.385153,1.23885,1.377823,1.722274,1.983755,6.066586,6.356744,10.36861,10.42731,-1.90821,-1.01007,-1.96878,-1.38171,-1.95139,-1.76162,-1.90206,-2.06039,-1.93796,-2.09279
mcll84yq3c7p4tyfc3.sss,1,9,6,6,0,12,50,1,1,2025/7/2 15:46,5,8,6,3,3,6,50,0,1,18,2025/7/2 15:55,,,0.613216,0.783282,0.674205,0.84434,1.171863,1.355162,4.758159,5.017152,8.391583,8.503399,1.163272,1.322352,1.22972,1.372295,1.775072,1.984954,6.106061,6.274537,10.38748,10.49518
mcll84yq3c7p4tyfc3.sss,1,3,6,0,6,0,0,1,3,2025/7/2 15:46,6,10,7,0,6,1,15,0,1,14,2025/7/2 15:56,,,4.014723,4.606789,4.043913,4.382313,4.06927,4.240324,5.856432,6.868009,9.268602,10.78507,4.075767,4.371705,4.043087,4.365029,4.070832,4.167151,5.881065,6.894744,9.218338,10.73628
mcll866ye6pylz01bw.ass,0,2,6,6,0,12,40,0,1,2025/7/2 15:54,1,4,7,0,6,1,20,1,0,14,2025/7/2 15:44,,,4.002122,4.388005,4.156802,4.36138,4.050028,4.171266,5.871345,6.953461,9.390276,10.69739,0.639828,0.833227,0.652032,0.831372,1.155727,1.336765,4.85747,4.966353,8.470103,8.333655
mcll866ye6pylz01bw.ass,0,9,7,3,3,7,60,0,5,2025/7/2 15:54,2,1,6,0,6,0,0,1,0,12,2025/7/2 15:46,,,-1.85051,-0.96281,-1.89368,-1.40519,-1.97844,-1.69143,-2.00794,-1.67969,-1.84802,-1.78134,-1.99429,-0.9851,-2.01386,-1.52693,-1.97981,-1.78459,-1.90212,-1.81759,-1.96587,-1.93666
mcll866ye6pylz01bw.ass,0,6,7,6,0,13,50,0,4,2025/7/2 15:55,3,7,6,3,3,6,10,1,0,18,2025/7/2 15:48,,,0.704062,0.377618,2.192988,0.676109,3.989768,1.636533,10.03133,6.226606,14.84462,10.53151,1.23332,1.341733,1.209821,1.405277,1.729987,1.996523,6.078049,6.300875,10.34595,10.49363
mcll866ye6pylz01bw.ass,0,3,7,0,6,1,30,0,6,2025/7/2 15:56,4,11,6,6,0,12,40,1,0,24,2025/7/2 15:49,,,1.206832,1.406076,1.20479,1.381751,1.730051,2.00418,6.121409,6.27349,10.36495,10.46366,3.094466,3.531337,3.103755,3.646263,3.188709,3.334731,4.581074,5.577087,7.483425,8.722984
mcll866ye6pylz01bw.ass,0,8,6,3,3,6,80,0,2,2025/7/2 15:57,5,12,7,3,3,7,20,1,0,20,2025/7/2 15:51,,,0.638104,0.822291,0.66863,0.859282,1.14511,1.461157,4.804493,5.020985,8.456334,8.431753,4.093734,4.519477,4.054483,4.387766,4.027473,4.144347,5.738777,6.891009,9.285164,10.79538
mcll866ye6pylz01bw.ass,0,10,6,0,6,0,0,0,3,2025/7/2 15:58,6,5,7,6,0,13,30,1,0,26,2025/7/2 15:53,,,3.197777,3.502365,3.164965,3.506111,3.061089,3.379545,4.548583,5.532421,7.451329,8.837687,0.689211,0.460552,2.120422,0.709793,4.070833,1.759981,10.10506,6.137688,14.772,10.36762
mcll86pp7xanndb8wj.i,1,6,6,6,0,12,50,1,1,2025/7/2 15:43,1,4,6,6,0,12,50,0,1,24,2025/7/2 15:51,,,-1.88357,-1.01965,-1.8578,-1.57084,-1.87209,-1.76339,-1.89352,-1.79078,-1.86788,-1.95305,0.706807,0.453078,2.159334,0.603925,4.097669,1.531067,10.10435,6.13019,14.82774,10.43695
mcll86pp7xanndb8wj.i,1,1,7,0,6,1,10,1,6,2025/7/2 15:44,2,2,7,0,6,1,95,0,1,14,2025/7/2 15:54,,,0.621681,0.825447,0.687871,0.843066,1.164766,1.417517,4.789147,4.92115,8.414574,8.532919,0.638212,0.792972,0.683198,0.861969,1.129789,1.341515,4.759081,4.997783,8.441224,8.509583
mcll86pp7xanndb8wj.i,1,3,6,0,6,0,0,1,3,2025/7/2 15:44,3,7,6,3,3,6,60,0,1,18,2025/7/2 15:56,,,3.980335,4.272674,4.183094,4.166716,4.022723,4.218026,5.860139,6.875795,9.28782,10.82449,-2.04669,-0.94911,-2.0518,-1.34792,-1.96937,-1.66599,-1.76831,-1.93743,-1.89432,-2.0485
mcll86pp7xanndb8wj.i,1,11,7,3,3,7,70,1,5,2025/7/2 15:46,4,12,6,0,6,0,0,0,1,12,2025/7/2 15:57,,,3.115329,3.480001,3.110596,3.526701,3.237449,3.350463,4.609453,5.451447,7.488483,8.798386,-1.78826,-2.04634,-1.7574,-1.99715,-1.78044,-1.82332,-1.92523,-2.05877,-2.01802,-2.06399
mcll86pp7xanndb8wj.i,1,10,6,3,3,6,65,1,2,2025/7/2 15:46,5,5,7,3,3,7,30,0,1,20,2025/7/2 16:00,,,-2.04188,-1.55326,-1.92397,-1.63667,-2.04818,-1.85683,-2.11126,-2.00141,-2.07488,-2.03613,1.187377,1.396504,1.193286,1.390215,1.756347,1.982644,6.018507,6.3122,10.44393,10.48348
mcll86pp7xanndb8wj.i,1,8,7,6,0,13,50,1,4,2025/7/2 15:47,6,9,7,6,0,13,35,0,1,26,2025/7/2 16:03,,,-1.68545,-1.46688,-1.69785,-1.69217,-1.74252,-1.76616,-2.04207,-1.83552,-1.99808,-2.19546,3.374679,3.585404,3.136658,3.477728,3.194426,3.396635,4.601934,5.644671,7.433473,8.792373
mcll88l4qcxkx40mm3k.ee,0,5,7,6,0,13,55,0,4,2025/7/2 15:54,1,8,6,3,3,6,80,1,0,18,2025/7/2 15:45,,,0.680244,0.405548,2.132891,0.656799,4.040323,1.66203,10.09592,6.119733,14.86328,10.42203,-1.95086,-1.07033,-1.94585,-1.521,-1.8578,-1.7241,-1.99097,-2.02512,-1.94002,-1.95363
mcll88l4qcxkx40mm3k.ee,0,7,6,0,6,0,0,0,3,2025/7/2 15:54,2,6,6,0,6,0,0,1,0,12,2025/7/2 15:47,,,1.209811,1.412323,1.220991,1.421766,1.738226,2.011667,6.079959,6.325171,10.35649,10.3429,0.644516,0.779606,0.678791,0.845416,1.164351,1.361224,4.759021,5.113768,8.405061,8.496542
mcll88l4qcxkx40mm3k.ee,0,1,7,0,6,1,10,0,6,2025/7/2 15:55,3,11,7,3,3,7,33,1,0,20,2025/7/2 15:49,,,4.07717,4.489149,4.02289,4.432729,4.121892,4.178317,5.850552,6.938606,9.33601,10.70053,0.700488,0.43352,2.104405,0.675168,4.091613,1.696863,10.15153,6.161225,14.84521,10.41396
mcll88l4qcxkx40mm3k.ee,0,12,7,3,3,7,55,0,5,2025/7/2 15:56,4,4,6,6,0,12,67,1,0,24,2025/7/2 15:50,,,0.598568,0.86843,0.64713,0.864298,1.125602,1.324411,4.747337,4.969955,8.40108,8.408448,1.15836,1.353838,1.203389,1.455358,1.721149,1.989951,6.094552,6.340036,10.34752,10.5335
mcll88l4qcxkx40mm3k.ee,0,2,6,3,3,6,50,0,2,2025/7/2 15:57,5,9,7,6,0,13,67,1,0,26,2025/7/2 15:52,,,-2.0145,-1.04267,-1.99209,-1.56,-1.9823,-1.57525,-1.87394,-1.78295,-1.88006,-1.80873,3.936045,4.427507,4.042214,4.331247,3.909102,4.185859,5.857512,6.961429,9.286256,10.84541
mcll88l4qcxkx40mm3k.ee,0,10,6,6,0,12,50,0,1,2025/7/2 15:57,6,3,7,0,6,1,10,1,0,14,2025/7/2 15:52,,,3.012995,3.444838,3.195207,3.484423,3.241893,3.285849,4.613618,5.608935,7.478795,8.850278,3.248431,3.590441,3.149455,3.476579,3.270569,3.412799,4.601063,5.502079,7.524624,8.770027
mcll8igionx3zx5igc.sss,1,5,6,0,6,0,0,0,3,2025/7/2 15:51,1,12,7,0,6,1,45,1,1,14,2025/7/2 15:43,,,1.175677,1.417006,1.145805,1.416516,1.760494,2.003127,6.07743,6.269009,10.41472,10.50897,1.141689,1.347863,1.20696,1.381823,1.720673,1.979281,6.089379,6.350692,10.39824,10.49831
mcll8igionx3zx5igc.sss,1,10,6,3,3,6,50,0,2,2025/7/2 15:51,2,8,6,3,3,6,5,1,1,18,2025/7/2 15:44,,,0.695759,0.424557,2.185863,0.651446,4.105047,1.592011,10.08761,6.173618,14.84599,10.42655,4.013067,4.486047,4.05224,4.263712,4.194264,4.2436,5.844522,6.921311,9.27176,10.71233
mcll8igionx3zx5igc.sss,1,3,7,6,0,13,72,0,4,2025/7/2 15:52,3,4,6,0,6,0,0,1,1,12,2025/7/2 15:45,,,3.07399,3.627462,3.079368,3.579583,3.162487,3.309491,4.603455,5.532263,7.521706,8.752836,-1.97912,-0.8418,-1.96012,-1.39904,-2.01464,-1.74671,-2.09209,-2.21271,-1.94289,-2.07239
mcll8igionx3zx5igc.sss,1,7,6,6,0,12,60,0,1,2025/7/2 15:52,4,1,7,6,0,13,-10,1,1,26,2025/7/2 15:47,,,-2.0237,-1.02053,-1.8151,-1.4574,-1.93933,-1.62845,-1.89522,-1.68084,-1.90889,-1.84181,3.085536,3.521435,3.187264,3.450532,3.261133,3.378439,4.608601,5.55376,7.4698,8.862889
mcll8igionx3zx5igc.sss,1,11,7,0,6,1,-5,0,6,2025/7/2 15:53,5,2,7,3,3,7,76,1,1,20,2025/7/2 15:48,,,3.892995,4.397022,3.993831,4.393082,4.085301,4.096253,5.811969,6.861617,9.282788,10.7848,0.699304,0.386061,2.167659,0.678798,4.145401,1.674774,10.08802,6.173306,14.9093,10.41761
mcll8igionx3zx5igc.sss,1,6,7,3,3,7,-30,0,5,2025/7/2 15:54,6,9,6,6,0,12,5,1,1,24,2025/7/2 15:49,,,0.701237,0.81516,0.700195,0.835828,1.124605,1.447149,4.757143,4.936905,8.443418,8.440529,0.624492,0.796398,0.675379,0.849791,1.166717,1.355897,4.755696,5.001092,8.452477,8.4379
mcll8j4hhna0cjf4h7.lll,0,11,7,0,6,1,5,1,6,2025/7/2 15:44,1,7,6,0,6,0,0,0,0,12,2025/7/2 15:52,,,3.139772,3.587699,3.169004,3.536503,3.142122,3.296491,4.673432,5.425593,7.489919,8.861014,1.220382,1.423457,1.263626,1.40057,1.783109,2.05237,6.141611,6.199126,10.36025,10.51441
mcll8j4hhna0cjf4h7.lll,0,12,7,3,3,7,50,1,5,2025/7/2 15:45,2,8,6,3,3,6,40,0,0,18,2025/7/2 15:54,,,0.680153,0.478108,2.119382,0.663929,4.11892,1.707598,10.09857,6.115145,14.70684,10.4292,0.692465,0.428412,2.209004,0.638946,4.103496,1.677133,9.94439,6.151949,14.81499,10.45579
mcll8j4hhna0cjf4h7.lll,0,2,7,6,0,13,70,1,4,2025/7/2 15:46,3,6,7,0,6,1,10,0,0,14,2025/7/2 15:56,,,0.301101,-0.07771,1.7452,0.234593,3.406319,1.036885,8.549478,4.855439,12.62707,8.39051,0.291712,0.012018,1.731857,0.298449,3.409922,1.056147,8.584332,4.974635,12.48877,8.486778
mcll8j4hhna0cjf4h7.lll,0,1,6,3,3,6,20,1,2,2025/7/2 15:48,4,9,7,3,3,7,30,0,0,20,2025/7/2 15:58,,,4.040334,4.309666,3.958117,4.458628,4.035075,4.154324,5.829826,6.957642,9.367308,10.74098,3.299126,3.643851,3.05982,3.49057,3.159921,3.367339,4.50012,5.650604,7.521006,8.797425
mcll8j4hhna0cjf4h7.lll,0,4,6,0,6,0,0,1,3,2025/7/2 15:49,5,3,7,6,0,13,40,0,0,26,2025/7/2 16:01,,,0.614005,0.84332,0.679421,0.848285,1.124059,1.367678,4.740526,4.923225,8.429729,8.504144,4.017548,4.163111,4.216171,4.495389,4.089293,4.181907,5.851153,6.95515,9.264557,10.81046
mcll8j4hhna0cjf4h7.lll,0,5,6,6,0,12,50,1,1,2025/7/2 15:49,6,10,6,6,0,12,30,0,0,24,2025/7/2 16:03,,,1.187488,1.395399,1.213592,1.409084,1.691921,1.994113,6.013448,6.346145,10.40609,10.47463,0.660886,0.800495,0.682753,0.839999,1.121156,1.372498,4.745077,5.047205,8.412255,8.415442
mcll8qiatel5yqpclxq,1,11,7,3,3,7,69,1,5,2025/7/2 15:45,1,12,7,3,3,7,52,0,1,20,2025/7/2 15:59,,,3.083644,3.484118,3.053625,3.638912,3.135292,3.329602,4.574841,5.565723,7.455688,8.761543,-1.93753,-0.87194,-1.91164,-1.34762,-1.8368,-1.5533,-1.98581,-1.72935,-1.86502,-1.62259
mcll8qiatel5yqpclxq,1,3,7,0,6,1,17,1,6,2025/7/2 15:48,2,5,7,6,0,13,84,0,1,26,2025/7/2 16:06,,,4.064029,4.255775,4.151146,4.379451,4.019515,4.272274,5.829375,6.805279,9.242734,10.80298,0.653983,0.807876,0.638612,0.837937,1.171714,1.360594,4.789335,4.97133,8.44961,8.471193
mcll8qiatel5yqpclxq,1,7,6,6,0,12,58,1,1,2025/7/2 15:49,3,2,6,0,6,0,0,0,1,12,2025/7/2 16:07,,,0.639555,0.796088,0.665916,0.833376,1.152315,1.376258,4.729546,4.922851,8.402782,8.469119,3.971483,4.288922,4.072132,4.432033,4.11759,4.162012,5.772742,6.869857,9.272224,10.68507
mcll8qiatel5yqpclxq,1,4,6,0,6,0,0,1,3,2025/7/2 15:50,4,9,6,6,0,12,40,0,1,24,2025/7/2 16:11,,,-2.09553,-1.01991,-1.87673,-1.49181,-1.9751,-1.61755,-2.03406,-1.82762,-1.88875,-2.09517,3.236119,3.591652,3.13314,3.599933,3.20424,3.313573,4.566128,5.504329,7.454665,8.7565
mcll8qiatel5yqpclxq,1,6,7,6,0,13,56,1,4,2025/7/2 15:52,5,10,7,0,6,1,22,0,1,14,2025/7/2 16:14,,,1.201551,1.351271,1.170152,1.399146,1.774308,2.021991,6.101039,6.314244,10.42618,10.37038,1.201103,1.37415,1.185597,1.395509,1.715658,1.994534,6.10238,6.300081,10.46529,10.35205
mcll8qiatel5yqpclxq,1,1,6,3,3,6,50,1,2,2025/7/2 15:53,6,8,6,3,3,6,53,0,1,18,2025/7/2 16:18,,,0.70596,0.426014,2.13378,0.711691,4.065759,1.529235,10.06712,6.203973,14.82783,10.43365,0.698639,0.389562,2.13291,0.608454,4.089152,1.575727,10.09367,6.245922,14.7665,10.34073
mcll9pp4h1gfdq6330.777,0,6,6,6,0,12,90,0,1,2025/7/2 16:00,1,10,7,3,3,7,60,1,0,20,2025/7/2 15:45,,,3.161958,3.698036,3.165128,3.507992,3.115845,3.384214,4.559684,5.482048,7.436134,8.732865,0.704964,0.465774,2.11679,0.696322,4.120276,1.686328,10.0697,6.118544,14.79204,10.44195
mcll9pp4h1gfdq6330.777,0,8,7,0,6,1,100,0,6,2025/7/2 16:01,2,1,7,0,6,1,50,1,0,14,2025/7/2 15:48,,,3.968916,4.43051,4.122587,4.194125,4.20397,4.08393,5.836063,6.919949,9.367339,10.71428,3.014129,3.625359,3.232055,3.52271,3.192357,3.354239,4.575432,5.511256,7.44278,8.786292
mcll9pp4h1gfdq6330.777,0,2,6,0,6,0,100,0,3,2025/7/2 16:02,3,3,6,0,6,0,50,1,0,12,2025/7/2 15:50,,,0.611786,0.841321,0.643978,0.858756,1.187449,1.433851,4.773902,4.879046,8.429185,8.550472,3.926607,4.407517,4.017528,4.314542,4.11945,4.099471,5.832865,6.874998,9.226711,10.60371
mcll9pp4h1gfdq6330.777,0,5,7,6,0,13,70,0,4,2025/7/2 16:03,4,11,6,6,0,12,40,1,0,24,2025/7/2 15:53,,,1.228822,1.387479,1.234042,1.433198,1.728172,2.037569,6.056929,6.330916,10.34421,10.58232,1.180796,1.329823,1.239983,1.350177,1.743379,2.011778,6.132847,6.30508,10.39942,10.57022
mcll9pp4h1gfdq6330.777,0,12,6,3,3,6,50,0,2,2025/7/2 16:03,5,9,7,6,0,13,40,1,0,26,2025/7/2 15:55,,,0.306339,0.052698,1.759468,0.256105,3.418517,1.028452,8.52763,4.889494,12.70453,8.4015,0.649014,0.801659,0.639688,0.866814,1.134787,1.357182,4.788243,4.95423,8.482816,8.558095
mcll9pp4h1gfdq6330.777,0,7,7,3,3,7,70,0,5,2025/7/2 16:04,6,4,6,3,3,6,35,1,0,18,2025/7/2 15:57,,,0.656742,0.493954,2.166239,0.652188,4.069921,1.695703,10.06061,6.227002,14.78719,10.39097,-1.76309,-0.97333,-1.92257,-1.47435,-1.91902,-1.93252,-1.88237,-1.92681,-2.02687,-2.21807
mclla4g5vquediuf89d.i,1,7,6,6,0,12,86,1,1,2025/7/2 15:43,1,5,6,0,6,0,0,0,1,12,2025/7/2 15:50,,,4.024239,4.39153,4.137301,4.442007,4.11094,4.182685,5.832616,6.906287,9.302025,10.77357,-1.9458,-0.97187,-1.86075,-1.48099,-1.96864,-1.66606,-1.93799,-1.80969,-1.91071,-1.68759
mclla4g5vquediuf89d.i,1,1,7,6,0,13,96,1,4,2025/7/2 15:44,2,6,6,3,3,6,53,0,1,18,2025/7/2 15:52,,,0.299271,0.005081,1.75985,0.311768,3.463994,1.056398,8.448094,4.892469,12.6191,8.411249,0.650321,0.846591,0.689239,0.873236,1.145688,1.368051,4.842732,5.008997,8.376934,8.351324
mclla4g5vquediuf89d.i,1,4,6,3,3,6,45,1,2,2025/7/2 15:46,3,11,7,6,0,13,93,0,1,26,2025/7/2 15:53,,,1.148232,1.424635,1.17586,1.403289,1.761475,1.996689,6.073891,6.330736,10.45492,10.40294,0.682355,0.381053,2.130772,0.691589,4.101178,1.622784,10.20029,6.25596,14.88481,10.48786
mclla4g5vquediuf89d.i,1,10,6,0,6,0,0,1,3,2025/7/2 15:46,4,12,6,6,0,12,79,0,1,24,2025/7/2 15:55,,,0.621875,0.802868,0.66927,0.852232,1.15564,1.400101,4.800713,4.941037,8.464782,8.601648,1.211901,1.360991,1.23251,1.428376,1.730126,2.027338,6.10095,6.287225,10.34169,10.49931
mclla4g5vquediuf89d.i,1,2,7,3,3,7,66,1,5,2025/7/2 15:47,5,3,7,3,3,7,29,0,1,20,2025/7/2 15:57,,,3.23366,3.513558,3.082477,3.64557,3.136057,3.312002,4.492931,5.469225,7.486661,8.980655,3.145614,3.735372,3.255384,3.511651,3.183751,3.417158,4.580644,5.500141,7.468874,8.742999
mclla4g5vquediuf89d.i,1,9,7,0,6,1,7,1,6,2025/7/2 15:48,6,8,7,0,6,1,3,0,1,14,2025/7/2 15:58,,,0.699921,0.414986,2.206564,0.615789,4.126955,1.644677,10.08996,6.171604,14.8487,10.52172,4.070253,4.46271,4.060477,4.435731,3.972474,4.244881,5.954718,6.897725,9.316647,10.85917
mcllag1fzlihejt9uo.p77,0,1,6,6,0,12,80,1,1,2025/7/2 15:44,1,4,7,0,6,1,30,0,0,14,2025/7/2 15:47,,,3.199989,3.514688,3.122374,3.596091,3.200063,3.335304,4.527301,5.519544,7.456999,8.820952,0.669984,0.447506,2.165293,0.635108,4.154727,1.642095,10.09713,6.078606,14.88424,10.50773
mcllag1fzlihejt9uo.p77,0,2,7,6,0,13,85,1,4,2025/7/2 15:44,2,11,6,6,0,12,60,0,0,24,2025/7/2 15:48,,,3.905626,4.564911,4.020821,4.357441,3.944868,4.273545,5.814533,6.977055,9.258072,10.77857,4.022609,4.358302,4.064503,4.395261,3.897609,4.235282,5.917106,6.953666,9.280353,10.79309
mcllag1fzlihejt9uo.p77,0,12,6,3,3,6,60,1,2,2025/7/2 15:45,3,9,7,6,0,13,70,0,0,26,2025/7/2 15:49,,,0.667858,0.467907,2.145258,0.653753,4.0117,1.701887,10.10141,6.131216,14.83344,10.45243,0.625745,0.812264,0.622599,0.811392,1.116027,1.421621,4.812804,5.037766,8.45471,8.526884
mcllag1fzlihejt9uo.p77,0,5,7,3,3,7,80,1,5,2025/7/2 15:45,4,10,7,3,3,7,50,0,0,20,2025/7/2 15:50,,,0.596406,0.818124,0.68693,0.88329,1.105464,1.407381,4.820639,4.880126,8.423453,8.45091,1.187534,1.326932,1.155599,1.42119,1.730119,1.97449,6.05764,6.320306,10.42182,10.3486
mcllag1fzlihejt9uo.p77,0,3,6,0,6,0,10,1,3,2025/7/2 15:45,5,7,6,3,3,6,20,0,0,18,2025/7/2 15:51,,,-1.90987,-1.01892,-1.99975,-1.46653,-1.81903,-1.80347,-1.95533,-1.52938,-2.02771,-2.04122,3.126272,3.549611,3.098217,3.50528,3.163879,3.2484,4.52796,5.442085,7.470816,8.783899
mcllag1fzlihejt9uo.p77,0,8,7,0,6,1,30,1,6,2025/7/2 15:46,6,6,6,0,6,0,0,0,0,12,2025/7/2 15:51,,,1.188054,1.329874,1.231825,1.396728,1.773091,2.005027,6.070376,6.441891,10.47272,10.44512,-2.15068,-1.10686,-1.99472,-1.50709,-1.96137,-1.71816,-1.86913,-1.69072,-2.02738,-1.87547
mcllb27o8tzti74md4,0,9,7,6,0,13,40,0,4,2025/7/2 15:52,1,10,6,0,6,0,0,1,0,12,2025/7/2 15:45,,,3.133313,3.697606,3.062054,3.578113,3.213006,3.299045,4.637416,5.483368,7.510061,8.721091,0.678347,0.846178,0.63853,0.86021,1.137773,1.356795,4.798779,4.991075,8.462482,8.434432
mcllb27o8tzti74md4,0,1,6,0,6,0,70,0,3,2025/7/2 15:52,2,7,6,3,3,6,25,1,0,18,2025/7/2 15:46,,,4.183441,4.427596,4.095176,4.415299,4.126068,4.204792,5.854249,6.855759,9.280693,10.85694,0.698767,0.421708,2.192095,0.703889,4.063891,1.603399,9.974716,6.218068,14.77606,10.41102
mcllb27o8tzti74md4,0,3,7,3,3,7,80,0,5,2025/7/2 15:53,3,12,7,0,6,1,10,1,0,14,2025/7/2 15:47,,,-1.96843,-0.91745,-1.85327,-1.52891,-1.83576,-1.62766,-2.01209,-1.94026,-1.88464,-1.91358,0.314082,-0.01035,1.722874,0.249242,3.345734,0.985539,8.534058,4.911359,12.68868,8.453211
mcllb27o8tzti74md4,0,11,6,3,3,6,60,0,2,2025/7/2 15:53,4,2,7,3,3,7,30,1,0,20,2025/7/2 15:48,,,1.188885,1.346871,1.229027,1.403213,1.755268,2.046291,6.034335,6.336672,10.36268,10.45386,3.046899,3.708826,3.124997,3.505366,3.222643,3.364645,4.610443,5.621838,7.44677,8.679503
mcllb27o8tzti74md4,0,6,6,6,0,12,75,0,1,2025/7/2 15:53,5,8,6,6,0,12,10,1,0,24,2025/7/2 15:50,,,0.696841,0.433365,2.141832,0.641341,4.12934,1.60736,10.13705,6.252471,14.84615,10.33683,1.187938,1.419139,1.246952,1.41379,1.760048,2.009498,6.027284,6.402848,10.40095,10.58305
mcllb27o8tzti74md4,0,4,7,0,6,1,21,0,6,2025/7/2 15:54,6,5,7,6,0,13,36,1,0,26,2025/7/2 15:51,,,0.625645,0.837594,0.659008,0.853425,1.115471,1.361746,4.789473,5.078998,8.410677,8.409903,4.054571,4.346429,4.056448,4.319611,4.023291,4.091851,5.907877,6.823113,9.385168,10.72439
mcllbat1t0udyejp68.ass,1,3,6,6,0,12,65,0,1,2025/7/2 15:51,1,11,7,0,6,1,30,1,1,14,2025/7/2 15:44,,,4.005516,4.306856,4.054431,4.478365,4.018272,4.327226,5.789047,6.880803,9.385449,10.73951,0.663743,0.841587,0.645127,0.845065,1.116072,1.384395,4.763484,4.918973,8.447013,8.434872
mcllbat1t0udyejp68.ass,1,2,7,6,0,13,65,0,4,2025/7/2 15:51,2,8,7,6,0,13,40,1,1,26,2025/7/2 15:46,,,-1.90401,-0.77695,-1.83458,-1.3971,-1.93926,-1.68533,-1.98079,-2.0744,-1.92256,-1.78984,4.011253,4.507053,4.113536,4.348357,4.066078,4.095756,5.873485,6.879018,9.363498,10.75931
mcllbat1t0udyejp68.ass,1,10,7,0,6,1,10,0,6,2025/7/2 15:51,3,5,6,3,3,6,20,1,1,18,2025/7/2 15:47,,,1.150847,1.387268,1.268569,1.380283,1.720637,2.030276,6.067031,6.329124,10.40607,10.40347,1.199821,1.394297,1.199059,1.377981,1.759927,1.984876,6.050061,6.380674,10.45307,10.32465
mcllbat1t0udyejp68.ass,1,6,6,3,3,6,50,0,2,2025/7/2 15:52,4,9,7,3,3,7,20,1,1,20,2025/7/2 15:48,,,0.628564,0.805453,0.705963,0.836918,1.149988,1.414959,4.796251,4.94683,8.381677,8.470493,0.708474,0.415155,2.145407,0.707583,3.996284,1.605874,10.05799,6.314956,14.76248,10.46362
mcllbat1t0udyejp68.ass,1,4,6,0,6,0,0,0,3,2025/7/2 15:52,5,1,6,6,0,12,40,1,1,24,2025/7/2 15:49,,,3.209178,3.712507,3.202043,3.51264,3.103836,3.401594,4.582864,5.557656,7.444041,8.854577,-2.06405,-0.95515,-1.8842,-1.46643,-1.9256,-1.80555,-1.77333,-2.0564,-2.05162,-2.03314
mcllbat1t0udyejp68.ass,1,7,7,3,3,7,50,0,5,2025/7/2 15:52,6,12,6,0,6,0,0,1,1,12,2025/7/2 15:50,,,0.706031,0.442358,2.125246,0.719024,4.130467,1.571454,10.00088,6.273889,14.84626,10.3563,3.128356,3.640598,3.199344,3.501427,3.101491,3.40388,4.586156,5.460488,7.508542,8.69841
mcllbbdxglsrr4ouk3.wee,0,12,6,6,0,12,60,1,1,2025/7/2 15:47,1,1,6,3,3,6,20,0,0,18,2025/7/2 15:52,,,0.627004,0.752021,0.675008,0.841402,1.119411,1.29979,4.759032,4.935218,8.388137,8.405103,1.138528,1.393028,1.213969,1.383517,1.705315,2.058561,6.048652,6.227648,10.39157,10.46951
mcllbbdxglsrr4ouk3.wee,0,8,7,6,0,13,56,1,4,2025/7/2 15:47,2,7,7,0,6,1,90,0,0,14,2025/7/2 15:53,,,4.076877,4.476039,4.065237,4.379846,3.925793,4.149956,5.871623,6.878144,9.32158,10.74082,0.662806,0.806924,0.64773,0.859539,1.133261,1.407988,4.780757,4.845779,8.440494,8.469757
mcllbbdxglsrr4ouk3.wee,0,3,6,0,6,0,0,1,3,2025/7/2 15:48,3,5,6,0,6,0,85,0,0,12,2025/7/2 15:54,,,-2.17357,-1.56285,-2.00375,-1.59686,-2.07412,-1.83668,-2.005,-1.96653,-2.18291,-1.9847,0.67457,0.399753,2.040528,0.665237,4.052443,1.626055,10.06131,6.058466,14.81928,10.54132
mcllbbdxglsrr4ouk3.wee,0,2,7,3,3,7,55,1,5,2025/7/2 15:48,4,10,6,6,0,12,50,0,0,24,2025/7/2 15:56,,,-1.92772,-0.90631,-1.97834,-1.4094,-1.81564,-1.75315,-1.85205,-2.06879,-1.97786,-2.08491,-2.06272,-0.96607,-2.02139,-1.44341,-1.90264,-1.63714,-2.0919,-1.8156,-2.00414,-1.96091
mcllbbdxglsrr4ouk3.wee,0,11,7,0,6,1,37,1,6,2025/7/2 15:50,5,4,7,3,3,7,40,0,0,20,2025/7/2 15:57,,,1.159286,1.408118,1.20925,1.355969,1.710466,2.041842,6.109539,6.360725,10.37406,10.47192,4.031685,4.385334,3.965846,4.434161,3.988622,4.194957,5.880303,6.83679,9.31691,10.8655
mcllbbdxglsrr4ouk3.wee,0,9,6,3,3,6,66,1,2,2025/7/2 15:50,6,6,7,6,0,13,68,0,0,26,2025/7/2 15:58,,,3.03791,3.662565,3.159471,3.48255,3.194401,3.42865,4.644662,5.548068,7.492066,8.823446,3.107108,3.63169,3.120023,3.519728,3.191831,3.347195,4.620752,5.686712,7.498774,8.735199
mcllc2b6t7ytoskbnv,0,4,7,6,0,13,60,0,4,2025/7/2 15:52,1,7,6,3,3,6,60,1,0,18,2025/7/2 15:46,,,4.049139,4.472024,3.887763,4.22368,4.080971,4.207211,5.836035,6.89782,9.350007,10.73746,3.088701,3.655502,3.158806,3.453597,3.191947,3.335389,4.671966,5.58841,7.527259,8.673279
mcllc2b6t7ytoskbnv,0,3,6,0,6,0,0,0,3,2025/7/2 15:52,2,9,7,6,0,13,80,1,0,26,2025/7/2 15:47,,,3.11357,3.707277,3.059309,3.510308,3.242569,3.419467,4.550634,5.50851,7.436302,8.761313,0.629232,0.864239,0.68844,0.849852,1.132055,1.383042,4.739948,4.916336,8.43506,8.556568
mcllc2b6t7ytoskbnv,0,12,7,3,3,7,40,0,5,2025/7/2 15:53,3,6,7,3,3,7,20,1,0,20,2025/7/2 15:48,,,-2.0177,-1.01231,-1.98088,-1.44912,-1.86585,-1.6849,-1.85047,-1.82714,-1.82778,-1.96045,0.727961,0.439599,2.147222,0.68637,4.152015,1.570782,9.962768,6.15499,14.76715,10.50772
mcllc2b6t7ytoskbnv,0,1,6,3,3,6,60,0,2,2025/7/2 15:54,4,11,7,0,6,1,5,1,0,14,2025/7/2 15:49,,,0.601747,0.830851,0.649015,0.8743,1.138867,1.425745,4.807493,4.935295,8.465258,8.416637,-1.96491,-1.0368,-1.84799,-1.53228,-1.94951,-1.81337,-1.8647,-1.82498,-2.025,-2.171
mcllc2b6t7ytoskbnv,0,5,6,6,0,12,50,0,1,2025/7/2 15:54,5,2,6,0,6,0,0,1,0,12,2025/7/2 15:50,,,1.195601,1.359263,1.255052,1.394391,1.734339,2.058778,6.08908,6.272087,10.41978,10.51069,1.23278,1.366786,1.165244,1.401976,1.731431,2.055255,6.077526,6.470654,10.40854,10.62952
mcllc2b6t7ytoskbnv,0,10,7,0,6,1,15,0,6,2025/7/2 15:54,6,8,6,6,0,12,60,1,0,24,2025/7/2 15:51,,,0.707381,0.390245,2.194601,0.666023,4.091652,1.689345,10.05746,6.270271,14.88731,10.45042,3.952479,4.504139,4.174058,4.273865,4.077387,4.235354,5.806815,6.954092,9.292346,10.75556
mcllci79nopymd7qbk.sss,1,7,6,3,3,6,40,1,2,2025/7/2 15:45,1,2,7,3,3,7,20,0,1,20,2025/7/2 15:50,,,1.134772,1.376991,1.177783,1.40507,1.732813,1.99288,6.025656,6.28579,10.41393,10.46543,1.241277,1.38052,1.253997,1.3969,1.742002,2.02073,6.10755,6.416879,10.43101,10.45001
mcllci79nopymd7qbk.sss,1,3,7,6,0,13,60,1,4,2025/7/2 15:46,2,5,6,3,3,6,15,0,1,18,2025/7/2 15:51,,,0.656061,0.834603,0.658809,0.819863,1.173629,1.406601,4.803254,4.927522,8.478704,8.443464,3.167983,3.500125,3.070701,3.492572,3.187131,3.331629,4.572448,5.488924,7.46638,8.694662
mcllci79nopymd7qbk.sss,1,1,7,0,6,1,-20,1,6,2025/7/2 15:46,3,11,7,0,6,1,15,0,1,14,2025/7/2 15:52,,,2.98563,3.77793,3.136797,3.607531,3.080926,3.363227,4.587524,5.566135,7.488781,8.730019,0.682066,0.788069,0.649294,0.835522,1.125348,1.382743,4.795222,4.968963,8.445388,8.369919
mcllci79nopymd7qbk.sss,1,6,6,0,6,0,0,1,3,2025/7/2 15:47,4,4,6,0,6,0,0,0,1,12,2025/7/2 15:53,,,4.063447,4.630143,3.958962,4.371477,4.099463,4.169681,5.848702,6.85541,9.358331,10.76149,4.135702,4.475373,4.030194,4.308374,3.964813,4.186534,5.813429,6.847452,9.280829,10.71126
mcllci79nopymd7qbk.sss,1,12,7,3,3,7,63,1,5,2025/7/2 15:48,5,10,7,6,0,13,60,0,1,26,2025/7/2 15:55,,,-1.85264,-0.90936,-2.02959,-1.60817,-1.96784,-1.71862,-1.98682,-2.00302,-2.06613,-1.70901,-2.06927,-1.41768,-2.0191,-1.63553,-2.13442,-1.66341,-2.08375,-2.04583,-2.19134,-1.94607
mcllci79nopymd7qbk.sss,1,8,6,6,0,12,50,1,1,2025/7/2 15:49,6,9,6,6,0,12,71,0,1,24,2025/7/2 15:56,,,0.702521,0.480845,2.126598,0.692855,4.186988,1.604143,10.07368,6.11609,14.92203,10.56238,-1.94107,-1.04502,-1.90216,-1.45441,-1.90742,-1.60562,-1.81475,-1.87949,-1.86102,-1.90298
mcllcs7ec11q9tcwbm.i,1,7,7,6,0,13,80,0,4,2025/7/2 15:52,1,4,6,6,0,12,65,1,1,24,2025/7/2 15:47,,,-1.78684,-1.0833,-2.01817,-1.43558,-1.94241,-1.68408,-1.92627,-1.94987,-1.86523,-1.80679,0.676742,0.388372,2.194226,0.698528,4.095681,1.621783,9.989451,6.171455,14.93599,10.42582
mcllcs7ec11q9tcwbm.i,1,12,6,6,0,12,50,0,1,2025/7/2 15:53,2,5,6,3,3,6,35,1,1,18,2025/7/2 15:48,,,0.635377,0.809347,0.677979,0.862915,1.084871,1.394444,4.715647,5.007965,8.399151,8.482715,-1.94985,-1.07058,-1.89733,-1.562,-2.02664,-1.54654,-1.80628,-2.20249,-1.96803,-1.94359
mcllcs7ec11q9tcwbm.i,1,10,6,0,6,0,0,0,3,2025/7/2 15:53,3,9,7,0,6,1,35,1,1,14,2025/7/2 15:49,,,1.211779,1.396136,1.227589,1.414743,1.696135,2.006293,6.092852,6.33576,10.3924,10.46006,0.638405,0.870935,0.670639,0.849865,1.150173,1.385967,4.754136,4.999271,8.418491,8.526155
mcllcs7ec11q9tcwbm.i,1,2,6,3,3,6,30,0,2,2025/7/2 15:53,4,11,6,0,6,0,0,1,1,12,2025/7/2 15:49,,,3.956206,4.426804,3.963323,4.311109,4.059091,4.173973,5.838725,6.907209,9.292861,10.60395,3.954064,4.515408,3.996072,4.411709,4.030446,4.113294,5.824617,6.851851,9.313499,10.73152
mcllcs7ec11q9tcwbm.i,1,8,7,3,3,7,60,0,5,2025/7/2 15:54,5,3,7,3,3,7,25,1,1,20,2025/7/2 15:50,,,0.711728,0.407563,2.208461,0.65385,4.027281,1.590857,10.14388,6.27385,14.77636,10.37404,1.189934,1.415819,1.183513,1.392954,1.676373,2.025453,6.064795,6.307877,10.43225,10.45943
mcllcs7ec11q9tcwbm.i,1,6,7,0,6,1,15,0,6,2025/7/2 15:54,6,1,7,6,0,13,70,1,1,26,2025/7/2 15:51,,,3.049162,3.579304,3.090511,3.439295,3.236715,3.346167,4.679466,5.529943,7.469525,8.727253,3.208803,3.594309,3.148399,3.55489,3.125524,3.313869,4.610762,5.453712,7.507313,8.751264
mclldfjef7659272y2.sss,0,9,7,3,3,7,70,1,5,2025/7/2 15:46,1,3,7,3,3,7,10,0,0,20,2025/7/2 15:51,,,3.986334,4.467558,4.026803,4.479246,3.962542,4.147314,5.845483,6.854815,9.290349,10.92021,-2.11222,-1.47178,-2.06671,-1.68955,-1.92744,-1.8565,-2.14214,-2.00746,-2.02637,-2.0951
mclldfjef7659272y2.sss,0,10,6,3,3,6,50,1,2,2025/7/2 15:47,2,11,6,6,0,12,35,0,0,24,2025/7/2 15:54,,,3.16783,3.672249,3.132042,3.575918,3.13454,3.441277,4.599258,5.481669,7.42177,8.856882,-1.88433,-0.90565,-1.97761,-1.44457,-1.94333,-1.84878,-1.90728,-2.15742,-2.01825,-2.02965
mclldfjef7659272y2.sss,0,5,6,6,0,12,75,1,1,2025/7/2 15:47,3,12,6,3,3,6,20,0,0,18,2025/7/2 15:55,,,0.61492,0.770368,0.671067,0.894267,1.161414,1.331992,4.745932,4.945062,8.412504,8.536593,0.66412,0.746861,0.690083,0.860532,1.135423,1.370983,4.773704,5.062054,8.396564,8.507074
mclldfjef7659272y2.sss,0,7,7,6,0,13,80,1,4,2025/7/2 15:48,4,8,7,6,0,13,15,0,0,26,2025/7/2 15:58,,,0.70512,0.442106,2.151736,0.762011,4.066899,1.600842,10.08215,6.052575,14.80741,10.48488,1.179139,1.363218,1.205593,1.36369,1.733694,1.925927,6.133076,6.411667,10.40613,10.58687
mclldfjef7659272y2.sss,0,1,6,0,6,0,0,1,3,2025/7/2 15:49,5,4,7,0,6,1,0,0,0,14,2025/7/2 15:59,,,1.154845,1.385367,1.26965,1.420868,1.773901,2.001147,6.066868,6.334093,10.43068,10.52394,4.137362,4.468658,4.119449,4.266107,4.03107,4.094422,5.824112,7.000835,9.328018,10.682
mclldfjef7659272y2.sss,0,6,7,0,6,1,5,1,6,2025/7/2 15:49,6,2,6,0,6,0,0,0,0,12,2025/7/2 16:00,,,-1.90093,-0.93976,-1.977,-1.40446,-1.95536,-1.83244,-2.07401,-1.8157,-1.95381,-1.76027,3.121293,3.625714,3.089713,3.432744,3.202025,3.356213,4.591222,5.537811,7.457504,8.774656
mclldmkzp3xzpq2lkk.i,1,10,6,0,6,0,0,0,3,2025/7/2 15:57,1,8,7,0,6,1,100,1,1,14,2025/7/2 15:48,,,0.699164,0.422571,2.146719,0.746867,4.060416,1.623564,10.22923,6.19691,14.76845,10.4211,1.223613,1.33471,1.232007,1.434836,1.671529,2.021102,6.06351,6.402676,10.40832,10.55006
mclldmkzp3xzpq2lkk.i,1,1,6,3,3,6,55,0,2,2025/7/2 15:59,2,11,6,0,6,0,0,1,1,12,2025/7/2 15:49,,,3.240938,3.466952,3.190571,3.514899,3.119863,3.309181,4.575942,5.497271,7.493317,8.873542,4.010984,4.40394,4.072046,4.333429,4.025612,4.154306,5.861888,6.922948,9.228114,10.77235
mclldmkzp3xzpq2lkk.i,1,5,7,3,3,7,40,0,5,2025/7/2 16:00,3,2,6,3,3,6,20,1,1,18,2025/7/2 15:51,,,-1.85285,-1.02559,-2.04441,-1.40449,-1.90763,-1.96987,-1.92521,-1.78491,-2.12638,-1.94879,0.673763,0.849339,0.682171,0.839748,1.12253,1.420796,4.746331,4.982111,8.405469,8.462564
mclldmkzp3xzpq2lkk.i,1,12,7,6,0,13,70,0,4,2025/7/2 16:00,4,6,7,6,0,13,55,1,1,26,2025/7/2 15:52,,,1.214948,1.304555,1.193019,1.377885,1.721677,1.974306,6.079366,6.274282,10.38028,10.44022,3.193709,3.598789,3.095258,3.594803,3.095758,3.437035,4.573819,5.476646,7.578326,8.895505
mclldmkzp3xzpq2lkk.i,1,3,7,0,6,1,15,0,6,2025/7/2 16:02,5,9,7,3,3,7,70,1,1,20,2025/7/2 15:54,,,0.664817,0.826285,0.683833,0.847975,1.13807,1.352586,4.769388,5.029967,8.466883,8.36008,0.693587,0.438607,2.169192,0.638157,4.088146,1.594297,10.03638,6.239156,14.86445,10.47583
mclldmkzp3xzpq2lkk.i,1,7,6,6,0,12,50,0,1,2025/7/2 16:02,6,4,6,6,0,12,40,1,1,24,2025/7/2 15:56,,,4.205629,4.408214,3.988626,4.24769,4.065,4.141944,5.83733,6.834035,9.312284,10.68616,-1.93723,-0.99535,-2.10859,-1.48107,-1.9763,-1.63529,-1.84387,-1.75108,-2.0428,-2.06922
mclldxvsmo35k8j2cy,1,4,7,6,0,13,65,0,4,2025/7/2 16:03,1,5,7,0,6,1,0,1,1,14,2025/7/2 15:46,,,0.304154,0.036228,1.707914,0.269745,3.404633,1.038314,8.536287,4.930864,12.55519,8.361914,-1.46656,-1.37458,-1.517,-1.4556,-1.66761,-1.65981,-1.91446,-2.03844,-1.90698,-1.64772
mclldxvsmo35k8j2cy,1,6,6,6,0,12,56,0,1,2025/7/2 16:03,2,9,6,0,6,0,0,1,1,12,2025/7/2 15:53,,,1.208627,1.36339,1.240993,1.471309,1.757714,1.962614,6.034087,6.231516,10.4065,10.33439,2.984685,3.75044,3.193679,3.651216,3.10193,3.40956,4.592798,5.528818,7.59065,8.720239
mclldxvsmo35k8j2cy,1,7,6,3,3,6,14,0,2,2025/7/2 16:03,3,10,6,3,3,6,1,1,1,18,2025/7/2 15:54,,,0.698705,0.452267,2.149432,0.666273,4.092672,1.616164,10.16036,6.171848,14.78097,10.37984,-1.81537,-1.91349,-1.77172,-1.8446,-1.784,-1.94301,-2.03422,-2.02762,-2.00725,-2.10077
mclldxvsmo35k8j2cy,1,11,7,0,6,1,59,0,6,2025/7/2 16:05,4,3,7,3,3,7,58,1,1,20,2025/7/2 16:00,,,0.646463,0.80953,0.708905,0.877077,1.145527,1.436576,4.748542,5.028472,8.448581,8.484603,1.207959,1.436582,1.256979,1.427695,1.734582,2.010825,6.098295,6.37761,10.43989,10.48858
mclldxvsmo35k8j2cy,1,2,7,3,3,7,72,0,5,2025/7/2 16:05,5,12,7,6,0,13,24,1,1,26,2025/7/2 16:01,,,3.124286,3.612806,3.225811,3.550274,3.243636,3.387221,4.600648,5.48561,7.486965,8.783104,0.309774,-0.01283,1.782766,0.293908,3.428597,1.047297,8.557055,4.921138,12.543,8.424956
mclldxvsmo35k8j2cy,1,1,6,0,6,0,0,0,3,2025/7/2 16:05,6,8,6,6,0,12,72,1,1,24,2025/7/2 16:02,,,4.101968,4.429758,3.99169,4.393236,4.097489,4.180375,5.798149,6.91321,9.325594,10.67227,0.671086,0.410519,2.13929,0.703182,4.085776,1.633304,10.09388,6.17719,14.90396,10.46202
mclldzm9rzls0ymtxr.3ll,1,10,7,0,6,1,10,1,6,2025/7/2 15:47,1,4,7,3,3,7,65,0,1,20,2025/7/2 15:52,,,1.218364,1.384661,1.199712,1.41043,1.753971,2.020078,6.059557,6.397652,10.40595,10.59532,0.709489,0.457616,2.16655,0.690973,4.105547,1.666114,10.21008,6.203577,14.83564,10.42648
mclldzm9rzls0ymtxr.3ll,1,12,6,6,0,12,60,1,1,2025/7/2 15:48,2,11,7,6,0,13,10,0,1,26,2025/7/2 15:53,,,0.605919,0.803049,0.656604,0.851205,1.153834,1.392038,4.794158,4.916617,8.424074,8.400604,-1.89437,-0.86718,-2.02737,-1.40513,-2.01746,-1.87082,-1.77796,-2.04214,-1.93671,-1.87915
mclldzm9rzls0ymtxr.3ll,1,5,6,0,6,0,0,1,3,2025/7/2 15:48,3,2,6,3,3,6,15,0,1,18,2025/7/2 15:54,,,0.705267,0.327597,2.153133,0.698392,4.10786,1.661636,10.09038,6.239839,14.81604,10.3286,3.998207,4.459014,3.995914,4.357351,4.161962,4.178301,5.868029,6.879164,9.343799,10.68719
mclldzm9rzls0ymtxr.3ll,1,7,7,3,3,7,50,1,5,2025/7/2 15:49,4,3,6,6,0,12,75,0,1,24,2025/7/2 15:56,,,3.198771,3.595248,3.263923,3.474379,3.134235,3.218713,4.585778,5.497489,7.443235,8.872319,1.177887,1.434782,1.181959,1.395448,1.695635,2.011875,6.12226,6.359964,10.46888,10.60598
mclldzm9rzls0ymtxr.3ll,1,8,6,3,3,6,20,1,2,2025/7/2 15:49,5,1,7,0,6,1,40,0,1,14,2025/7/2 15:57,,,-1.80314,-1.12279,-2.01176,-1.52238,-1.99401,-1.55184,-2.02729,-1.91825,-1.9991,-1.93467,3.070937,3.543012,3.080684,3.578277,3.145855,3.405046,4.61225,5.497779,7.538842,8.815421
mclldzm9rzls0ymtxr.3ll,1,6,7,6,0,13,50,1,4,2025/7/2 15:50,6,9,6,0,6,0,0,0,1,12,2025/7/2 15:58,,,3.988456,4.372711,4.038147,4.341306,4.066676,4.194631,5.857274,6.90196,9.319317,10.71873,0.665774,0.815163,0.675758,0.901258,1.144958,1.403936,4.794916,4.980311,8.483966,8.519597
mclle2spltt3ajqc4m.wee,0,11,6,0,6,0,100,1,3,2025/7/2 15:50,1,1,6,3,3,6,0,0,0,18,2025/7/2 15:55,,,0.693023,0.415253,2.126858,0.673396,4.024607,1.703542,10.11867,6.014723,14.85518,10.36916,1.230089,1.385414,1.237105,1.368079,1.702426,2.024619,6.042601,6.293288,10.43928,10.51553
mclle2spltt3ajqc4m.wee,0,8,7,3,3,7,70,1,5,2025/7/2 15:51,2,2,6,6,0,12,20,0,0,24,2025/7/2 15:57,,,0.630232,0.815589,0.669654,0.866084,1.163584,1.326563,4.72066,4.873896,8.459854,8.566145,-1.90133,-1.04073,-1.84558,-1.45416,-1.90919,-1.58552,-2.02105,-1.93358,-1.90219,-2.01207
mclle2spltt3ajqc4m.wee,0,4,7,0,6,1,70,1,6,2025/7/2 15:51,3,3,7,6,0,13,-30,0,0,26,2025/7/2 16:00,,,4.063737,4.461942,3.987712,4.402327,4.040927,4.216173,5.785731,6.96014,9.305385,10.7762,4.078429,4.27657,4.05288,4.419355,4.01673,4.183192,5.852995,6.901654,9.280367,10.72769
mclle2spltt3ajqc4m.wee,0,10,6,3,3,6,60,1,2,2025/7/2 15:52,4,7,7,3,3,7,60,0,0,20,2025/7/2 16:02,,,3.085986,3.535896,3.114369,3.504569,3.213196,3.254804,4.620734,5.44941,7.462592,8.708142,0.698311,0.428925,2.071714,0.661038,4.010792,1.555033,10.16045,6.210794,14.92103,10.53772
mclle2spltt3ajqc4m.wee,0,9,6,6,0,12,60,1,1,2025/7/2 15:52,5,6,6,0,6,0,20,0,0,12,2025/7/2 16:03,,,1.173736,1.429329,1.192697,1.436235,1.763259,2.014804,6.055919,6.303777,10.40426,10.39581,3.124606,3.737856,3.008681,3.442229,3.131251,3.370367,4.66197,5.497375,7.600046,8.868086
mclle2spltt3ajqc4m.wee,0,12,7,6,0,13,55,1,4,2025/7/2 15:52,6,5,7,0,6,1,50,0,0,14,2025/7/2 16:05,,,-1.95352,-1.14676,-1.89388,-1.49678,-1.94356,-1.73905,-2.08261,-1.96799,-1.99091,-1.98545,0.621502,0.821954,0.685175,0.821222,1.135371,1.355484,4.747515,4.910434,8.423292,8.435216
mcllegdr0rb3wv31m4.3ll,0,7,7,3,3,7,70,0,5,2025/7/2 15:54,1,8,7,0,6,1,20,1,0,14,2025/7/2 15:47,,,1.181475,1.420492,1.166925,1.402064,1.738465,1.965387,6.043212,6.299469,10.39544,10.58196,-1.99775,-1.03746,-1.88135,-1.48891,-1.96565,-1.75121,-1.89572,-1.68442,-1.92374,-1.7978
mcllegdr0rb3wv31m4.3ll,0,10,6,3,3,6,50,0,2,2025/7/2 15:54,2,4,6,0,6,0,0,1,0,12,2025/7/2 15:48,,,3.064325,3.766358,3.174484,3.534147,3.1452,3.389706,4.565895,5.642656,7.467724,8.81122,3.938933,4.524747,4.035312,4.48991,4.017419,4.241425,5.762053,6.940212,9.297257,10.72941
mcllegdr0rb3wv31m4.3ll,0,5,7,0,6,1,100,0,6,2025/7/2 15:55,3,11,7,6,0,13,20,1,0,26,2025/7/2 15:50,,,-2.15638,-1.40012,-2.11236,-1.61873,-2.13719,-1.74005,-1.9012,-1.84205,-2.07014,-2.37657,-1.62968,-1.67726,-1.67715,-1.64324,-1.83438,-1.93572,-2.00724,-2.06249,-2.07346,-2.25515
mcllegdr0rb3wv31m4.3ll,0,9,6,6,0,12,50,0,1,2025/7/2 15:55,4,6,7,3,3,7,10,1,0,20,2025/7/2 15:51,,,4.054225,4.450424,4.023984,4.420347,4.031783,4.13913,5.835784,6.898643,9.322567,10.73773,3.140121,3.698683,3.144864,3.54904,3.094408,3.395217,4.552983,5.540661,7.425617,8.754716
mcllegdr0rb3wv31m4.3ll,0,3,6,0,6,0,0,0,3,2025/7/2 15:55,5,12,6,6,0,12,10,1,0,24,2025/7/2 15:52,,,-1.98856,-1.03036,-1.93408,-1.4888,-2.00837,-1.50629,-2.0801,-1.76626,-1.93257,-1.85515,-2.17536,-1.28061,-2.01766,-1.47105,-2.04369,-1.79964,-2.20745,-1.91464,-2.05254,-2.12545
mcllegdr0rb3wv31m4.3ll,0,1,7,6,0,13,60,0,4,2025/7/2 15:56,6,2,6,3,3,6,30,1,0,18,2025/7/2 15:53,,,0.640819,0.81435,0.633435,0.838802,1.11209,1.398074,4.743351,4.927393,8.414452,8.570888,-1.44301,-1.46013,-1.49033,-1.49654,-1.73112,-1.57788,-1.93087,-1.8912,-1.81907,-1.74417
mcllfwq1mhlrbe5ga1.777,1,3,7,0,6,1,5,1,6,2025/7/2 15:48,1,7,7,3,3,7,75,0,1,20,2025/7/2 15:53,,,1.170121,1.406118,1.205805,1.443326,1.754705,2.018354,6.100723,6.433547,10.44451,10.39909,3.9327,4.359771,4.043177,4.297635,4.088879,4.137432,5.800688,6.913185,9.344909,10.76665
mcllfwq1mhlrbe5ga1.777,1,4,6,3,3,6,50,1,2,2025/7/2 15:48,2,12,6,0,6,0,-1,0,1,12,2025/7/2 15:54,,,4.052818,4.498142,4.093426,4.511219,3.914523,4.239036,5.837736,6.823763,9.312137,10.73084,3.218641,3.502949,3.121752,3.557565,3.155095,3.362767,4.59309,5.546409,7.559535,8.756119
mcllfwq1mhlrbe5ga1.777,1,8,7,6,0,13,80,1,4,2025/7/2 15:49,3,2,7,6,0,13,90,0,1,26,2025/7/2 15:56,,,3.220779,3.476828,3.005964,3.499071,3.152407,3.231353,4.582544,5.61572,7.499826,8.683793,-1.94422,-1.00065,-1.93536,-1.45456,-1.89359,-1.69022,-1.90691,-1.6985,-1.91643,-1.82788
mcllfwq1mhlrbe5ga1.777,1,10,6,6,0,12,75,1,1,2025/7/2 15:50,4,5,7,0,6,1,5,0,1,14,2025/7/2 15:57,,,0.626611,0.774035,0.662463,0.855993,1.119938,1.362365,4.777082,4.936075,8.478297,8.479518,0.678677,0.465556,2.139152,0.725696,4.158628,1.61503,9.969335,6.359198,14.78676,10.59783
mcllfwq1mhlrbe5ga1.777,1,1,7,3,3,7,50,1,5,2025/7/2 15:51,5,6,6,6,0,12,50,0,1,24,2025/7/2 15:58,,,0.711356,0.446734,2.152369,0.728994,4.117401,1.615094,10.02385,6.282123,14.84229,10.55732,0.658623,0.830794,0.662247,0.871287,1.156683,1.381658,4.726362,4.936382,8.462408,8.490834
mcllfwq1mhlrbe5ga1.777,1,11,6,0,6,0,0,1,3,2025/7/2 15:51,6,9,6,3,3,6,33,0,1,18,2025/7/2 16:00,,,-1.86478,-0.92943,-1.90616,-1.46208,-2.03366,-1.79817,-2.01298,-1.81706,-1.9229,-1.96411,1.192695,1.405072,1.234704,1.394881,1.72843,2.028287,6.09277,6.323415,10.40856,10.32272
mcllggn3tj8budljfi,0,2,7,3,3,7,35,0,5,2025/7/2 15:55,1,7,6,0,6,0,0,1,0,12,2025/7/2 15:48,,,0.68912,0.304213,2.111566,0.693414,4.170804,1.558071,10.00493,6.178165,14.88132,10.58107,3.286838,3.525526,3.142467,3.555123,3.1123,3.424299,4.609107,5.509841,7.466007,8.732364
mcllggn3tj8budljfi,0,10,6,6,0,12,50,0,1,2025/7/2 15:55,2,8,7,6,0,13,70,1,0,26,2025/7/2 15:50,,,-1.97278,-0.9205,-1.96238,-1.4095,-1.93887,-1.6714,-1.91237,-2.00032,-1.93218,-1.8494,3.914789,4.40464,4.065617,4.236423,4.156914,4.172696,5.83644,6.760361,9.311314,10.69686
mcllggn3tj8budljfi,0,11,7,0,6,1,0,0,6,2025/7/2 15:56,3,3,7,3,3,7,0,1,0,20,2025/7/2 15:51,,,3.923137,4.540156,4.065044,4.367555,4.092352,4.049417,5.751174,6.916864,9.34881,10.74336,1.138328,1.383764,1.216965,1.420585,1.738452,2.052272,6.052612,6.408532,10.40599,10.45142
mcllggn3tj8budljfi,0,6,7,6,0,13,50,0,4,2025/7/2 15:56,4,12,6,6,0,12,15,1,0,24,2025/7/2 15:52,,,3.205364,3.642691,3.182818,3.612064,3.092223,3.290535,4.60461,5.470066,7.43336,8.788963,0.686072,0.275881,2.169728,0.628299,4.123882,1.634082,10.03625,6.139569,14.75403,10.56892
mcllggn3tj8budljfi,0,9,6,0,6,0,0,0,3,2025/7/2 15:57,5,4,7,0,6,1,0,1,0,14,2025/7/2 15:53,,,1.1968,1.366579,1.211812,1.363701,1.735348,2.073332,6.098067,6.390742,10.44163,10.5084,0.276446,-0.00282,1.735889,0.376343,3.4094,1.048916,8.489276,4.997,12.5128,8.533702
mcllggn3tj8budljfi,0,1,6,3,3,6,20,0,2,2025/7/2 15:57,6,5,6,3,3,6,0,1,0,18,2025/7/2 15:54,,,0.692205,0.822904,0.694616,0.877063,1.106731,1.360663,4.802929,5.086252,8.423746,8.696259,0.648887,0.784757,0.644528,0.851102,1.152683,1.456347,4.786449,4.928463,8.456646,8.561099
mcllguv9x4e4hzt9q4.3ll,1,3,7,3,3,7,70,1,5,2025/7/2 15:48,1,5,7,6,0,13,50,0,1,26,2025/7/2 15:52,,,0.701697,0.425475,2.127415,0.63194,4.102247,1.584542,10.10773,6.229103,14.90548,10.49535,1.157789,1.402359,1.214184,1.340319,1.747275,2.002148,6.053708,6.244354,10.44745,10.47997
mcllguv9x4e4hzt9q4.3ll,1,1,7,6,0,13,70,1,4,2025/7/2 15:49,2,4,6,6,0,12,50,0,1,24,2025/7/2 15:53,,,3.19769,3.632949,3.142005,3.53063,3.216848,3.321818,4.592528,5.656988,7.525009,8.758073,0.619981,0.825373,0.672307,0.834976,1.081689,1.412375,4.725211,4.967899,8.468475,8.489516
mcllguv9x4e4hzt9q4.3ll,1,7,6,6,0,12,60,1,1,2025/7/2 15:49,3,9,6,0,6,0,0,0,1,12,2025/7/2 15:54,,,0.651343,0.85888,0.678399,0.821908,1.125187,1.405014,4.721245,4.929,8.433011,8.36582,3.857634,4.46353,4.088985,4.41191,4.119354,4.199316,5.85588,6.76069,9.323623,10.77735
mcllguv9x4e4hzt9q4.3ll,1,8,6,3,3,6,50,1,2,2025/7/2 15:50,4,6,7,0,6,1,45,0,1,14,2025/7/2 15:55,,,-1.84102,-1.0373,-1.94718,-1.42349,-1.83098,-1.75094,-1.9321,-1.86472,-1.97213,-1.7273,-1.92989,-0.99196,-1.9267,-1.41223,-1.90592,-1.74186,-2.00854,-1.87978,-1.92374,-1.96495
mcllguv9x4e4hzt9q4.3ll,1,10,7,0,6,1,90,1,6,2025/7/2 15:50,5,12,6,3,3,6,45,0,1,18,2025/7/2 15:55,,,1.201305,1.342101,1.220881,1.423299,1.76379,2.038592,6.076685,6.242816,10.39173,10.43064,3.200096,3.598814,3.152635,3.519699,3.240649,3.213792,4.653938,5.44065,7.520474,8.77525
mcllguv9x4e4hzt9q4.3ll,1,2,6,0,6,0,0,1,3,2025/7/2 15:50,6,11,7,3,3,7,45,0,1,20,2025/7/2 15:56,,,4.103657,4.559318,4.096548,4.402987,4.074515,4.16515,5.811321,6.97166,9.296358,10.74918,0.704036,0.373455,2.144722,0.663807,4.101133,1.612698,10.0994,6.207121,14.81338,10.41263
mcllhtswk2ekv8wshn.eee,0,5,7,0,6,1,80,0,6,2025/7/2 16:00,1,3,6,6,0,12,50,1,0,24,2025/7/2 15:52,,,1.244036,1.376406,1.207422,1.444618,1.742056,2.013615,6.124189,6.426677,10.38115,10.43371,4.092724,4.484309,4.018832,4.203261,4.119395,4.158007,5.903745,6.876073,9.279246,10.94417
mcllhtswk2ekv8wshn.eee,0,10,6,0,6,0,0,0,3,2025/7/2 16:00,2,8,7,6,0,13,60,1,0,26,2025/7/2 15:54,,,4.049365,4.464696,4.212804,4.522506,4.134461,4.256444,5.902955,6.872224,9.287686,10.79513,1.192877,1.43164,1.20567,1.445994,1.805976,2.0622,6.062131,6.36974,10.3534,10.50922
mcllhtswk2ekv8wshn.eee,0,7,7,6,0,13,70,0,4,2025/7/2 16:01,3,2,7,3,3,7,40,1,0,20,2025/7/2 15:55,,,3.056711,3.533872,3.039118,3.48356,3.156935,3.318873,4.603897,5.541665,7.489604,8.938271,0.675774,0.484732,2.187029,0.64262,4.040245,1.683084,10.0414,6.100364,14.78864,10.47653
mcllhtswk2ekv8wshn.eee,0,11,6,6,0,12,60,0,1,2025/7/2 16:02,4,1,7,0,6,1,70,1,0,14,2025/7/2 15:56,,,0.648861,0.816658,0.695097,0.865927,1.148792,1.370666,4.764396,4.956652,8.427863,8.509743,-1.98955,-0.9454,-1.91391,-1.55184,-1.877,-1.71406,-1.95091,-1.80107,-1.98517,-1.86063
mcllhtswk2ekv8wshn.eee,0,4,7,3,3,7,40,0,5,2025/7/2 16:02,5,12,6,0,6,0,30,1,0,12,2025/7/2 15:58,,,0.322503,0.078477,1.728874,0.304171,3.532424,1.035835,8.527046,4.912204,12.54506,8.553212,0.694809,0.839327,0.669769,0.869573,1.13453,1.410422,4.803037,4.97586,8.392544,8.570898
mcllhtswk2ekv8wshn.eee,0,9,6,3,3,6,60,0,2,2025/7/2 16:03,6,6,6,3,3,6,40,1,0,18,2025/7/2 15:59,,,0.7045,0.434016,2.139587,0.691285,4.138324,1.693358,10.1016,6.238801,14.86402,10.51074,3.187056,3.8272,3.201874,3.479001,3.058867,3.438974,4.573248,5.548118,7.503031,8.757493
mcllibvr9e05yx24fh.i,1,9,7,0,6,1,5,1,6,2025/7/2 15:49,1,4,7,3,3,7,30,0,1,20,2025/7/2 15:53,,,3.917303,4.218027,4.040153,4.354563,4.021836,4.150178,5.828111,6.820361,9.25152,10.80671,1.161195,1.388154,1.186522,1.410188,1.724407,2.005159,6.044115,6.403048,10.3957,10.45151
mcllibvr9e05yx24fh.i,1,2,6,6,0,12,75,1,1,2025/7/2 15:50,2,11,6,3,3,6,30,0,1,18,2025/7/2 15:54,,,3.129897,3.492376,3.089782,3.527311,3.206543,3.323829,4.635628,5.49849,7.44405,8.83366,3.120681,3.57165,3.238134,3.541661,3.170122,3.35064,4.61143,5.590053,7.451897,8.742564
mcllibvr9e05yx24fh.i,1,8,6,3,3,6,35,1,2,2025/7/2 15:50,3,3,7,6,0,13,25,0,1,26,2025/7/2 15:55,,,-2.06258,-1.07611,-2.00389,-1.55936,-1.9013,-1.54727,-1.96218,-2.10046,-1.90435,-2.10998,0.700985,0.883532,0.652165,0.860082,1.13797,1.360982,4.822481,4.896463,8.507091,8.40715
mcllibvr9e05yx24fh.i,1,6,6,0,6,0,0,1,3,2025/7/2 15:51,4,1,6,0,6,0,0,0,1,12,2025/7/2 15:55,,,0.616378,0.765198,0.660682,0.874758,1.145945,1.387994,4.787581,4.937794,8.45912,8.384373,0.306013,0.027409,1.713506,0.254333,3.414931,1.098333,8.568,4.891991,12.48284,8.592964
mcllibvr9e05yx24fh.i,1,12,7,3,3,7,60,1,5,2025/7/2 15:51,5,5,6,6,0,12,25,0,1,24,2025/7/2 15:56,,,0.730117,0.391931,2.13896,0.620743,4.158434,1.62271,10.10411,6.175818,14.72672,10.40552,4.074862,4.296257,4.054225,4.462914,4.138264,4.141024,5.821598,6.895594,9.346326,10.72689
mcllibvr9e05yx24fh.i,1,7,7,6,0,13,60,1,4,2025/7/2 15:51,6,10,7,0,6,1,5,0,1,14,2025/7/2 15:57,,,1.168443,1.384873,1.224093,1.414588,1.787647,1.992649,6.096137,6.311402,10.40957,10.48634,0.690646,0.409009,2.103416,0.63921,4.101069,1.599253,10.07879,6.114188,14.85702,10.42682
mcllldkue64p2zj1l3.lll,0,6,7,3,3,7,70,0,5,2025/7/2 16:03,1,2,7,6,0,13,30,1,0,26,2025/7/2 15:55,,,1.197395,1.380289,1.238507,1.433901,1.742436,2.035674,6.0998,6.275836,10.44345,10.44572,0.692455,0.367783,2.146075,0.655664,4.08006,1.618536,10.0319,6.181991,14.8347,10.40937
mcllldkue64p2zj1l3.lll,0,7,7,6,0,13,55,0,4,2025/7/2 16:05,2,8,7,3,3,7,20,1,0,20,2025/7/2 15:57,,,3.133793,3.557245,3.179058,3.540948,3.06444,3.435608,4.594422,5.468165,7.488894,8.68117,-1.41053,-1.37547,-1.50623,-1.50221,-1.64918,-1.67564,-1.82673,-1.89106,-1.85546,-1.95835
mcllldkue64p2zj1l3.lll,0,12,6,6,0,12,50,0,1,2025/7/2 16:05,3,11,7,0,6,1,10,1,0,14,2025/7/2 15:58,,,4.011841,4.468831,4.100622,4.38299,4.159407,4.214964,5.841622,6.926238,9.329276,10.88084,-1.71292,-1.69035,-1.5684,-1.83514,-1.61893,-1.79239,-1.77909,-1.89085,-1.84377,-1.94165
mcllldkue64p2zj1l3.lll,0,5,6,3,3,6,60,0,2,2025/7/2 16:07,4,9,6,0,6,0,0,1,0,12,2025/7/2 15:59,,,0.634977,0.811504,0.668461,0.859998,1.140084,1.400623,4.778128,4.873072,8.455392,8.414726,4.009515,4.299319,4.060709,4.394698,4.136467,4.216529,5.829302,6.922605,9.277046,10.70496
mcllldkue64p2zj1l3.lll,0,1,6,0,6,0,100,0,3,2025/7/2 16:07,5,3,6,3,3,6,15,1,0,18,2025/7/2 16:00,,,0.691937,0.361199,2.159294,0.807729,4.017193,1.576206,9.974505,6.018556,14.82672,10.41384,0.29597,0.055762,1.779151,0.248331,3.377542,1.116947,8.518032,4.866507,12.50639,8.484036
mcllldkue64p2zj1l3.lll,0,10,7,0,6,1,10,0,6,2025/7/2 16:08,6,4,6,6,0,12,35,1,0,24,2025/7/2 16:02,,,-1.92893,-1.00583,-2.03624,-1.40479,-2.18067,-1.54196,-2.09147,-1.56362,-2.13492,-1.87154,1.226351,1.357986,1.221331,1.42341,1.731265,2.02277,6.069771,6.288322,10.2983,10.54739
mcllm5t1mi2e7z7ywo.3ll,0,1,7,6,0,13,55,1,4,2025/7/2 15:52,1,3,7,3,3,7,65,0,0,20,2025/7/2 15:55,,,4.138369,4.327558,4.011422,4.422374,4.128809,4.238869,5.845051,6.900592,9.306631,10.73337,4.052643,4.295477,4.038978,4.350747,4.148933,4.192546,5.809213,6.965838,9.33887,10.73933
mcllm5t1mi2e7z7ywo.3ll,0,5,6,6,0,12,50,1,1,2025/7/2 15:52,2,10,6,6,0,12,20,0,0,24,2025/7/2 15:56,,,0.624565,0.803858,0.70569,0.846606,1.149205,1.364231,4.803554,4.894415,8.424292,8.378344,1.160093,1.290457,1.231276,1.403407,1.705092,2.004375,6.073445,6.260606,10.4181,10.4576
mcllm5t1mi2e7z7ywo.3ll,0,7,6,0,6,0,0,1,3,2025/7/2 15:53,3,9,6,3,3,6,30,0,0,18,2025/7/2 15:57,,,0.683592,0.427954,2.182052,0.741383,4.1617,1.559017,9.889078,6.327755,14.80181,10.43223,0.631072,0.810159,0.661332,0.871054,1.115357,1.370177,4.749571,4.950456,8.456238,8.531127
mcllm5t1mi2e7z7ywo.3ll,0,2,6,3,3,6,70,1,2,2025/7/2 15:53,4,11,6,0,6,0,90,0,0,12,2025/7/2 15:58,,,-1.90564,-0.84939,-2.06908,-1.3667,-1.86173,-1.79285,-1.82829,-2.00204,-2.03662,-1.84076,-2.10401,-0.89869,-2.05548,-1.4171,-1.95478,-1.46664,-1.92559,-1.99723,-1.88107,-1.79244
mcllm5t1mi2e7z7ywo.3ll,0,6,7,0,6,1,100,1,6,2025/7/2 15:53,5,4,7,6,0,13,20,0,0,26,2025/7/2 15:59,,,3.083007,3.530847,3.147454,3.548227,3.133163,3.338654,4.632492,5.546184,7.488737,8.875617,0.648228,0.450172,2.123122,0.602218,4.173083,1.610293,10.0026,6.171384,14.81058,10.38454
mcllm5t1mi2e7z7ywo.3ll,0,12,7,3,3,7,80,1,5,2025/7/2 15:54,6,8,7,0,6,1,50,0,0,14,2025/7/2 16:00,,,1.179872,1.347308,1.194834,1.381155,1.704797,1.997107,6.069301,6.342065,10.40146,10.37477,3.147101,3.549003,3.160754,3.369155,3.10427,3.445783,4.564363,5.540927,7.48713,8.858936
mcllmap6dy1q2pjwoh,0,8,7,3,3,7,75,1,5,2025/7/2 15:52,1,11,7,0,6,1,47,0,0,14,2025/7/2 15:54,,,0.657765,0.818448,0.654219,0.817865,1.124298,1.371027,4.783642,4.932523,8.43677,8.509766,0.612783,0.816917,0.640727,0.820057,1.140779,1.442174,4.7648,5.045495,8.439517,8.398077
mcllmap6dy1q2pjwoh,0,3,6,6,0,12,66,1,1,2025/7/2 15:52,2,9,6,3,3,6,-32,0,0,18,2025/7/2 15:56,,,-1.83032,-0.94934,-1.85886,-1.51501,-1.9494,-1.70698,-2.01258,-1.73677,-1.94181,-1.86297,3.944176,4.282047,4.028546,4.406126,3.98117,4.046588,5.794385,6.792073,9.344,10.74301
mcllmap6dy1q2pjwoh,0,1,7,6,0,13,77,1,4,2025/7/2 15:52,3,6,6,6,0,12,-37,0,0,24,2025/7/2 15:57,,,4.037471,4.520156,4.137095,4.325658,4.034247,4.190468,5.898641,6.926386,9.321314,10.77941,3.201563,3.711859,3.126199,3.564445,3.169427,3.375381,4.60786,5.505748,7.432007,8.794917
mcllmap6dy1q2pjwoh,0,12,6,3,3,6,38,1,2,2025/7/2 15:53,4,10,7,6,0,13,21,0,0,26,2025/7/2 15:58,,,1.170248,1.434705,1.215061,1.424985,1.75996,1.997382,6.127824,6.220716,10.44282,10.37001,-2.14858,-1.51102,-2.10277,-1.74001,-2.09011,-1.73918,-2.16677,-1.82271,-2.12213,-2.20754
mcllmap6dy1q2pjwoh,0,4,7,0,6,1,25,1,6,2025/7/2 15:53,5,2,6,0,6,0,70,0,0,12,2025/7/2 15:59,,,3.078048,3.551337,3.112607,3.487624,3.169923,3.358762,4.609617,5.541835,7.482564,8.800817,1.190203,1.331034,1.174394,1.402357,1.757771,2.03214,6.14515,6.32507,10.41868,10.38868
mcllmap6dy1q2pjwoh,0,7,6,0,6,0,-26,1,3,2025/7/2 15:53,6,5,7,3,3,7,58,0,0,20,2025/7/2 16:00,,,0.676824,0.419816,2.130471,0.660442,4.08832,1.645955,10.09217,6.09175,14.9307,10.40475,-1.99953,-1.16246,-1.92131,-1.5154,-2.04747,-1.62455,-1.8856,-1.87842,-1.97298,-1.95226
mcllmuryujcal0yqid.lll,1,8,7,6,0,13,62,0,4,2025/7/2 15:58,1,2,7,6,0,13,36,1,1,26,2025/7/2 15:53,,,4.037709,4.35319,4.031702,4.330233,4.018829,4.188907,5.824756,6.967189,9.26608,10.72031,3.117252,3.630679,3.139399,3.537081,3.111545,3.299328,4.597956,5.474488,7.532345,8.749872
mcllmuryujcal0yqid.lll,1,11,6,3,3,6,39,0,2,2025/7/2 15:59,2,10,7,3,3,7,26,1,1,20,2025/7/2 15:54,,,0.304061,0.014682,1.761543,0.249374,3.386239,1.104099,8.442967,4.876864,12.45942,8.48913,0.578726,0.879403,0.637802,0.860899,1.126519,1.34627,4.74176,5.038109,8.462964,8.512535
mcllmuryujcal0yqid.lll,1,9,7,0,6,1,10,0,6,2025/7/2 15:59,3,7,6,3,3,6,41,1,1,18,2025/7/2 15:55,,,1.217293,1.408894,1.26086,1.376464,1.732684,1.925296,6.05336,6.296848,10.41074,10.56613,-1.89476,-1.14577,-1.82561,-1.40691,-1.89352,-1.67152,-1.97929,-1.9089,-1.88931,-1.9863
mcllmuryujcal0yqid.lll,1,12,6,0,6,0,0,0,3,2025/7/2 15:59,4,4,6,0,6,0,0,1,1,12,2025/7/2 15:56,,,3.290584,3.619264,3.14686,3.460749,3.069851,3.314932,4.575893,5.572594,7.512983,8.801707,4.055659,4.392529,3.931801,4.326828,4.066918,4.206515,5.893156,6.854079,9.314748,10.83278
mcllmuryujcal0yqid.lll,1,5,6,6,0,12,60,0,1,2025/7/2 16:00,5,6,7,0,6,1,90,1,1,14,2025/7/2 15:57,,,0.589034,0.804135,0.686573,0.846609,1.178483,1.34518,4.730402,5.100353,8.436785,8.534753,1.166014,1.342396,1.218981,1.419416,1.705565,2.038876,6.083704,6.316345,10.36793,10.40954
mcllmuryujcal0yqid.lll,1,1,7,3,3,7,44,0,5,2025/7/2 16:00,6,3,6,6,0,12,81,1,1,24,2025/7/2 15:58,,,0.675237,0.43686,2.111497,0.686033,4.062332,1.619075,10.14679,6.211536,14.84052,10.42857,0.723455,0.404239,2.098164,0.702815,4.05623,1.658267,10.11965,6.15011,14.87495,10.5295
mcllpd3f2mx4jqqwww.eee,0,5,6,3,3,6,75,0,2,2025/7/2 16:09,1,10,6,3,3,6,70,1,0,18,2025/7/2 15:57,,,4.10852,4.491923,4.078975,4.272815,4.041859,4.195982,5.766801,6.85082,9.316195,10.79317,1.174442,1.390216,1.174838,1.395722,1.754359,2.032405,6.077843,6.283607,10.40235,10.5878
mcllpd3f2mx4jqqwww.eee,0,9,6,0,6,0,0,0,3,2025/7/2 16:10,2,2,7,6,0,13,25,1,0,26,2025/7/2 16:00,,,3.156119,3.621276,3.166327,3.474364,3.265089,3.291838,4.55791,5.542254,7.471203,8.722457,3.040876,3.652347,3.130852,3.551515,3.133734,3.411297,4.539076,5.570417,7.503251,8.754942
mcllpd3f2mx4jqqwww.eee,0,3,7,6,0,13,80,0,4,2025/7/2 16:11,3,11,6,6,0,12,40,1,0,24,2025/7/2 16:02,,,1.219142,1.412503,1.189672,1.417982,1.743985,1.95997,6.095723,6.235837,10.40474,10.446,0.668623,0.848463,0.655837,0.838037,1.143049,1.413534,4.81702,4.873642,8.420374,8.524446
mcllpd3f2mx4jqqwww.eee,0,6,7,3,3,7,60,0,5,2025/7/2 16:12,4,12,7,0,6,1,0,1,0,14,2025/7/2 16:03,,,0.306155,0.017322,1.773922,0.272911,3.42047,0.990781,8.613315,4.908589,12.66786,8.431011,-2.06246,-1.32495,-1.99416,-1.80768,-2.12056,-1.53293,-2.10681,-2.17457,-2.08063,-2.03644
mcllpd3f2mx4jqqwww.eee,0,8,6,6,0,12,50,0,1,2025/7/2 16:13,5,7,7,3,3,7,45,1,0,20,2025/7/2 16:05,,,0.666134,0.850859,0.685851,0.831884,1.134716,1.357954,4.758608,4.974421,8.440939,8.484332,3.905498,4.513219,4.14909,4.366175,4.162334,4.198036,5.872744,6.919267,9.308794,10.80656
mcllpd3f2mx4jqqwww.eee,0,4,7,0,6,1,10,0,6,2025/7/2 16:13,6,1,6,0,6,0,0,1,0,12,2025/7/2 16:06,,,0.69501,0.320262,2.138261,0.612787,4.053354,1.530235,10.03891,6.087708,14.84632,10.39608,-2.01641,-1.01637,-2.02555,-1.43533,-1.77493,-1.76424,-2.1282,-1.98901,-1.96024,-2.11612
mcllpifgvj82skgv0j,1,11,7,6,0,13,70,1,4,2025/7/2 15:54,1,4,6,6,0,12,21,0,1,24,2025/7/2 15:57,,,4.213533,4.436693,4.007082,4.210818,4.037163,4.239859,5.865258,6.924492,9.230558,10.80695,0.639921,0.809363,0.661814,0.80393,1.13486,1.383562,4.748161,4.946776,8.408761,8.412468
mcllpifgvj82skgv0j,1,2,6,0,6,0,1,1,3,2025/7/2 15:54,2,8,6,3,3,6,72,0,1,18,2025/7/2 15:58,,,3.171548,3.544944,3.071559,3.494299,3.116295,3.337961,4.529462,5.547874,7.494686,8.720148,3.238019,3.649632,3.215425,3.488691,3.099453,3.380684,4.660097,5.526671,7.442121,8.76186
mcllpifgvj82skgv0j,1,9,7,3,3,7,55,1,5,2025/7/2 15:55,3,6,6,0,6,0,0,0,1,12,2025/7/2 15:58,,,0.682336,0.423972,2.159747,0.711909,4.073597,1.675705,10.1772,6.230363,14.81734,10.49678,1.114551,1.378839,1.211456,1.445848,1.720411,1.98043,6.081251,6.369143,10.41573,10.32594
mcllpifgvj82skgv0j,1,12,6,6,0,12,59,1,1,2025/7/2 15:55,4,1,7,6,0,13,70,0,1,26,2025/7/2 15:59,,,1.19319,1.377695,1.207077,1.421325,1.760654,2.056341,6.061761,6.323175,10.46737,10.45821,0.682157,0.454254,2.077887,0.68846,4.052206,1.584185,10.07362,6.118194,14.87709,10.55052
mcllpifgvj82skgv0j,1,3,6,3,3,6,48,1,2,2025/7/2 15:55,5,10,7,3,3,7,17,0,1,20,2025/7/2 16:00,,,0.65889,0.852265,0.630528,0.861614,1.157346,1.36835,4.784335,4.917549,8.427759,8.348881,4.169728,4.558137,4.046185,4.365208,4.058239,4.188751,5.868972,6.834524,9.310455,10.79501
mcllpifgvj82skgv0j,1,7,7,0,6,1,17,1,6,2025/7/2 15:56,6,5,7,0,6,1,10,0,1,14,2025/7/2 16:01,,,-1.95394,-0.98872,-1.79126,-1.45685,-1.9094,-1.56941,-1.92517,-1.92498,-2.02959,-1.7882,-1.89617,-1.00692,-1.90093,-1.60757,-1.91446,-1.63607,-1.86999,-1.75884,-1.99048,-2.02817
mcllrghza5ib1834wz.777,1,6,7,6,0,13,58,0,4,2025/7/2 16:08,1,10,7,3,3,7,10,1,1,20,2025/7/2 16:04,,,0.299468,-0.01782,1.75524,0.288915,3.350404,1.067372,8.504921,4.831741,12.53553,8.504107,1.215603,1.361058,1.248917,1.421407,1.725354,2.091794,6.080535,6.286776,10.401,10.35611
mcllrghza5ib1834wz.777,1,3,6,6,0,12,57,0,1,2025/7/2 16:08,2,12,6,6,0,12,8,1,1,24,2025/7/2 16:05,,,4.134638,4.410051,4.091366,4.327793,4.04151,4.206392,5.80714,6.895406,9.31869,10.7924,0.657828,0.835329,0.641221,0.879046,1.160162,1.381825,4.772997,5.01914,8.383694,8.356689
mcllrghza5ib1834wz.777,1,2,7,3,3,7,55,0,5,2025/7/2 16:09,3,5,6,3,3,6,33,1,1,18,2025/7/2 16:06,,,0.637365,0.813341,0.668915,0.803759,1.13115,1.305642,4.743779,5.003933,8.468937,8.454655,0.698533,0.406269,2.145248,0.643359,4.159531,1.616423,9.994916,6.158536,14.70971,10.40045
mcllrghza5ib1834wz.777,1,7,6,0,6,0,3,0,3,2025/7/2 16:09,4,4,7,0,6,1,0,1,1,14,2025/7/2 16:06,,,1.168601,1.360659,1.215135,1.455191,1.690978,2.009294,6.080948,6.314535,10.35489,10.45187,4.172855,4.268453,4.035881,4.421587,4.03625,4.195108,5.759688,6.946332,9.257947,10.81098
mcllrghza5ib1834wz.777,1,8,6,3,3,6,30,0,2,2025/7/2 16:09,5,11,7,6,0,13,39,1,1,26,2025/7/2 16:07,,,0.687163,0.400128,2.168058,0.649672,4.122614,1.605523,10.05044,6.027648,14.83751,10.4709,3.150948,3.470275,3.195645,3.527183,3.061532,3.300767,4.618985,5.476349,7.415971,8.697871
mcllrghza5ib1834wz.777,1,9,7,0,6,1,17,0,6,2025/7/2 16:10,6,1,6,0,6,0,0,1,1,12,2025/7/2 16:08,,,3.17729,3.543284,3.170734,3.461965,3.180321,3.351983,4.596325,5.574133,7.517784,8.735269,-2.10301,-1.08697,-1.97953,-1.47413,-1.89839,-1.55445,-1.85364,-2.05667,-1.96677,-2.02977
mcllv4m90m0sa7y0bbx.ll,1,6,7,6,0,13,60,1,4,2025/7/2 15:59,1,8,6,3,3,6,50,0,1,18,2025/7/2 16:03,,,4.169763,4.348089,4.106961,4.379069,4.082123,4.195693,5.833321,6.888253,9.317393,10.68129,-1.85527,-0.94281,-2.02136,-1.38665,-1.96077,-1.57351,-1.87044,-1.79524,-1.95277,-1.99972
mcllv4m90m0sa7y0bbx.ll,1,5,6,6,0,12,50,1,1,2025/7/2 15:59,2,2,6,6,0,12,60,0,1,24,2025/7/2 16:04,,,0.657912,0.827437,0.679702,0.881514,1.115226,1.32085,4.772719,4.946368,8.485767,8.438748,3.261553,3.534886,3.218378,3.571424,3.119229,3.390595,4.570311,5.554951,7.49233,8.809682
mcllv4m90m0sa7y0bbx.ll,1,12,7,0,6,1,20,1,6,2025/7/2 16:00,3,1,7,3,3,7,60,0,1,20,2025/7/2 16:05,,,1.203965,1.411576,1.182813,1.374265,1.766759,2.03087,6.091343,6.337055,10.43182,10.42843,3.942531,4.315112,3.932919,4.362262,4.014364,4.165258,5.848806,6.776401,9.341942,10.83612
mcllv4m90m0sa7y0bbx.ll,1,7,7,3,3,7,60,1,5,2025/7/2 16:00,4,10,7,0,6,1,10,0,1,14,2025/7/2 16:06,,,3.268315,3.570723,3.068133,3.591782,3.133096,3.266753,4.613988,5.465357,7.502406,8.762958,0.616808,0.800135,0.685955,0.83351,1.143662,1.308049,4.783373,4.911954,8.456648,8.50288
mcllv4m90m0sa7y0bbx.ll,1,9,6,3,3,6,50,1,2,2025/7/2 16:01,5,3,7,6,0,13,70,0,1,26,2025/7/2 16:08,,,-2.01934,-0.88884,-1.8614,-1.34185,-2.02147,-1.60419,-1.91578,-1.62855,-1.85961,-1.82151,0.710945,0.424905,2.126665,0.617124,4.064696,1.635398,10.0586,6.33256,14.73273,10.37976
mcllv4m90m0sa7y0bbx.ll,1,4,6,0,6,0,0,1,3,2025/7/2 16:01,6,11,6,0,6,0,0,0,1,12,2025/7/2 16:09,,,0.688922,0.338351,2.105866,0.691003,4.073273,1.664785,10.12249,6.112449,14.86993,10.41616,1.21643,1.37103,1.203204,1.388417,1.723465,2.007003,6.046218,6.371731,10.35198,10.48704
mcllxmwnl5s6v7za3w.3ll,0,1,6,0,6,0,100,1,3,2025/7/2 16:02,1,6,7,3,3,7,40,0,0,20,2025/7/2 16:06,,,4.120194,4.272467,4.137211,4.37884,4.076281,4.117602,5.795414,6.941937,9.25659,10.70613,0.700205,0.402831,2.100806,0.762285,4.082329,1.644964,10.06167,6.168914,14.91365,10.44694
mcllxmwnl5s6v7za3w.3ll,0,3,7,6,0,13,60,1,4,2025/7/2 16:02,2,7,6,3,3,6,45,0,0,18,2025/7/2 16:07,,,0.650083,0.840398,0.689844,0.86433,1.158105,1.383578,4.764558,4.907001,8.464023,8.413827,-1.90775,-0.99433,-1.97448,-1.38102,-1.9835,-1.51251,-1.9978,-1.65892,-1.94588,-1.87922
mcllxmwnl5s6v7za3w.3ll,0,11,6,3,3,6,70,1,2,2025/7/2 16:03,3,8,7,0,6,1,100,0,0,14,2025/7/2 16:08,,,-1.84147,-1.10044,-1.97053,-1.40536,-1.92676,-1.57741,-2.00639,-1.998,-1.85542,-2.02261,-1.60292,-1.72206,-1.61517,-1.79005,-1.64881,-1.806,-1.75575,-1.97817,-1.87369,-2.04851
mcllxmwnl5s6v7za3w.3ll,0,12,7,3,3,7,49,1,5,2025/7/2 16:04,4,10,7,6,0,13,20,0,0,26,2025/7/2 16:10,,,3.119498,3.575284,3.212228,3.596533,3.132056,3.432035,4.583772,5.40176,7.464532,8.79304,0.615449,0.817991,0.648164,0.851909,1.156249,1.361938,4.816,4.908973,8.476931,8.492594
mcllxmwnl5s6v7za3w.3ll,0,5,7,0,6,1,100,1,6,2025/7/2 16:04,5,2,6,6,0,12,15,0,0,24,2025/7/2 16:11,,,1.189893,1.305009,1.179435,1.442498,1.746591,2.066361,6.093008,6.285358,10.42017,10.42779,1.17895,1.404948,1.189943,1.400149,1.752937,1.9673,6.077886,6.378712,10.41123,10.43441
mcllxmwnl5s6v7za3w.3ll,0,9,6,6,0,12,50,1,1,2025/7/2 16:04,6,4,6,0,6,0,0,0,0,12,2025/7/2 16:12,,,0.689891,0.440972,2.168976,0.692926,4.138934,1.635254,9.95511,6.22981,14.87655,10.41453,3.99897,4.48928,4.077246,4.383039,4.045019,4.26974,5.804249,6.848106,9.2881,10.88001
mclly3rvc8smsr6a1a.lll,0,10,7,6,0,13,10,0,4,2025/7/2 16:11,1,12,6,0,6,0,0,1,0,12,2025/7/2 16:03,,,3.10216,3.504001,3.208905,3.470416,3.21589,3.397241,4.48207,5.547082,7.498631,8.675,0.283771,-0.04118,1.706097,0.273094,3.394913,1.007251,8.529426,4.834135,12.57304,8.442477
mclly3rvc8smsr6a1a.lll,0,7,6,3,3,6,65,0,2,2025/7/2 16:12,2,5,6,6,0,12,25,1,0,24,2025/7/2 16:05,,,3.984197,4.555375,4.002716,4.346424,4.076493,4.129233,5.828591,6.829461,9.351797,10.8183,3.113042,3.594322,3.241754,3.499175,3.216302,3.283782,4.582466,5.547637,7.511623,8.77232
mclly3rvc8smsr6a1a.lll,0,9,7,3,3,7,70,0,5,2025/7/2 16:12,3,11,7,6,0,13,30,1,0,26,2025/7/2 16:06,,,0.654619,0.862952,0.700635,0.866872,1.128872,1.409005,4.780239,4.935929,8.386549,8.402832,0.698738,0.41255,2.128271,0.660526,4.123822,1.613714,10.05302,6.154815,14.76903,10.40436
mclly3rvc8smsr6a1a.lll,0,2,6,6,0,12,50,0,1,2025/7/2 16:13,4,4,6,3,3,6,55,1,0,18,2025/7/2 16:08,,,1.168215,1.349607,1.286665,1.415975,1.731456,2.047265,6.121742,6.40895,10.42637,10.54794,3.971472,4.351897,4.025582,4.517922,4.003301,4.264341,5.855658,7.024198,9.378347,10.65238
mclly3rvc8smsr6a1a.lll,0,1,6,0,6,0,0,0,3,2025/7/2 16:13,5,6,7,0,6,1,100,1,0,14,2025/7/2 16:09,,,0.322118,-0.04455,1.734364,0.309413,3.394549,1.013775,8.39944,4.911444,12.48397,8.521082,1.146093,1.409599,1.183602,1.38488,1.75594,1.960884,6.058282,6.300471,10.43965,10.62594
mclly3rvc8smsr6a1a.lll,0,8,7,0,6,1,15,0,6,2025/7/2 16:13,6,3,7,3,3,7,75,1,0,20,2025/7/2 16:10,,,0.702885,0.349658,2.122216,0.659539,4.104994,1.645187,10.04949,6.203196,14.84385,10.51305,0.625698,0.844055,0.682791,0.869098,1.10966,1.404484,4.778776,4.91735,8.422315,8.421492
mcllz6prnmxsed7js2.ass,1,3,7,6,0,13,60,0,4,2025/7/2 16:12,1,10,7,0,6,1,10,1,1,14,2025/7/2 16:03,,,0.592908,0.785297,0.671077,0.810988,1.139023,1.347459,4.811334,4.874932,8.449407,8.518437,3.211306,3.518307,3.206535,3.56442,3.183928,3.387802,4.646921,5.526679,7.459232,8.798472
mcllz6prnmxsed7js2.ass,1,2,6,3,3,6,50,0,2,2025/7/2 16:12,2,9,6,0,6,0,0,1,1,12,2025/7/2 16:04,,,4.017019,4.448729,4.166874,4.267086,4.049137,4.176502,5.824627,6.877311,9.375339,10.84413,4.114119,4.19123,4.159764,4.287186,4.153074,4.176186,5.892364,6.917022,9.342082,10.80577
mcllz6prnmxsed7js2.ass,1,12,6,0,6,0,0,0,3,2025/7/2 16:13,3,1,6,6,0,12,-68,1,1,24,2025/7/2 16:06,,,1.198555,1.410771,1.215297,1.422696,1.720535,1.979868,6.126045,6.389757,10.35849,10.39853,0.686949,0.39662,2.147402,0.742526,4.092219,1.598599,10.09385,6.239671,14.73902,10.47866
mcllz6prnmxsed7js2.ass,1,6,6,6,0,12,50,0,1,2025/7/2 16:13,4,11,6,3,3,6,50,1,1,18,2025/7/2 16:08,,,-1.89657,-1.01687,-1.96899,-1.38891,-2.00222,-1.69264,-2.0113,-1.67687,-2.02202,-1.87973,-1.48347,-1.33679,-1.51931,-1.45282,-1.6711,-1.6954,-1.87462,-1.9519,-1.86876,-1.7484
mcllz6prnmxsed7js2.ass,1,7,7,3,3,7,65,0,5,2025/7/2 16:13,5,5,7,3,3,7,75,1,1,20,2025/7/2 16:09,,,3.216487,3.572878,3.153362,3.631141,3.1646,3.388309,4.616421,5.556727,7.470782,8.775546,1.183306,1.36193,1.222672,1.399606,1.727075,2.02136,6.03905,6.219295,10.41214,10.57043
mcllz6prnmxsed7js2.ass,1,8,7,0,6,1,15,0,6,2025/7/2 16:14,6,4,7,6,0,13,75,1,1,26,2025/7/2 16:11,,,0.696169,0.428958,2.157986,0.628602,4.154919,1.559621,10.11111,6.34978,14.78285,10.43347,0.322026,-0.01938,1.751539,0.219526,3.451412,1.086719,8.491576,4.85599,12.62658,8.447023
mcllzgxg5maq17u5nc,0,1,6,6,0,12,40,1,1,2025/7/2 16:03,1,3,6,0,6,0,5,0,0,12,2025/7/2 16:07,,,1.184986,1.374179,1.209829,1.355751,1.722108,1.985711,6.070125,6.377966,10.3768,10.49444,4.104866,4.242353,3.9787,4.261457,4.129069,4.192774,5.845296,6.930589,9.318641,10.67454
mcllzgxg5maq17u5nc,0,9,7,6,0,13,30,1,4,2025/7/2 16:03,2,2,6,6,0,12,35,0,0,24,2025/7/2 16:09,,,3.184464,3.606645,3.213809,3.492566,3.18588,3.372322,4.575625,5.457466,7.516408,8.727795,-1.66082,-1.79887,-1.75022,-1.76221,-1.84042,-1.73304,-2.04122,-1.8992,-1.99509,-2.05966
mcllzgxg5maq17u5nc,0,7,6,3,3,6,35,1,2,2025/7/2 16:04,3,12,7,0,6,1,10,0,0,14,2025/7/2 16:10,,,3.937292,4.393237,4.010237,4.278648,4.075134,4.182704,5.869254,6.857779,9.330984,10.75255,-1.51119,-1.43058,-1.54598,-1.51261,-1.63484,-1.67628,-1.88075,-1.68371,-1.97811,-1.94291
mcllzgxg5maq17u5nc,0,8,7,3,3,7,40,1,5,2025/7/2 16:04,4,11,7,6,0,13,20,0,0,26,2025/7/2 16:11,,,0.621736,0.77944,0.620832,0.809487,1.12448,1.348586,4.762921,4.971465,8.43748,8.581289,3.157268,3.653146,3.314266,3.517678,3.092692,3.433086,4.596158,5.70103,7.506235,8.744215
mcllzgxg5maq17u5nc,0,10,6,0,6,0,10,1,3,2025/7/2 16:05,5,5,7,3,3,7,15,0,0,20,2025/7/2 16:12,,,0.688344,0.454167,2.112175,0.709942,4.082773,1.590808,10.00547,6.175381,14.79952,10.45134,0.296981,0.076573,1.763037,0.247248,3.381286,1.100933,8.561421,4.783574,12.54127,8.487568
mcllzgxg5maq17u5nc,0,6,7,0,6,1,5,1,6,2025/7/2 16:05,6,4,6,3,3,6,5,0,0,18,2025/7/2 16:14,,,-1.89708,-0.96238,-2.04903,-1.53746,-1.93998,-1.69149,-1.92587,-1.93473,-2.00999,-1.78616,0.660851,0.451954,2.147957,0.652461,4.134897,1.578413,10.04032,6.22549,14.79534,10.33087
mclm08q7rknfvd271a.i,1,7,6,3,3,6,57,0,2,2025/7/2 16:09,1,5,6,6,0,12,81,1,1,24,2025/7/2 16:03,,,1.15979,1.404513,1.210775,1.424192,1.770266,1.972443,6.105148,6.306204,10.40404,10.42999,3.246837,3.487624,3.223219,3.501763,3.20705,3.346368,4.603881,5.458112,7.48269,8.816241
mclm08q7rknfvd271a.i,1,2,7,6,0,13,73,0,4,2025/7/2 16:10,2,4,7,6,0,13,64,1,1,26,2025/7/2 16:05,,,3.973711,4.526486,4.017257,4.424011,4.089605,4.237634,5.764945,6.97312,9.294327,10.79517,0.314532,0.009262,1.727341,0.284411,3.378328,1.090503,8.606078,4.771783,12.59198,8.538613
mclm08q7rknfvd271a.i,1,9,7,3,3,7,38,0,5,2025/7/2 16:10,3,3,7,0,6,1,94,1,1,14,2025/7/2 16:06,,,3.214618,3.597709,3.211303,3.461803,3.160339,3.413896,4.551459,5.485476,7.4938,8.808225,1.186759,1.341779,1.230562,1.404984,1.741441,2.00645,6.034585,6.349887,10.39507,10.45711
mclm08q7rknfvd271a.i,1,12,6,0,6,0,-7,0,3,2025/7/2 16:11,4,1,6,3,3,6,-18,1,1,18,2025/7/2 16:07,,,0.706054,0.372271,2.152761,0.728959,4.170194,1.70188,10.07205,6.244285,14.70306,10.41694,3.984433,4.352655,4.116,4.306006,4.074474,4.189357,5.811962,6.819818,9.301747,10.77799
mclm08q7rknfvd271a.i,1,6,6,6,0,12,41,0,1,2025/7/2 16:11,5,11,7,3,3,7,18,1,1,20,2025/7/2 16:08,,,-1.91824,-1.00124,-2.12733,-1.41019,-1.80688,-1.85715,-1.9797,-1.8406,-2.00658,-1.8272,0.697053,0.382499,2.172046,0.72254,4.070713,1.559354,10.01696,6.107977,14.83619,10.33964
mclm08q7rknfvd271a.i,1,8,7,0,6,1,11,0,6,2025/7/2 16:11,6,10,6,0,6,0,2,1,1,12,2025/7/2 16:08,,,0.677979,0.826742,0.724593,0.860095,1.123045,1.389929,4.776414,4.964645,8.448092,8.495132,0.65107,0.832102,0.667046,0.867232,1.098417,1.355345,4.80808,4.941888,8.362615,8.553316
mclm3nkm6iaxoft5xt.ass,0,5,7,3,3,7,34,1,5,2025/7/2 16:05,1,7,7,6,0,13,48,0,0,26,2025/7/2 16:09,,,0.655925,0.817113,0.736593,0.835482,1.124158,1.340274,4.770161,4.978822,8.463527,8.52601,4.025229,4.426091,4.052753,4.45405,4.053076,4.090078,5.896768,6.873114,9.331288,10.67779
mclm3nkm6iaxoft5xt.ass,0,11,6,6,0,12,32,1,1,2025/7/2 16:06,2,3,7,3,3,7,-65,0,0,20,2025/7/2 16:10,,,4.011134,4.415733,4.177445,4.214386,4.072384,4.277065,5.827392,6.880273,9.322382,10.85607,0.690473,0.435385,2.161089,0.709506,4.09357,1.678103,10.14902,6.141553,14.85948,10.492
mclm3nkm6iaxoft5xt.ass,0,9,7,6,0,13,67,1,4,2025/7/2 16:06,3,12,6,3,3,6,-7,0,0,18,2025/7/2 16:11,,,0.688157,0.414633,2.196368,0.700381,4.049959,1.68387,10.10527,6.116607,14.88983,10.45543,1.188837,1.414968,1.257884,1.365816,1.719545,1.94219,6.107734,6.31862,10.40729,10.52169
mclm3nkm6iaxoft5xt.ass,0,6,6,3,3,6,52,1,2,2025/7/2 16:07,4,2,6,6,0,12,18,0,0,24,2025/7/2 16:12,,,1.239641,1.353242,1.234571,1.430513,1.745571,2.045555,6.08679,6.226969,10.46191,10.43857,0.627167,0.813265,0.691756,0.852512,1.158542,1.405864,4.73845,5.000671,8.416443,8.543956
mclm3nkm6iaxoft5xt.ass,0,8,7,0,6,1,93,1,6,2025/7/2 16:07,5,4,6,0,6,0,86,0,0,12,2025/7/2 16:13,,,3.161078,3.780611,3.188176,3.496389,3.15375,3.326873,4.580209,5.599882,7.520767,8.665442,-2.07764,-1.07712,-1.84974,-1.50427,-1.91226,-1.89724,-1.98181,-1.81468,-2.10735,-1.75556
mclm3nkm6iaxoft5xt.ass,0,10,6,0,6,0,-3,1,3,2025/7/2 16:07,6,1,7,0,6,1,86,0,0,14,2025/7/2 16:14,,,-2.01614,-0.98711,-1.95577,-1.58192,-1.88581,-1.81503,-2.04485,-1.89084,-1.97783,-1.70208,3.077976,3.67025,3.163688,3.531911,3.182406,3.39414,4.535859,5.537503,7.479846,8.823285
mclm40c7io87bchvzx.p77,0,12,7,3,3,7,50,0,5,2025/7/2 16:16,1,10,6,6,0,12,50,1,0,24,2025/7/2 16:07,,,3.194875,3.611369,3.039212,3.545597,3.161651,3.299352,4.66341,5.659065,7.503287,8.764957,0.596673,0.823741,0.676143,0.851605,1.142251,1.37032,4.786653,4.996112,8.387079,8.501441
mclm40c7io87bchvzx.p77,0,8,7,6,0,13,65,0,4,2025/7/2 16:17,2,9,6,0,6,0,5,1,0,12,2025/7/2 16:09,,,1.190383,1.362253,1.228894,1.438333,1.715597,2.003079,6.041426,6.352814,10.38488,10.43828,4.017552,4.447415,3.912256,4.355219,4.096095,4.058849,5.777172,6.906421,9.284958,10.79321
mclm40c7io87bchvzx.p77,0,2,6,6,0,12,50,0,1,2025/7/2 16:17,3,5,7,3,3,7,70,1,0,20,2025/7/2 16:10,,,0.618681,0.819235,0.644293,0.852882,1.124136,1.364166,4.773197,4.831597,8.408384,8.36939,3.052835,3.632283,3.197824,3.637267,3.141398,3.363952,4.552019,5.520534,7.444539,8.769079
mclm40c7io87bchvzx.p77,0,11,7,0,6,1,5,0,6,2025/7/2 16:17,4,1,7,6,0,13,65,1,0,26,2025/7/2 16:13,,,4.008845,4.421374,4.070326,4.351344,4.020774,4.179094,5.805474,6.891814,9.297218,10.73698,-1.88849,-0.95062,-1.93484,-1.39861,-2.12353,-1.47997,-1.99655,-1.95699,-1.90408,-2.02552
mclm40c7io87bchvzx.p77,0,6,6,0,6,0,0,0,3,2025/7/2 16:18,5,4,7,0,6,1,15,1,0,14,2025/7/2 16:14,,,0.67758,0.492951,2.122196,0.603462,4.126201,1.621478,9.974339,6.161519,14.98536,10.39556,0.700872,0.454819,2.144602,0.714919,4.184352,1.604916,10.20366,6.180204,14.91655,10.63886
mclm40c7io87bchvzx.p77,0,7,6,3,3,6,50,0,2,2025/7/2 16:18,6,3,6,3,3,6,55,1,0,18,2025/7/2 16:15,,,-2.07939,-1.05234,-1.89051,-1.48303,-1.93882,-1.72915,-2.14256,-1.82124,-1.9104,-1.89043,1.161827,1.408867,1.188733,1.371623,1.672218,1.990155,6.067018,6.216144,10.44497,10.51826
mclmeekysi90pq3ygt.3ll,1,12,7,0,6,1,12,1,6,2025/7/2 16:13,1,2,7,3,3,7,12,0,1,20,2025/7/2 16:16,,,0.668138,0.822658,0.667839,0.83796,1.153709,1.343514,4.707855,4.9225,8.463608,8.508292,0.66361,0.816753,0.659776,0.854042,1.154756,1.395859,4.814954,5.00145,8.432469,8.588958
mclmeekysi90pq3ygt.3ll,1,1,7,3,3,7,58,1,5,2025/7/2 16:13,2,4,7,0,6,1,10,0,1,14,2025/7/2 16:16,,,1.155628,1.34284,1.196867,1.389687,1.721238,1.982923,6.139801,6.34245,10.47504,10.59499,-1.85862,-1.08962,-1.75539,-1.56035,-1.88481,-1.70621,-2.02867,-1.59335,-1.81732,-2.01393
mclmeekysi90pq3ygt.3ll,1,6,6,6,0,12,48,1,1,2025/7/2 16:14,3,11,7,6,0,13,52,0,1,26,2025/7/2 16:17,,,-2.00274,-0.90899,-1.96691,-1.36817,-1.8557,-1.66449,-2.10568,-1.95032,-1.91549,-1.97305,0.708957,0.451602,2.120404,0.736272,4.170977,1.684606,10.03643,6.322346,14.77393,10.44714
mclmeekysi90pq3ygt.3ll,1,7,7,6,0,13,68,1,4,2025/7/2 16:14,4,5,6,6,0,12,61,0,1,24,2025/7/2 16:19,,,0.679157,0.409369,2.118107,0.756592,4.134425,1.659657,10.12995,6.125889,14.87229,10.46035,4.259675,4.405887,4.017796,4.341554,4.136204,4.110004,5.835374,6.933779,9.250502,10.77237
mclmeekysi90pq3ygt.3ll,1,9,6,0,6,0,0,1,3,2025/7/2 16:14,5,3,6,3,3,6,5,0,1,18,2025/7/2 16:19,,,4.013592,4.641434,4.040205,4.386866,4.00296,4.184656,5.843679,6.980614,9.263973,10.7968,3.040543,3.503749,3.20939,3.532292,3.189048,3.363577,4.573848,5.559364,7.430916,8.82498
mclmeekysi90pq3ygt.3ll,1,10,6,3,3,6,41,1,2,2025/7/2 16:14,6,8,6,0,6,0,0,0,1,12,2025/7/2 16:20,,,3.095192,3.592587,3.265598,3.499814,3.180859,3.419735,4.707062,5.479121,7.468009,8.846009,1.146424,1.436946,1.229487,1.403255,1.71858,1.964398,6.088611,6.339305,10.39999,10.34511
mclmelnxdtg1tym371.i,0,3,6,3,3,6,49,0,2,2025/7/2 16:20,1,1,7,6,0,13,24,1,0,26,2025/7/2 16:15,,,4.061659,4.532041,3.962077,4.35602,4.043426,4.147377,5.894745,6.811715,9.310198,10.6746,4.077784,4.543152,4.08705,4.322876,3.919926,4.201387,5.892391,6.939197,9.309703,10.71079
mclmelnxdtg1tym371.i,0,9,7,6,0,13,48,0,4,2025/7/2 16:20,2,6,7,0,6,1,57,1,0,14,2025/7/2 16:16,,,-1.81597,-1.04897,-1.95984,-1.45793,-1.96177,-1.65054,-1.97493,-1.70096,-1.77719,-2.00962,0.627868,0.800185,0.701249,0.850381,1.133045,1.362485,4.769742,4.982483,8.410834,8.509238
mclmelnxdtg1tym371.i,0,4,7,0,6,1,10,0,6,2025/7/2 16:20,3,12,7,3,3,7,35,1,0,20,2025/7/2 16:17,,,3.087763,3.699953,3.179192,3.454053,3.2037,3.366986,4.610414,5.510875,7.481348,8.733083,1.153795,1.337241,1.188707,1.393608,1.725055,1.965018,6.091987,6.348742,10.36821,10.50589
mclmelnxdtg1tym371.i,0,7,7,3,3,7,44,0,5,2025/7/2 16:20,4,5,6,3,3,6,42,1,0,18,2025/7/2 16:18,,,0.634035,0.855219,0.678495,0.8664,1.162794,1.345325,4.796973,4.871719,8.392623,8.464034,-1.94807,-0.81791,-2.00779,-1.36703,-1.96809,-1.58678,-2.11127,-1.94989,-2.04693,-1.87156
mclmelnxdtg1tym371.i,0,2,6,6,0,12,77,0,1,2025/7/2 16:20,5,8,6,0,6,0,-6,1,0,12,2025/7/2 16:18,,,0.700592,0.523884,2.164009,0.719992,4.086176,1.542978,10.05816,6.183827,14.88846,10.49484,0.702375,0.420807,2.160803,0.712751,4.034418,1.626167,10.01735,6.213569,14.83681,10.36623
mclmelnxdtg1tym371.i,0,10,6,0,6,0,0,0,3,2025/7/2 16:21,6,11,6,6,0,12,4,1,0,24,2025/7/2 16:19,,,1.213981,1.346999,1.191853,1.407541,1.721159,2.042231,6.044172,6.225936,10.41119,10.58279,3.140694,3.636995,3.169049,3.436072,3.124251,3.336385,4.623338,5.585569,7.441753,8.834018
mclmfe2ao14plnw3b3.lll,1,6,6,6,0,12,59,0,1,2025/7/2 16:27,1,8,6,3,3,6,30,1,1,18,2025/7/2 16:17,,,-1.93933,-1.02803,-1.95679,-1.59747,-1.91769,-1.76377,-1.92702,-1.87389,-1.96903,-1.78301,-1.95843,-0.92637,-1.95554,-1.55205,-1.90582,-1.6531,-1.88359,-1.9227,-1.87167,-1.83673
mclmfe2ao14plnw3b3.lll,1,7,7,3,3,7,40,0,5,2025/7/2 16:27,2,1,7,6,0,13,40,1,1,26,2025/7/2 16:19,,,4.045778,4.464726,4.092049,4.229882,4.071873,4.236766,5.838522,6.917559,9.234827,10.89174,3.119014,3.726037,3.183925,3.540147,3.168061,3.38355,4.628757,5.506812,7.471189,8.729749
mclmfe2ao14plnw3b3.lll,1,2,6,3,3,6,30,0,2,2025/7/2 16:27,3,12,6,6,0,12,60,1,1,24,2025/7/2 16:21,,,0.618947,0.816069,0.654929,0.879173,1.125973,1.368255,4.78418,4.89396,8.468678,8.447167,0.665836,0.492004,2.092939,0.69458,4.067333,1.58348,10.08817,6.157546,14.74794,10.27736
mclmfe2ao14plnw3b3.lll,1,9,7,6,0,13,70,0,4,2025/7/2 16:28,4,11,6,0,6,0,0,1,1,12,2025/7/2 16:22,,,0.685215,0.27484,2.100724,0.662057,4.171957,1.501975,10.04921,6.261911,14.86928,10.26926,4.032321,4.45806,4.108308,4.310742,4.015026,4.146581,5.830515,6.932079,9.357436,10.78908
mclmfe2ao14plnw3b3.lll,1,3,7,0,6,1,10,0,6,2025/7/2 16:28,5,10,7,0,6,1,10,1,1,14,2025/7/2 16:24,,,1.182712,1.420056,1.183048,1.419938,1.747421,2.033416,6.1082,6.434229,10.38697,10.37835,1.21018,1.301133,1.185765,1.440906,1.752457,2.049383,6.047836,6.233864,10.42587,10.3779
mclmfe2ao14plnw3b3.lll,1,5,6,0,6,0,0,0,3,2025/7/2 16:28,6,4,7,3,3,7,40,1,1,20,2025/7/2 16:26,,,3.187595,3.633389,3.093317,3.498619,3.195284,3.398679,4.587859,5.583543,7.464776,8.804226,0.688434,0.831394,0.665064,0.848695,1.187252,1.351854,4.75895,4.994314,8.452037,8.60118
mclmk3kjluzqjrq0aa.wee,1,12,6,3,3,6,57,1,2,2025/7/2 16:19,1,5,6,3,3,6,30,0,1,18,2025/7/2 16:22,,,0.318714,-0.09355,1.700383,0.224124,3.435831,1.025244,8.547067,4.786886,12.60387,8.496473,0.624046,0.821645,0.685434,0.803489,1.103482,1.383674,4.765488,4.944616,8.425244,8.633852
mclmk3kjluzqjrq0aa.wee,1,3,7,3,3,7,85,1,5,2025/7/2 16:19,2,4,6,0,6,0,0,0,1,12,2025/7/2 16:23,,,3.158713,3.548084,3.076604,3.552549,3.162117,3.291609,4.595357,5.552299,7.473574,8.869489,3.143957,3.713414,3.103518,3.43469,3.16891,3.430197,4.579295,5.58656,7.512876,8.74635
mclmk3kjluzqjrq0aa.wee,1,9,6,0,6,0,0,1,3,2025/7/2 16:20,3,11,7,0,6,1,25,0,1,14,2025/7/2 16:24,,,0.689921,0.414817,2.12139,0.715955,4.157853,1.660298,10.1369,6.129322,14.87785,10.34615,0.684301,0.44143,2.148734,0.653853,4.097508,1.612788,10.11483,6.180586,14.84947,10.41067
mclmk3kjluzqjrq0aa.wee,1,8,7,0,6,1,61,1,6,2025/7/2 16:20,4,2,7,6,0,13,96,0,1,26,2025/7/2 16:26,,,4.132647,4.128935,4.058356,4.474701,4.061147,4.188266,5.792764,7.002232,9.297671,10.82724,0.301241,-0.04297,1.779219,0.29895,3.315347,1.023794,8.585682,4.801826,12.54795,8.550209
mclmk3kjluzqjrq0aa.wee,1,10,7,6,0,13,84,1,4,2025/7/2 16:21,5,1,6,6,0,12,80,0,1,24,2025/7/2 16:27,,,0.597173,0.827532,0.648794,0.849069,1.139724,1.402947,4.807486,4.925988,8.508954,8.424404,3.988957,4.401992,4.117766,4.320529,3.975466,4.088222,5.878071,6.885917,9.282213,10.7814
mclmk3kjluzqjrq0aa.wee,1,7,6,6,0,12,74,1,1,2025/7/2 16:21,6,6,7,3,3,7,40,0,1,20,2025/7/2 16:28,,,1.181583,1.390542,1.203918,1.380224,1.745501,2.030553,6.042553,6.312622,10.40198,10.58796,1.130681,1.360199,1.203374,1.369452,1.734441,1.994365,6.150396,6.390665,10.42246,10.42862
mcln966w5ayflxl00s,0,8,6,6,0,12,36,0,1,2025/7/2 16:43,1,5,7,6,0,13,43,1,0,26,2025/7/2 16:38,,,3.947838,4.358557,4.087263,4.392656,4.00178,4.260813,5.799361,6.987413,9.259086,10.77314,4.097621,4.530059,4.044352,4.299679,4.110011,4.145766,5.755387,6.875081,9.255651,10.79011
mcln966w5ayflxl00s,0,4,7,3,3,7,33,0,5,2025/7/2 16:43,2,1,6,0,6,0,34,1,0,12,2025/7/2 16:39,,,0.701958,0.361913,2.141411,0.68317,4.064471,1.641679,10.05837,6.039522,14.83563,10.47652,0.653947,0.843995,0.625134,0.836434,1.13806,1.373029,4.771416,4.947929,8.399529,8.486774
mcln966w5ayflxl00s,0,3,7,6,0,13,12,0,4,2025/7/2 16:43,3,10,6,6,0,12,35,1,0,24,2025/7/2 16:40,,,0.633933,0.8371,0.65589,0.866549,1.150047,1.343338,4.815007,5.040105,8.464857,8.497066,3.014804,3.630668,3.103476,3.564298,3.057304,3.357401,4.625908,5.587512,7.43525,8.766246
mcln966w5ayflxl00s,0,9,7,0,6,1,9,0,6,2025/7/2 16:43,4,7,7,0,6,1,46,1,0,14,2025/7/2 16:40,,,-1.90916,-1.00669,-1.91162,-1.406,-1.98211,-1.8071,-1.96344,-1.85854,-2.00868,-1.68701,-2.03869,-0.98827,-1.91448,-1.55292,-1.97828,-1.54877,-2.05788,-2.02782,-1.81049,-2.02625
mcln966w5ayflxl00s,0,11,6,3,3,6,31,0,2,2025/7/2 16:43,5,12,6,3,3,6,-31,1,0,18,2025/7/2 16:42,,,3.122822,3.781104,3.09551,3.527439,3.061421,3.336626,4.60493,5.602648,7.449578,8.765673,0.702189,0.444212,2.169304,0.691875,4.109329,1.591758,10.14708,6.260699,14.8673,10.51898
mcln966w5ayflxl00s,0,2,6,0,6,0,30,0,3,2025/7/2 16:43,6,6,7,3,3,7,28,1,0,20,2025/7/2 16:42,,,1.195001,1.421145,1.213691,1.40759,1.739488,1.972139,6.049434,6.308066,10.43101,10.44145,1.20223,1.404459,1.226766,1.413343,1.750094,2.034097,6.033902,6.370076,10.41455,10.52057
mcln99wklpura6l77k.eee,0,8,7,6,0,13,70,1,4,2025/7/2 16:43,1,12,7,6,0,13,40,0,0,26,2025/7/2 16:47,,,3.131926,3.524422,3.257668,3.631082,3.079841,3.299217,4.601476,5.522757,7.477516,8.81366,0.62221,0.799708,0.651233,0.847079,1.135107,1.357513,4.801229,4.873101,8.401588,8.503101
mcln99wklpura6l77k.eee,0,10,6,0,6,0,0,1,3,2025/7/2 16:43,2,9,6,3,3,6,20,0,0,18,2025/7/2 16:48,,,-1.9595,-1.00975,-1.98789,-1.51709,-2.05159,-1.718,-1.969,-2.09262,-1.90903,-1.98289,3.228429,3.71585,3.134306,3.556859,3.193924,3.335138,4.604017,5.543766,7.536993,8.645729
mcln99wklpura6l77k.eee,0,7,6,6,0,12,50,1,1,2025/7/2 16:44,3,5,7,3,3,7,30,0,0,20,2025/7/2 16:49,,,0.685343,0.408154,2.076889,0.670605,4.164661,1.663343,10.01905,6.191428,14.70456,10.55364,0.704131,0.383363,2.134311,0.712953,3.977747,1.54293,9.939187,6.126387,14.79097,10.32875
mcln99wklpura6l77k.eee,0,1,6,3,3,6,40,1,2,2025/7/2 16:44,4,11,6,0,6,0,0,0,0,12,2025/7/2 16:50,,,4.101327,4.259571,4.133231,4.333103,3.971097,4.089417,5.861378,6.858195,9.254336,10.73427,1.181964,1.443201,1.191571,1.414564,1.783793,2.062608,6.124401,6.217377,10.41729,10.52113
mcln99wklpura6l77k.eee,0,2,7,0,6,1,15,1,6,2025/7/2 16:45,5,6,7,0,6,1,5,0,0,14,2025/7/2 16:51,,,1.224552,1.282235,1.187309,1.445182,1.769485,1.994045,6.118281,6.369275,10.39454,10.43851,-1.88266,-0.95225,-1.88198,-1.48716,-1.9583,-1.67537,-1.90307,-1.84006,-2.02772,-1.83046
mcln99wklpura6l77k.eee,0,3,7,3,3,7,70,1,5,2025/7/2 16:45,6,4,6,6,0,12,70,0,0,24,2025/7/2 16:52,,,0.652425,0.812649,0.669124,0.845103,1.151181,1.35022,4.745386,5.039303,8.432706,8.498889,4.003374,4.550342,4.051843,4.461731,4.053832,4.094399,5.8599,6.857716,9.227511,10.76689
mcln9gt4v184bt5q8y.p77,1,6,6,0,6,0,0,0,3,2025/7/2 16:44,1,10,6,0,6,0,0,1,1,12,2025/7/2 16:39,,,0.621114,0.811424,0.673671,0.8353,1.138058,1.354703,4.743633,5.032891,8.418044,8.538684,-1.97145,-0.88296,-2.05039,-1.39891,-1.9296,-1.76577,-2.02703,-2.05033,-1.9552,-1.99751
mcln9gt4v184bt5q8y.p77,1,3,7,6,0,13,55,0,4,2025/7/2 16:45,2,2,6,6,0,12,60,1,1,24,2025/7/2 16:40,,,4.114042,4.334313,3.976019,4.340785,3.989577,4.278266,5.78167,7.016274,9.346511,10.65849,-2.17283,-1.48859,-2.06107,-1.70186,-2.16443,-1.68996,-1.96134,-2.0127,-2.01686,-1.93769
mcln9gt4v184bt5q8y.p77,1,5,6,3,3,6,33,0,2,2025/7/2 16:45,3,7,7,0,6,1,10,1,1,14,2025/7/2 16:41,,,2.959274,3.589517,3.10717,3.553589,3.18375,3.38347,4.596476,5.539391,7.457142,8.722833,3.115651,3.559736,3.168159,3.53976,3.105181,3.431505,4.566133,5.471055,7.496367,8.787295
mcln9gt4v184bt5q8y.p77,1,1,7,0,6,1,10,0,6,2025/7/2 16:46,4,9,7,6,0,13,40,1,1,26,2025/7/2 16:42,,,0.689049,0.425616,2.185674,0.629652,4.126819,1.592365,10.14094,6.25693,14.86102,10.39185,-1.56788,-1.40772,-1.51674,-1.43194,-1.69422,-1.59447,-1.83913,-1.90073,-1.84194,-1.73433
mcln9gt4v184bt5q8y.p77,1,12,7,3,3,7,60,0,5,2025/7/2 16:46,5,8,7,3,3,7,30,1,1,20,2025/7/2 16:43,,,-1.89665,-0.86749,-1.92343,-1.37977,-1.88033,-1.62877,-1.96316,-1.85702,-1.89497,-1.79298,1.24693,1.402943,1.230783,1.387943,1.695316,1.977335,6.088375,6.29245,10.49273,10.45934
mcln9gt4v184bt5q8y.p77,1,11,6,6,0,12,50,0,1,2025/7/2 16:46,6,4,6,3,3,6,40,1,1,18,2025/7/2 16:44,,,1.174982,1.410305,1.24089,1.369796,1.762341,2.085871,6.098746,6.435061,10.45252,10.44313,4.077132,4.380221,3.996427,4.419866,4.132946,4.171918,5.824454,6.960682,9.325651,10.77697
mcln9le5ofgf0m3sph.p77,0,9,6,0,6,0,30,1,3,2025/7/2 16:39,1,8,6,3,3,6,30,0,0,18,2025/7/2 16:44,,,1.159926,1.333172,1.181023,1.41917,1.738194,2.041934,6.030278,6.267216,10.44699,10.45484,3.888813,4.374399,4.062394,4.443829,4.008646,4.093084,5.835414,6.803415,9.290298,10.87976
mcln9le5ofgf0m3sph.p77,0,4,6,6,0,12,90,1,1,2025/7/2 16:39,2,2,6,6,0,12,80,0,0,24,2025/7/2 16:45,,,3.959754,4.341039,4.010239,4.318685,3.999844,4.112144,5.896713,7.002024,9.32375,10.78429,0.637448,0.826284,0.659438,0.847322,1.114844,1.343095,4.845073,4.914583,8.441404,8.376885
mcln9le5ofgf0m3sph.p77,0,3,7,0,6,1,80,1,6,2025/7/2 16:40,3,5,7,0,6,1,70,0,0,14,2025/7/2 16:46,,,3.169831,3.61778,3.091068,3.525598,3.147793,3.311052,4.622994,5.521152,7.447196,8.813109,1.14798,1.36553,1.190817,1.408249,1.742748,1.964467,6.106013,6.276552,10.40065,10.43901
mcln9le5ofgf0m3sph.p77,0,10,7,6,0,13,80,1,4,2025/7/2 16:40,4,6,6,0,6,0,20,0,0,12,2025/7/2 16:47,,,0.686428,0.412406,2.165609,0.681445,4.12821,1.623043,10.08557,6.1894,14.77892,10.36068,0.695827,0.465241,2.138946,0.712186,4.099347,1.515166,9.974328,6.119716,14.8437,10.38316
mcln9le5ofgf0m3sph.p77,0,1,6,3,3,6,60,1,2,2025/7/2 16:41,5,11,7,6,0,13,70,0,0,26,2025/7/2 16:48,,,0.619317,0.797241,0.677886,0.843329,1.149786,1.382924,4.751553,4.865161,8.447401,8.407968,3.291255,3.520837,3.087112,3.485343,3.173771,3.428407,4.566825,5.512365,7.468202,8.78793
mcln9le5ofgf0m3sph.p77,0,12,7,3,3,7,85,1,5,2025/7/2 16:41,6,7,7,3,3,7,60,0,0,20,2025/7/2 16:49,,,-1.85045,-1.0532,-2.0475,-1.46596,-1.87813,-1.78421,-2.03266,-1.99899,-1.82595,-1.85416,-2.08721,-0.92252,-1.83631,-1.47034,-1.98195,-1.77654,-1.99847,-1.75284,-1.93205,-1.89007
mcln9s7wign1xc1nx3.i,1,6,7,6,0,13,60,0,4,2025/7/2 16:49,1,5,7,6,0,13,40,1,1,26,2025/7/2 16:42,,,1.137223,1.370711,1.20188,1.379044,1.738357,2.011229,6.044794,6.380202,10.39399,10.38086,-2.0017,-1.0792,-1.85843,-1.55161,-1.83014,-1.72451,-2.03811,-1.82167,-1.94755,-1.84606
mcln9s7wign1xc1nx3.i,1,8,7,0,6,1,10,0,6,2025/7/2 16:50,2,3,6,3,3,6,10,1,1,18,2025/7/2 16:43,,,3.187871,3.675168,3.205457,3.535529,3.163923,3.316884,4.537632,5.519395,7.542966,8.847162,1.203664,1.339379,1.235722,1.397869,1.756731,2.00564,6.107966,6.382869,10.39651,10.53868
mcln9s7wign1xc1nx3.i,1,11,6,3,3,6,50,0,2,2025/7/2 16:51,3,10,6,6,0,12,20,1,1,24,2025/7/2 16:44,,,4.097497,4.486656,3.983005,4.503614,4.114131,4.193084,5.931923,6.896102,9.248579,10.87928,4.107704,4.443022,4.131233,4.304847,4.078612,4.166833,5.84192,6.841472,9.418395,10.74587
mcln9s7wign1xc1nx3.i,1,1,6,0,6,0,0,0,3,2025/7/2 16:52,4,2,6,0,6,0,0,1,1,12,2025/7/2 16:45,,,0.644556,0.833517,0.657521,0.830777,1.132911,1.378733,4.719294,4.888005,8.468765,8.35403,0.690756,0.363172,2.109739,0.738715,4.109987,1.674778,10.14424,6.207758,14.97782,10.50657
mcln9s7wign1xc1nx3.i,1,4,6,6,0,12,50,0,1,2025/7/2 16:52,5,9,7,0,6,1,10,1,1,14,2025/7/2 16:46,,,-2.11343,-1.52328,-2.14755,-1.57047,-2.05354,-1.81705,-2.03202,-1.95437,-2.01778,-2.13426,3.067345,3.455562,3.111455,3.434817,3.165175,3.273014,4.640033,5.528786,7.477607,8.872772
mcln9s7wign1xc1nx3.i,1,12,7,3,3,7,65,0,5,2025/7/2 16:54,6,7,7,3,3,7,20,1,1,20,2025/7/2 16:48,,,-1.88717,-0.97244,-1.98302,-1.47267,-2.15568,-1.77324,-2.14453,-1.71549,-1.95154,-1.85604,-1.55211,-1.45566,-1.55636,-1.48269,-1.59355,-1.54706,-1.86179,-1.91157,-1.90913,-1.88738
mcln9xo5t81bgfw4nm.ass,0,5,6,6,0,12,50,1,1,2025/7/2 16:40,1,8,6,3,3,6,50,0,0,18,2025/7/2 16:50,,,1.200461,1.380391,1.206523,1.372834,1.798131,2.019021,6.075132,6.34947,10.42145,10.34872,3.012941,3.613471,3.016094,3.400907,3.185973,3.349636,4.642113,5.578334,7.475068,8.779952
mcln9xo5t81bgfw4nm.ass,0,3,6,0,6,0,0,1,3,2025/7/2 16:42,2,12,6,6,0,12,53,0,0,24,2025/7/2 16:54,,,0.712319,0.44161,2.177185,0.646274,4.039818,1.584982,10.26531,6.182357,14.77469,10.37858,1.180721,1.340391,1.249221,1.360708,1.769649,2.06721,6.123876,6.23696,10.41389,10.44781
mcln9xo5t81bgfw4nm.ass,0,9,7,0,6,1,12,1,6,2025/7/2 16:43,3,6,7,0,6,1,100,0,0,14,2025/7/2 16:56,,,-1.88789,-1.01984,-1.90963,-1.69472,-1.90712,-1.52921,-1.92325,-1.89754,-1.85822,-1.78735,0.662782,0.438602,2.161689,0.720768,4.061679,1.526509,10.16732,6.266077,14.76298,10.41424
mcln9xo5t81bgfw4nm.ass,0,10,7,6,0,13,53,1,4,2025/7/2 16:44,4,4,7,3,3,7,70,0,0,20,2025/7/2 16:58,,,3.066371,3.486502,3.169933,3.619125,3.130278,3.377258,4.645776,5.600258,7.485939,8.728737,-1.87438,-1.04097,-1.95405,-1.5081,-2.06546,-1.91481,-2.07815,-1.89995,-1.92644,-1.90314
mcln9xo5t81bgfw4nm.ass,0,7,7,3,3,7,50,1,5,2025/7/2 16:46,5,1,6,0,6,0,0,0,0,12,2025/7/2 16:59,,,3.852629,4.446645,3.993063,4.366526,4.0881,4.151591,5.826535,6.929374,9.305793,10.73847,0.649347,0.853461,0.659723,0.893335,1.089589,1.41751,4.747955,4.987624,8.465839,8.45537
mcln9xo5t81bgfw4nm.ass,0,11,6,3,3,6,50,1,2,2025/7/2 16:47,6,2,7,6,0,13,55,0,0,26,2025/7/2 17:02,,,0.692003,0.812652,0.687079,0.859222,1.086947,1.379504,4.734884,4.961224,8.440597,8.415063,4.005281,4.387801,4.002595,4.328431,3.938312,4.193079,5.758882,6.881081,9.282867,10.58652
mcln9z3kj7p2n3j1xr.eee,1,9,6,3,3,6,51,1,2,2025/7/2 16:39,1,10,6,0,6,0,-10,0,1,12,2025/7/2 16:41,,,0.623038,0.810603,0.655868,0.85519,1.121882,1.418439,4.766703,4.944878,8.467958,8.488588,1.230269,1.388822,1.214564,1.331752,1.735149,1.976537,6.099356,6.218239,10.43771,10.27653
mcln9z3kj7p2n3j1xr.eee,1,11,7,6,0,13,79,1,4,2025/7/2 16:39,2,2,7,0,6,1,-5,0,1,14,2025/7/2 16:42,,,3.98623,4.405416,4.018474,4.334413,4.092656,4.13321,5.855269,6.981712,9.309915,10.7028,3.096489,3.668492,3.052624,3.488295,3.187309,3.299847,4.504252,5.523004,7.50013,8.743232
mcln9z3kj7p2n3j1xr.eee,1,3,6,6,0,12,80,1,1,2025/7/2 16:39,3,8,6,6,0,12,30,0,1,24,2025/7/2 16:43,,,1.222977,1.36218,1.220159,1.382408,1.725391,2.054583,6.002387,6.142373,10.40417,10.4895,-1.96318,-1.01271,-1.89023,-1.47081,-1.81651,-1.61045,-1.97964,-1.72761,-1.95697,-1.91903
mcln9z3kj7p2n3j1xr.eee,1,5,7,0,6,1,10,1,6,2025/7/2 16:39,4,1,6,3,3,6,-25,0,1,18,2025/7/2 16:44,,,3.07607,3.615475,3.083366,3.561223,3.10229,3.335802,4.606511,5.541129,7.497021,8.763746,0.65902,0.425183,2.154668,0.650253,4.114946,1.60365,10.06958,6.074334,14.86606,10.39481
mcln9z3kj7p2n3j1xr.eee,1,7,6,0,6,0,0,1,3,2025/7/2 16:40,5,12,7,3,3,7,5,0,1,20,2025/7/2 16:44,,,0.694954,0.404782,2.163883,0.660065,4.085877,1.619815,10.08,6.205564,14.78017,10.39965,4.037256,4.153677,4.046097,4.399312,4.095355,4.173826,5.780912,6.833496,9.253386,10.67256
mcln9z3kj7p2n3j1xr.eee,1,4,7,3,3,7,25,1,5,2025/7/2 16:40,6,6,7,6,0,13,17,0,1,26,2025/7/2 16:45,,,0.295217,0.092933,1.76175,0.316612,3.341774,1.068043,8.501691,4.950682,12.59563,8.431931,-1.47455,-1.37088,-1.55518,-1.4815,-1.76977,-1.59618,-1.78556,-1.99155,-1.88206,-1.82206
mcln9zaxd239xajjak.wee,0,10,7,3,3,7,70,1,5,2025/7/2 16:40,1,5,7,6,0,13,30,0,0,26,2025/7/2 16:46,,,0.645054,0.826768,0.655281,0.871092,1.143545,1.350885,4.831449,5.080315,8.377924,8.472857,-2.02583,-1.44489,-1.96034,-1.52681,-1.91695,-1.80351,-2.24466,-2.1397,-1.98937,-1.88642
mcln9zaxd239xajjak.wee,0,11,7,6,0,13,80,1,4,2025/7/2 16:41,2,6,6,3,3,6,50,0,0,18,2025/7/2 16:48,,,1.202835,1.405906,1.22065,1.449416,1.698257,2.020487,6.04305,6.277489,10.38078,10.22026,4.008252,4.463178,4.000014,4.356196,3.960754,4.234123,5.871797,6.844136,9.319796,10.86527
mcln9zaxd239xajjak.wee,0,8,6,6,0,12,50,1,1,2025/7/2 16:41,3,2,7,3,3,7,70,0,0,20,2025/7/2 16:50,,,0.70893,0.388995,2.219428,0.730158,4.052967,1.550579,10.0253,6.213948,14.73318,10.42315,-1.88513,-1.03368,-2.01499,-1.39486,-1.99279,-1.81053,-1.97139,-1.86354,-1.89047,-1.77816
mcln9zaxd239xajjak.wee,0,4,7,0,6,1,10,1,6,2025/7/2 16:42,4,1,7,0,6,1,10,0,0,14,2025/7/2 16:52,,,3.273117,3.45584,3.181428,3.604822,3.090391,3.359243,4.63697,5.51335,7.50532,8.724239,1.230134,1.360888,1.237641,1.336872,1.723443,1.991689,6.104534,6.236441,10.37374,10.45797
mcln9zaxd239xajjak.wee,0,9,6,3,3,6,50,1,2,2025/7/2 16:43,5,3,6,6,0,12,80,0,0,24,2025/7/2 16:55,,,-1.98237,-0.98472,-2.1049,-1.5854,-1.94492,-1.88216,-1.90993,-1.87549,-1.99752,-1.95513,0.639939,0.797424,0.658484,0.855951,1.154368,1.360787,4.793893,4.975664,8.431365,8.411548
mcln9zaxd239xajjak.wee,0,7,6,0,6,0,0,1,3,2025/7/2 16:43,6,12,6,0,6,0,0,0,0,12,2025/7/2 16:56,,,4.074464,4.401706,4.053786,4.443418,4.041543,4.15296,5.896503,6.800002,9.345017,10.59662,3.152059,3.734439,3.185906,3.489829,3.199308,3.377269,4.575141,5.66162,7.46762,8.737889
mcln9zhzfsqn5t376k.3ll,1,3,7,3,3,7,60,0,5,2025/7/2 16:47,1,2,6,0,6,0,0,1,1,12,2025/7/2 16:40,,,4.049962,4.426275,4.088015,4.369449,4.160377,4.156187,5.732022,6.93821,9.294002,10.87698,0.6482,0.808212,0.651193,0.833386,1.154555,1.356588,4.779903,4.966589,8.440601,8.544383
mcln9zhzfsqn5t376k.3ll,1,6,6,6,0,12,50,0,1,2025/7/2 16:48,2,10,7,3,3,7,30,1,1,20,2025/7/2 16:42,,,1.177483,1.343385,1.198511,1.391387,1.732754,2.02191,6.093079,6.238295,10.45868,10.58124,3.075675,3.681537,3.09023,3.591091,3.253387,3.327061,4.537695,5.583339,7.505008,8.732339
mcln9zhzfsqn5t376k.3ll,1,9,7,6,0,13,60,0,4,2025/7/2 16:49,3,1,7,6,0,13,40,1,1,26,2025/7/2 16:43,,,0.686532,0.444008,2.195694,0.681952,4.118654,1.603703,9.96453,6.115189,14.78139,10.39144,0.662995,0.392185,2.145364,0.700385,4.079059,1.65949,10.11527,6.17609,14.80289,10.54455
mcln9zhzfsqn5t376k.3ll,1,7,6,3,3,6,20,0,2,2025/7/2 16:49,4,11,7,0,6,1,20,1,1,14,2025/7/2 16:44,,,-1.98097,-0.94953,-1.89869,-1.44578,-1.87645,-1.84592,-1.83889,-1.80907,-1.88772,-2.0358,4.023039,4.412006,3.9864,4.357872,4.025499,4.159565,5.856326,6.982442,9.278728,10.75819
mcln9zhzfsqn5t376k.3ll,1,4,7,0,6,1,0,0,6,2025/7/2 16:50,5,8,6,6,0,12,40,1,1,24,2025/7/2 16:45,,,0.69339,0.825598,0.678794,0.862312,1.12488,1.35998,4.755787,4.972646,8.415909,8.498917,-1.90659,-0.94376,-1.97635,-1.38599,-2.07712,-1.62333,-1.94455,-2.046,-2.10659,-1.84163
mcln9zhzfsqn5t376k.3ll,1,5,6,0,6,0,0,0,3,2025/7/2 16:51,6,12,6,3,3,6,0,1,1,18,2025/7/2 16:46,,,3.234798,3.553199,3.108574,3.478179,3.103837,3.347973,4.594318,5.588305,7.496499,8.801201,1.161829,1.320567,1.206513,1.40214,1.743768,2.025297,6.113909,6.230103,10.41621,10.3781
mclna0mx9w4yqta7ae.eee,1,2,7,3,3,7,70,0,5,2025/7/2 16:48,1,9,6,6,0,12,90,1,1,24,2025/7/2 16:40,,,1.18465,1.401047,1.201838,1.381058,1.711871,2.005856,6.074723,6.31226,10.40771,10.44319,1.166788,1.383848,1.194893,1.436052,1.719255,2.037997,6.074058,6.169183,10.41962,10.48338
mclna0mx9w4yqta7ae.eee,1,4,7,0,6,1,30,0,6,2025/7/2 16:48,2,7,7,3,3,7,70,1,1,20,2025/7/2 16:42,,,-1.83913,-0.99617,-1.90024,-1.50468,-1.96929,-1.71208,-1.87555,-1.86299,-1.97196,-2.03883,0.690494,0.454761,2.11687,0.608003,4.049284,1.642165,10.14983,6.174893,14.84988,10.36659
mclna0mx9w4yqta7ae.eee,1,12,6,0,6,0,0,0,3,2025/7/2 16:48,3,6,7,0,6,1,5,1,1,14,2025/7/2 16:43,,,0.699186,0.397564,2.135293,0.668385,4.114976,1.635927,10.09115,6.107759,14.77805,10.39133,0.329285,-0.06585,1.707874,0.311461,3.454887,1.079479,8.516369,4.902952,12.53873,8.433408
mclna0mx9w4yqta7ae.eee,1,5,6,6,0,12,50,0,1,2025/7/2 16:49,4,8,6,0,6,0,0,1,1,12,2025/7/2 16:44,,,4.078478,4.57057,4.069264,4.488456,3.984388,4.183068,5.833294,6.983544,9.311017,10.75573,0.663215,0.81427,0.675272,0.827502,1.152055,1.434746,4.770057,4.90987,8.402114,8.383533
mclna0mx9w4yqta7ae.eee,1,1,7,6,0,13,70,0,4,2025/7/2 16:49,5,11,6,3,3,6,70,1,1,18,2025/7/2 16:45,,,3.124325,3.68138,3.169794,3.560564,3.143993,3.436621,4.577611,5.49491,7.468259,8.657566,3.135731,3.658057,3.093915,3.549566,3.047593,3.251677,4.687569,5.591593,7.516473,8.814758
mclna0mx9w4yqta7ae.eee,1,10,6,3,3,6,50,0,2,2025/7/2 16:50,6,3,7,6,0,13,75,1,1,26,2025/7/2 16:47,,,0.613163,0.841733,0.672978,0.862635,1.105643,1.388932,4.788692,4.998604,8.436362,8.587425,3.997674,4.500674,4.103574,4.374582,4.007146,4.237808,5.954473,6.934586,9.362975,10.84464
mclna1mkyreqtne4lm.wee,0,4,6,3,3,6,21,0,2,2025/7/2 16:45,1,5,7,3,3,7,68,1,0,20,2025/7/2 16:40,,,3.223904,3.639864,3.141243,3.494847,3.123407,3.406369,4.642608,5.469305,7.451161,8.725234,0.617119,0.836336,0.662836,0.847627,1.143669,1.355397,4.747308,4.980949,8.418599,8.556726
mclna1mkyreqtne4lm.wee,0,11,7,6,0,13,52,0,4,2025/7/2 16:45,2,3,6,6,0,12,10,1,0,24,2025/7/2 16:41,,,0.716122,0.378919,2.22542,0.599802,4.087979,1.613987,10.01368,6.185447,14.74715,10.40135,0.691349,0.421327,2.115482,0.79474,4.046239,1.64983,9.996538,6.295763,14.7476,10.27283
mclna1mkyreqtne4lm.wee,0,8,7,3,3,7,28,0,5,2025/7/2 16:45,3,2,6,0,6,0,-8,1,0,12,2025/7/2 16:41,,,1.182102,1.375713,1.245794,1.411631,1.709704,2.074425,6.080135,6.245334,10.40127,10.3845,3.15153,3.770693,3.229808,3.48759,3.123813,3.298981,4.630905,5.486714,7.5105,8.85467
mclna1mkyreqtne4lm.wee,0,1,6,6,0,12,71,0,1,2025/7/2 16:45,4,10,7,0,6,1,57,1,0,14,2025/7/2 16:42,,,0.631624,0.803158,0.66287,0.85952,1.120914,1.371175,4.732586,5.022321,8.471883,8.455745,4.186777,4.371725,3.948358,4.401239,4.082191,4.093342,5.863385,6.820817,9.343645,10.76135
mclna1mkyreqtne4lm.wee,0,9,7,0,6,1,15,0,6,2025/7/2 16:45,5,12,7,6,0,13,25,1,0,26,2025/7/2 16:43,,,4.052744,4.57251,3.991953,4.44944,4.052714,4.154918,5.82862,6.822751,9.287439,10.79492,1.245083,1.33875,1.204,1.391999,1.741531,2.006228,6.031912,6.343792,10.38121,10.47256
mclna1mkyreqtne4lm.wee,0,7,6,0,6,0,2,0,3,2025/7/2 16:46,6,6,6,3,3,6,-7,1,0,18,2025/7/2 16:44,,,-2.03274,-0.96522,-1.99857,-1.39692,-1.92082,-1.78164,-2.06933,-2.07063,-1.8549,-1.92886,-2.07714,-1.02885,-2.06057,-1.55048,-1.96445,-1.65618,-2.06336,-1.68245,-1.97365,-1.67647
mclna2pbkes5dt9wru.sss,0,11,6,3,3,6,60,1,2,2025/7/2 16:39,1,2,7,0,6,1,0,0,0,14,2025/7/2 16:42,,,4.08517,4.472391,3.883485,4.342211,4.127438,4.199264,5.862428,6.84885,9.337804,10.8862,3.094214,3.631401,3.190103,3.572181,3.220014,3.31509,4.607263,5.487553,7.456845,8.846393
mclna2pbkes5dt9wru.sss,0,7,7,3,3,7,70,1,5,2025/7/2 16:39,2,1,7,6,0,13,30,0,0,26,2025/7/2 16:43,,,0.682467,0.424792,2.12775,0.675889,4.037987,1.547661,10.02338,6.122882,14.868,10.23718,0.596532,0.772913,0.692384,0.866762,1.145609,1.388726,4.751905,4.874438,8.422121,8.382696
mclna2pbkes5dt9wru.sss,0,12,7,0,6,1,10,1,6,2025/7/2 16:39,3,3,6,0,6,0,0,0,0,12,2025/7/2 16:44,,,0.66173,0.861921,0.645095,0.826472,1.11334,1.351045,4.743065,4.894999,8.452587,8.54547,-1.7237,-1.63119,-1.70928,-1.66937,-1.75033,-1.83002,-2.03139,-1.93659,-2.05101,-2.40141
mclna2pbkes5dt9wru.sss,0,9,6,6,0,12,75,1,1,2025/7/2 16:40,4,8,7,3,3,7,50,0,0,20,2025/7/2 16:45,,,-2.08986,-1.00279,-1.96547,-1.35162,-1.98302,-1.86314,-1.92731,-1.8531,-1.88808,-1.94758,-2.02075,-1.04976,-1.80469,-1.52024,-2.07164,-1.56477,-1.95193,-1.76628,-1.87051,-1.85503
mclna2pbkes5dt9wru.sss,0,4,6,0,6,0,0,1,3,2025/7/2 16:40,5,6,6,3,3,6,15,0,0,18,2025/7/2 16:46,,,1.158578,1.334329,1.132813,1.443865,1.732024,2.003254,6.056167,6.306581,10.39177,10.38062,4.009422,4.236154,4.141157,4.311901,4.040011,4.187306,5.814168,6.957601,9.218874,10.78555
mclna2pbkes5dt9wru.sss,0,5,7,6,0,13,90,1,4,2025/7/2 16:41,6,10,6,6,0,12,15,0,0,24,2025/7/2 16:47,,,3.159086,3.414419,3.230209,3.481058,3.161825,3.387987,4.595843,5.577612,7.418932,8.867587,0.683185,0.434322,2.18143,0.66834,4.105761,1.595673,10.06861,6.293441,14.86646,10.49965
mclna9vjc53rjf7meg.3ll,0,12,7,6,0,13,55,0,4,2025/7/2 16:53,1,5,6,3,3,6,25,1,0,18,2025/7/2 16:41,,,0.298015,0.061998,1.758112,0.298031,3.426049,1.081028,8.54932,4.810158,12.5943,8.550439,-1.86311,-0.97674,-1.93032,-1.46534,-1.91276,-1.67274,-1.86994,-1.76048,-1.83341,-1.7679
mclna9vjc53rjf7meg.3ll,0,4,7,3,3,7,45,0,5,2025/7/2 16:54,2,2,6,6,0,12,15,1,0,24,2025/7/2 16:44,,,0.688068,0.391042,2.165164,0.658118,4.064748,1.598308,10.07964,6.150772,14.85039,10.45654,1.165647,1.380027,1.21572,1.402489,1.738445,1.997476,6.07148,6.307903,10.38486,10.44304
mclna9vjc53rjf7meg.3ll,0,10,7,0,6,1,15,0,6,2025/7/2 16:55,3,11,7,0,6,1,5,1,0,14,2025/7/2 16:45,,,1.094624,1.373045,1.205813,1.415539,1.755072,2.006446,6.099986,6.321773,10.41021,10.37092,4.150454,4.259643,3.994889,4.227476,4.081785,4.194696,5.848241,6.829384,9.302988,10.87633
mclna9vjc53rjf7meg.3ll,0,8,6,0,6,0,0,0,3,2025/7/2 16:55,4,3,7,6,0,13,50,1,0,26,2025/7/2 16:47,,,3.259978,3.727964,3.185022,3.469928,3.197141,3.342794,4.542609,5.429883,7.522883,8.840171,0.693581,0.394103,2.20339,0.663525,4.026958,1.54809,10.09867,6.196482,14.93134,10.34094
mclna9vjc53rjf7meg.3ll,0,7,6,3,3,6,45,0,2,2025/7/2 16:56,5,9,6,0,6,0,0,1,0,12,2025/7/2 16:49,,,0.682456,0.818159,0.631444,0.837813,1.128696,1.380627,4.760079,4.928363,8.475493,8.487658,3.259822,3.499827,3.077632,3.625088,3.11613,3.221032,4.6223,5.675861,7.476439,8.885318
mclna9vjc53rjf7meg.3ll,0,6,6,6,0,12,50,0,1,2025/7/2 16:57,6,1,7,3,3,7,40,1,0,20,2025/7/2 16:52,,,4.049816,4.457628,4.073668,4.330736,4.029901,4.185476,5.879287,6.913295,9.27712,10.72894,0.611387,0.776451,0.704371,0.849599,1.094853,1.415602,4.764435,4.982274,8.462598,8.500764
mclnacenjw3v7p7mwv,1,9,7,3,3,7,25,1,5,2025/7/2 16:42,1,11,7,3,3,7,40,0,1,20,2025/7/2 16:53,,,1.20957,1.422489,1.230671,1.47185,1.685832,1.977129,6.073592,6.327945,10.3872,10.4921,0.633393,0.814549,0.685937,0.827086,1.153057,1.321053,4.824838,5.018676,8.486854,8.40575
mclnacenjw3v7p7mwv,1,6,6,0,6,0,0,1,3,2025/7/2 16:44,2,12,7,0,6,1,62,0,1,14,2025/7/2 16:55,,,-1.83711,-0.99312,-1.89249,-1.35828,-1.88256,-1.89774,-1.9159,-2.02506,-2.01327,-1.9186,3.170163,3.59014,3.150349,3.571732,3.178424,3.335922,4.582033,5.610016,7.483158,8.869416
mclnacenjw3v7p7mwv,1,8,7,0,6,1,83,1,6,2025/7/2 16:46,3,10,6,0,6,0,86,0,1,12,2025/7/2 16:57,,,4.061548,4.287038,4.050692,4.361219,3.997756,4.167375,5.82229,6.829024,9.278427,10.70635,1.156027,1.38032,1.242664,1.385981,1.69975,1.999854,6.074891,6.339909,10.48201,10.51532
mclnacenjw3v7p7mwv,1,4,7,6,0,13,70,1,4,2025/7/2 16:47,4,1,6,3,3,6,50,0,1,18,2025/7/2 17:00,,,3.145399,3.755286,3.142977,3.442797,3.176612,3.339832,4.608772,5.591597,7.541465,8.846491,4.008118,4.528775,4.053159,4.388121,4.04425,4.31466,5.771567,6.930162,9.291406,10.83315
mclnacenjw3v7p7mwv,1,2,6,6,0,12,50,1,1,2025/7/2 16:48,5,5,6,6,0,12,40,0,1,24,2025/7/2 17:02,,,0.633245,0.809842,0.678912,0.858342,1.135444,1.381961,4.740254,4.969672,8.393199,8.463642,-2.01943,-1.06976,-1.96731,-1.60565,-1.96456,-1.59305,-1.92759,-1.79744,-1.84961,-1.972
mclnacenjw3v7p7mwv,1,3,6,3,3,6,50,1,2,2025/7/2 16:49,6,7,7,6,0,13,27,0,1,26,2025/7/2 17:04,,,0.691784,0.468351,2.144578,0.707513,4.099055,1.665815,10.18988,6.218972,14.81647,10.43101,0.698006,0.343128,2.161868,0.742835,4.044194,1.671491,10.14213,6.271215,14.82308,10.53313
mclnaehcjy2j1sbacr.eee,1,11,6,6,0,12,50,0,1,2025/7/2 16:46,1,8,6,3,3,6,50,1,1,18,2025/7/2 16:39,,,0.604036,0.792738,0.671938,0.833311,1.154995,1.336593,4.786822,5.001252,8.421164,8.554839,0.690397,0.389824,2.109871,0.707472,4.046549,1.659612,9.970551,6.212884,14.76468,10.37651
mclnaehcjy2j1sbacr.eee,1,1,7,0,6,1,10,0,6,2025/7/2 16:46,2,7,7,0,6,1,30,1,1,14,2025/7/2 16:40,,,1.130835,1.359136,1.189299,1.388798,1.780682,1.997902,6.023511,6.305078,10.4365,10.47388,1.186978,1.391491,1.221804,1.427371,1.708903,2.076836,6.101679,6.250229,10.37476,10.51379
mclnaehcjy2j1sbacr.eee,1,6,7,3,3,7,40,0,5,2025/7/2 16:46,3,2,6,6,0,12,100,1,1,24,2025/7/2 16:42,,,-1.88938,-0.94817,-1.94248,-1.53853,-2.03751,-1.76227,-1.97725,-2.02777,-1.98729,-1.67758,3.121969,3.611722,3.207478,3.652902,3.210482,3.373425,4.596735,5.517126,7.437441,8.757835
mclnaehcjy2j1sbacr.eee,1,10,6,3,3,6,50,0,2,2025/7/2 16:47,4,3,7,6,0,13,40,1,1,26,2025/7/2 16:43,,,4.002416,4.475784,4.031649,4.419136,4.117591,4.110471,5.795334,6.816794,9.264978,10.79383,0.649115,0.771952,0.660461,0.865128,1.136187,1.429444,4.709592,4.913946,8.431131,8.543368
mclnaehcjy2j1sbacr.eee,1,9,7,6,0,13,80,0,4,2025/7/2 16:47,5,4,7,3,3,7,45,1,1,20,2025/7/2 16:44,,,3.223197,3.629478,3.142648,3.555309,3.153373,3.400475,4.536846,5.451317,7.445006,8.8112,4.001464,4.435115,4.07226,4.32607,4.124863,4.212151,5.852791,6.85085,9.3276,10.79113
mclnaehcjy2j1sbacr.eee,1,12,6,0,6,0,0,0,3,2025/7/2 16:47,6,5,6,0,6,0,0,1,1,12,2025/7/2 16:45,,,0.676214,0.420718,2.135888,0.705127,4.06889,1.590418,10.08568,6.014991,14.86285,10.54551,0.304217,-0.00322,1.751952,0.232586,3.41821,1.015149,8.560419,4.854252,12.61475,8.375771
mclnal6x0y53btq18j.777,0,4,7,6,0,13,70,0,4,2025/7/2 16:50,1,3,6,6,0,12,60,1,0,24,2025/7/2 16:42,,,3.970355,4.445432,3.977765,4.403232,4.016937,4.187618,5.779363,6.914739,9.326447,10.72913,0.652835,0.853758,0.637442,0.850413,1.106821,1.38424,4.790243,4.989519,8.507991,8.556138
mclnal6x0y53btq18j.777,0,1,7,0,6,1,5,0,6,2025/7/2 16:51,2,9,6,3,3,6,40,1,0,18,2025/7/2 16:44,,,0.684788,0.429179,2.172797,0.626419,4.153363,1.621183,10.06809,6.077611,14.73707,10.45864,-2.12011,-1.00345,-1.99139,-1.32484,-2.02037,-1.60239,-1.99701,-1.84685,-2.06282,-1.81615
mclnal6x0y53btq18j.777,0,7,6,3,3,6,40,0,2,2025/7/2 16:52,3,12,7,3,3,7,-15,1,0,20,2025/7/2 16:45,,,3.042866,3.583134,3.147517,3.557617,3.122367,3.437192,4.613715,5.62232,7.419733,8.758931,0.690811,0.402711,2.145789,0.750216,4.101829,1.676901,10.12203,6.189361,14.83156,10.41531
mclnal6x0y53btq18j.777,0,6,6,0,6,0,0,0,3,2025/7/2 16:52,4,10,6,0,6,0,0,1,0,12,2025/7/2 16:47,,,1.204095,1.351032,1.20946,1.438829,1.696475,1.988421,6.041946,6.373217,10.43316,10.45648,3.283414,3.651809,3.135002,3.56772,3.170162,3.368554,4.591582,5.459624,7.460201,8.693255
mclnal6x0y53btq18j.777,0,2,7,3,3,7,60,0,5,2025/7/2 16:53,5,11,7,6,0,13,55,1,0,26,2025/7/2 16:48,,,-1.95973,-0.95174,-1.84689,-1.40812,-1.90936,-1.45577,-1.96956,-2.03053,-2.05388,-1.96778,4.094196,4.518083,4.10966,4.274337,4.07221,4.107378,5.828022,6.835081,9.333936,10.87062
mclnal6x0y53btq18j.777,0,8,6,6,0,12,50,0,1,2025/7/2 16:53,6,5,7,0,6,1,20,1,0,14,2025/7/2 16:49,,,0.601718,0.831184,0.680797,0.808962,1.155468,1.400693,4.773557,4.967445,8.4164,8.445965,1.167948,1.445451,1.183395,1.397762,1.715021,2.058876,6.079719,6.258078,10.39464,10.41716
mclnall7dzdygzumoi.3ll,1,4,6,0,6,0,36,1,3,2025/7/2 16:39,1,8,6,0,6,0,0,0,1,12,2025/7/2 16:41,,,0.700013,0.494007,2.140755,0.645608,4.117561,1.657165,10.14946,6.274175,14.72267,10.37657,-1.99625,-0.95291,-2.03086,-1.50867,-1.94446,-1.61038,-2.09633,-1.55852,-1.90442,-1.65284
mclnall7dzdygzumoi.3ll,1,5,7,0,6,1,64,1,6,2025/7/2 16:39,2,12,7,3,3,7,37,0,1,20,2025/7/2 16:42,,,3.053555,3.462246,3.057094,3.616092,3.178877,3.229022,4.605212,5.472039,7.482058,8.808248,3.137827,3.636863,3.187498,3.68252,3.219343,3.444763,4.566486,5.530849,7.412064,8.796152
mclnall7dzdygzumoi.3ll,1,10,7,3,3,7,83,1,5,2025/7/2 16:40,3,9,7,6,0,13,59,0,1,26,2025/7/2 16:43,,,-1.98885,-0.85348,-1.9818,-1.52311,-2.02339,-1.59315,-1.92862,-1.83132,-2.06999,-2.23444,0.667408,0.810583,0.667461,0.879807,1.134913,1.3738,4.775592,4.997659,8.428716,8.551568
mclnall7dzdygzumoi.3ll,1,3,6,6,0,12,100,1,1,2025/7/2 16:40,4,11,7,0,6,1,94,0,1,14,2025/7/2 16:44,,,4.096847,4.49043,4.028077,4.352898,3.998707,4.256491,5.863578,6.980147,9.302611,10.8118,0.693768,0.4591,2.105531,0.711196,4.093179,1.670626,10.01325,6.278656,14.73513,10.37976
mclnall7dzdygzumoi.3ll,1,6,6,3,3,6,51,1,2,2025/7/2 16:40,5,2,6,6,0,12,28,0,1,24,2025/7/2 16:45,,,0.633653,0.84722,0.685167,0.838344,1.107546,1.37815,4.74551,4.92497,8.383832,8.494112,4.069308,4.443762,4.049506,4.271157,3.98426,4.251778,5.887331,6.959222,9.293292,10.66871
mclnall7dzdygzumoi.3ll,1,1,7,6,0,13,100,1,4,2025/7/2 16:40,6,7,6,3,3,6,58,0,1,18,2025/7/2 16:46,,,1.186206,1.348913,1.221551,1.430099,1.722767,1.941599,6.086679,6.337862,10.39343,10.36943,1.168888,1.368655,1.19254,1.393136,1.706843,1.979805,6.12069,6.285165,10.32081,10.56124
mclnamrgnfkuwif54u,1,9,7,3,3,7,70,0,5,2025/7/2 16:51,1,1,6,3,3,6,60,1,1,18,2025/7/2 16:41,,,4.159739,4.402753,4.011324,4.209719,4.03578,4.271261,5.905431,6.874707,9.266434,10.8354,-1.97359,-1.06759,-1.80772,-1.34454,-1.96928,-1.71456,-1.947,-1.64015,-1.9432,-1.96713
mclnamrgnfkuwif54u,1,5,6,0,6,0,0,0,3,2025/7/2 16:51,2,6,6,6,0,12,50,1,1,24,2025/7/2 16:44,,,3.181762,3.631329,3.055608,3.48506,3.178046,3.37948,4.557427,5.520827,7.517485,8.835829,1.154427,1.351061,1.251691,1.418328,1.744579,2.061365,6.056641,6.382828,10.37784,10.56072
mclnamrgnfkuwif54u,1,2,7,6,0,13,70,0,4,2025/7/2 16:52,3,4,7,3,3,7,70,1,1,20,2025/7/2 16:45,,,1.181078,1.411638,1.196559,1.37585,1.69784,2.036124,5.984238,6.250744,10.40515,10.57922,0.669365,0.404316,2.098244,0.713063,4.005079,1.586836,10.06148,6.112175,14.71347,10.64071
mclnamrgnfkuwif54u,1,3,6,6,0,12,60,0,1,2025/7/2 16:53,4,12,7,6,0,13,80,1,1,26,2025/7/2 16:47,,,-1.88187,-0.96788,-1.86675,-1.54572,-1.92557,-1.80142,-1.98804,-1.9279,-1.9804,-1.71681,4.094869,4.307202,3.939907,4.375541,4.06586,4.227557,5.883502,6.885621,9.390405,10.71494
mclnamrgnfkuwif54u,1,10,6,3,3,6,20,0,2,2025/7/2 16:54,5,8,6,0,6,0,0,1,1,12,2025/7/2 16:48,,,0.702924,0.286362,2.143638,0.64888,4.082915,1.639964,10.06753,6.230565,14.78628,10.37219,0.637649,0.838112,0.646979,0.838484,1.112219,1.374877,4.766483,5.042077,8.466805,8.533078
mclnamrgnfkuwif54u,1,7,7,0,6,1,10,0,6,2025/7/2 16:54,6,11,7,0,6,1,60,1,1,14,2025/7/2 16:49,,,0.646994,0.805452,0.679466,0.867634,1.156159,1.377643,4.736808,4.85199,8.447701,8.343656,3.167725,3.515374,3.216009,3.600797,3.182877,3.410398,4.591046,5.420565,7.481321,8.760003
mclnamxkgqjz4quvtv.sss,0,1,6,3,3,6,28,1,2,2025/7/2 16:41,1,9,7,0,6,1,55,0,0,14,2025/7/2 16:49,,,3.187799,3.760796,3.184854,3.566292,3.167268,3.381542,4.5412,5.521577,7.497969,8.736393,-1.98241,-1.03622,-1.81677,-1.54295,-1.85307,-1.6545,-1.76442,-1.8791,-1.98358,-1.82689
mclnamxkgqjz4quvtv.sss,0,10,7,3,3,7,66,1,5,2025/7/2 16:42,2,4,7,3,3,7,23,0,0,20,2025/7/2 16:50,,,1.142199,1.359841,1.198979,1.399543,1.728346,2.013831,6.140386,6.271429,10.32916,10.48823,1.193576,1.418541,1.219583,1.390416,1.725841,2.020538,6.074474,6.268931,10.40327,10.43617
mclnamxkgqjz4quvtv.sss,0,12,6,0,6,0,-31,1,3,2025/7/2 16:43,3,3,6,6,0,12,33,0,0,24,2025/7/2 16:52,,,0.699315,0.408815,2.180272,0.721051,4.121494,1.764042,10.13851,6.227496,14.71185,10.43978,3.125162,3.726427,3.101062,3.638831,3.183694,3.337838,4.546965,5.479221,7.48793,8.830961
mclnamxkgqjz4quvtv.sss,0,7,7,6,0,13,55,1,4,2025/7/2 16:44,4,11,6,3,3,6,59,0,0,18,2025/7/2 16:54,,,4.023414,4.422992,3.947003,4.304523,4.087642,4.064014,5.802024,6.822073,9.330086,10.80636,0.7163,0.458891,2.201288,0.638295,4.117527,1.745609,10.08093,6.141024,14.95337,10.45974
mclnamxkgqjz4quvtv.sss,0,2,6,6,0,12,88,1,1,2025/7/2 16:45,5,6,7,6,0,13,66,0,0,26,2025/7/2 16:56,,,-2.04886,-0.97488,-1.82533,-1.44331,-1.78671,-1.63911,-2.00547,-1.65798,-1.8644,-1.94959,4.090624,4.351249,4.084442,4.365525,4.048046,4.11563,5.813205,6.808064,9.364226,10.62947
mclnamxkgqjz4quvtv.sss,0,5,7,0,6,1,23,1,6,2025/7/2 16:46,6,8,6,0,6,0,88,0,0,12,2025/7/2 16:57,,,0.638649,0.81842,0.687203,0.865521,1.155181,1.413329,4.79898,5.01774,8.450593,8.462667,0.65273,0.786662,0.658094,0.860407,1.172672,1.374003,4.738572,5.025912,8.485146,8.499501
mclnantzqx2h8rjgam.sss,0,5,7,6,0,13,40,0,4,2025/7/2 16:48,1,3,6,3,3,6,49,1,0,18,2025/7/2 16:40,,,0.649539,0.834865,0.666137,0.85899,1.133529,1.392553,4.805934,4.945149,8.421633,8.365444,1.202464,1.323554,1.22033,1.401417,1.697406,2.042714,6.090971,6.294961,10.39154,10.29352
mclnantzqx2h8rjgam.sss,0,2,7,0,6,1,11,0,6,2025/7/2 16:49,2,9,6,0,6,0,-32,1,0,12,2025/7/2 16:41,,,1.204856,1.431659,1.22949,1.403148,1.709766,1.983852,6.11344,6.295828,10.46446,10.48384,3.117016,3.599119,3.126159,3.644206,3.239469,3.343262,4.561177,5.561061,7.449439,8.763527
mclnantzqx2h8rjgam.sss,0,1,6,6,0,12,50,0,1,2025/7/2 16:50,3,12,7,0,6,1,21,1,0,14,2025/7/2 16:42,,,0.699606,0.428429,2.147714,0.667658,4.090226,1.611746,10.10648,6.130843,14.82451,10.5638,0.677065,0.835753,0.6918,0.87208,1.136288,1.347226,4.749832,4.983731,8.454378,8.543866
mclnantzqx2h8rjgam.sss,0,8,7,3,3,7,65,0,5,2025/7/2 16:50,4,11,6,6,0,12,40,1,0,24,2025/7/2 16:44,,,3.111761,3.547646,3.222357,3.501405,3.199195,3.368967,4.517815,5.55199,7.439181,8.692102,4.00197,4.547038,4.054832,4.439913,3.998318,4.245392,5.854528,7.045649,9.304918,10.71738
mclnantzqx2h8rjgam.sss,0,10,6,0,6,0,0,0,3,2025/7/2 16:51,5,4,7,6,0,13,48,1,0,26,2025/7/2 16:45,,,4.053649,4.487759,4.159207,4.409499,4.015997,4.254366,5.877135,6.896294,9.274454,10.72204,-1.82153,-0.90927,-1.80338,-1.50927,-2.00739,-1.65389,-2.00703,-1.89857,-1.91752,-1.97339
mclnantzqx2h8rjgam.sss,0,7,6,3,3,6,65,0,2,2025/7/2 16:51,6,6,7,3,3,7,85,1,0,20,2025/7/2 16:47,,,-1.90847,-0.92345,-1.87212,-1.47043,-1.98318,-1.65293,-1.93596,-1.9989,-1.97254,-1.93592,0.706221,0.416582,2.136842,0.667061,4.131281,1.68002,10.09224,6.126161,14.83778,10.17895
mclnao57zgs713pemj.eee,0,12,7,0,6,1,10,1,6,2025/7/2 16:40,1,10,6,0,6,0,0,0,0,12,2025/7/2 16:45,,,1.188272,1.402764,1.149957,1.430574,1.722571,2.006374,6.093634,6.285931,10.43859,10.3635,3.162156,3.509668,3.146283,3.613,3.187115,3.376393,4.618364,5.458646,7.506478,8.817449
mclnao57zgs713pemj.eee,0,11,6,6,0,12,70,1,1,2025/7/2 16:41,2,7,6,6,0,12,40,0,0,24,2025/7/2 16:47,,,3.105138,3.485818,3.238597,3.625384,3.058358,3.373538,4.53226,5.560102,7.427842,8.843522,-1.48174,-1.56512,-1.55627,-1.44872,-1.72946,-1.54435,-1.87019,-1.99683,-1.88724,-2.17421
mclnao57zgs713pemj.eee,0,1,6,0,6,0,0,1,3,2025/7/2 16:42,3,3,6,3,3,6,10,0,0,18,2025/7/2 16:49,,,-1.89992,-0.91461,-1.95014,-1.29529,-1.83107,-1.6458,-1.9649,-1.82001,-2.0275,-1.85403,0.669365,0.401625,2.2034,0.662005,4.096273,1.531456,10.0446,6.171549,14.65548,10.37892
mclnao57zgs713pemj.eee,0,6,7,6,0,13,59,1,4,2025/7/2 16:43,4,4,7,0,6,1,2,0,0,14,2025/7/2 16:50,,,0.697749,0.510387,2.175553,0.71319,4.078412,1.590437,10.14347,6.231204,14.78588,10.40941,-1.99947,-1.03925,-2.04066,-1.34736,-2.09942,-1.64772,-2.01239,-1.96474,-2.0116,-1.72188
mclnao57zgs713pemj.eee,0,5,6,3,3,6,11,1,2,2025/7/2 16:43,5,8,7,6,0,13,71,0,0,26,2025/7/2 16:52,,,3.965776,4.298434,4.051941,4.422935,4.12488,4.264093,5.815294,6.857058,9.295239,10.72432,-1.79643,-1.78314,-1.71471,-1.94388,-1.71307,-1.98296,-1.96753,-2.09805,-2.0386,-1.94515
mclnao57zgs713pemj.eee,0,2,7,3,3,7,25,1,5,2025/7/2 16:44,6,9,7,3,3,7,20,0,0,20,2025/7/2 16:53,,,0.620108,0.837563,0.647265,0.858349,1.143932,1.35966,4.803789,4.898387,8.492856,8.492213,-1.66548,-1.52903,-1.68896,-1.56713,-1.8626,-1.76175,-2.08613,-1.98204,-1.96153,-2.13162
mclnatp4jcgpq4hnoa.eee,1,12,7,6,0,13,80,1,4,2025/7/2 16:40,1,3,6,0,6,0,0,0,1,12,2025/7/2 16:47,,,0.642026,0.810412,0.658273,0.856181,1.11886,1.357769,4.765351,4.932285,8.445584,8.383974,0.701897,0.404725,2.097802,0.633275,4.12956,1.643617,10.07462,6.169127,14.78564,10.44017
mclnatp4jcgpq4hnoa.eee,1,5,6,6,0,12,75,1,1,2025/7/2 16:41,2,8,7,3,3,7,75,0,1,20,2025/7/2 16:48,,,3.149551,3.55023,3.152896,3.530986,3.144682,3.37443,4.662332,5.590891,7.468205,8.743457,1.194252,1.37232,1.219128,1.427179,1.695975,1.983995,6.066019,6.311483,10.43362,10.40015
mclnatp4jcgpq4hnoa.eee,1,1,7,3,3,7,75,1,5,2025/7/2 16:42,3,7,7,0,6,1,15,0,1,14,2025/7/2 16:49,,,-2.033,-1.13213,-1.82468,-1.40278,-2.01606,-1.59122,-1.98474,-1.94942,-1.99637,-1.90184,3.98347,4.45978,4.066355,4.488367,3.96811,4.228361,5.860565,6.990613,9.349309,10.84534
mclnatp4jcgpq4hnoa.eee,1,9,6,0,6,0,0,1,3,2025/7/2 16:43,4,6,7,6,0,13,70,0,1,26,2025/7/2 16:51,,,1.17368,1.377972,1.166453,1.346411,1.715823,2.040846,6.081454,6.357316,10.42405,10.45528,3.268778,3.77901,3.135272,3.47968,3.158317,3.338283,4.634133,5.458827,7.497829,8.875814
mclnatp4jcgpq4hnoa.eee,1,4,7,0,6,1,10,1,6,2025/7/2 16:45,5,2,6,3,3,6,60,0,1,18,2025/7/2 16:52,,,3.949184,4.507231,4.014492,4.336809,3.96042,4.177352,5.814008,6.876762,9.302499,10.59859,0.625307,0.822759,0.677259,0.820461,1.190957,1.375887,4.791662,4.984935,8.414955,8.456167
mclnatp4jcgpq4hnoa.eee,1,11,6,3,3,6,70,1,2,2025/7/2 16:46,6,10,6,6,0,12,70,0,1,24,2025/7/2 16:54,,,0.707669,0.410703,2.102724,0.635297,4.113681,1.623731,10.13541,6.09718,14.85717,10.33852,-1.78669,-0.99158,-1.84456,-1.44174,-2.09082,-1.65389,-1.92572,-1.69989,-1.94103,-1.87365
mclnaufv4act0uxzyz,0,3,6,6,0,12,50,0,1,2025/7/2 16:48,1,12,6,0,6,0,0,1,0,12,2025/7/2 16:41,,,-1.93335,-0.94953,-2.00872,-1.47499,-1.91927,-1.62859,-1.88665,-2.12332,-1.94699,-2.04828,3.069466,3.270979,3.108168,3.522465,3.035782,3.270545,4.631158,5.539038,7.501166,8.726297
mclnaufv4act0uxzyz,0,2,7,3,3,7,55,0,5,2025/7/2 16:49,2,5,7,3,3,7,50,1,0,20,2025/7/2 16:42,,,4.001161,4.459769,4.042175,4.329441,4.083519,4.177979,5.852312,6.911478,9.275636,10.65387,0.615517,0.914558,0.631724,0.864167,1.135864,1.338943,4.777995,5.087763,8.401656,8.417281
mclnaufv4act0uxzyz,0,10,7,0,6,1,20,0,6,2025/7/2 16:50,3,8,6,6,0,12,30,1,0,24,2025/7/2 16:44,,,1.226306,1.371289,1.214794,1.343119,1.741703,2.015616,6.070302,6.315247,10.39,10.3764,-2.09169,-1.40757,-2.0626,-1.73862,-2.10582,-1.8568,-2.23522,-1.88757,-2.14065,-2.30243
mclnaufv4act0uxzyz,0,6,7,6,0,13,55,0,4,2025/7/2 16:50,4,11,7,0,6,1,55,1,0,14,2025/7/2 16:45,,,3.087613,3.556266,3.169445,3.486797,3.209125,3.38363,4.548512,5.583321,7.545213,8.751,4.055909,4.341608,4.104313,4.389726,4.010927,4.157288,5.841122,6.781803,9.236823,10.79731
mclnaufv4act0uxzyz,0,4,6,0,6,0,0,0,3,2025/7/2 16:51,5,9,7,6,0,13,40,1,0,26,2025/7/2 16:46,,,0.680069,0.497875,2.148527,0.722674,4.094653,1.588728,10.10731,6.190558,14.74299,10.59978,-2.04718,-0.90829,-1.87627,-1.33913,-2.0509,-1.52046,-1.83433,-2.0155,-1.93586,-1.84083
mclnaufv4act0uxzyz,0,7,6,3,3,6,50,0,2,2025/7/2 16:51,6,1,6,3,3,6,60,1,0,18,2025/7/2 16:48,,,0.674157,0.805278,0.713333,0.852041,1.111336,1.357613,4.745104,4.938248,8.42944,8.505837,1.239344,1.377732,1.231125,1.409589,1.731198,2.070343,6.071931,6.246698,10.38255,10.44407
mclnavqq35eybp1xvz,1,5,6,3,3,6,80,1,2,2025/7/2 16:39,1,12,7,3,3,7,70,0,1,20,2025/7/2 16:44,,,4.102218,4.511351,4.008905,4.396063,4.102971,4.2334,5.813445,6.939698,9.320193,10.78841,0.681296,0.530967,2.154661,0.724952,4.147594,1.582131,10.05316,6.247335,14.80086,10.37888
mclnavqq35eybp1xvz,1,2,7,3,3,7,90,1,5,2025/7/2 16:40,2,4,6,6,0,12,85,0,1,24,2025/7/2 16:45,,,3.208782,3.771806,3.229858,3.592085,3.208595,3.354678,4.64238,5.46005,7.469724,8.816268,-1.97513,-0.93799,-1.96993,-1.34974,-1.87861,-1.75263,-1.97643,-1.57881,-2.09122,-1.80828
mclnavqq35eybp1xvz,1,9,7,0,6,1,15,1,6,2025/7/2 16:40,3,11,6,3,3,6,65,0,1,18,2025/7/2 16:46,,,-1.92044,-0.88099,-2.18592,-1.39043,-1.89597,-1.68627,-2.13349,-1.87112,-1.86861,-1.9047,1.213773,1.373623,1.241605,1.392926,1.781429,2.00518,6.068825,6.311576,10.41225,10.44614
mclnavqq35eybp1xvz,1,1,6,6,0,12,50,1,1,2025/7/2 16:41,4,10,7,6,0,13,90,0,1,26,2025/7/2 16:48,,,0.635868,0.784653,0.66626,0.870765,1.160808,1.359771,4.695318,5.013408,8.398431,8.401852,4.130357,4.387904,4.031601,4.443543,3.988689,4.10789,5.848644,6.993318,9.313938,10.84281
mclnavqq35eybp1xvz,1,8,7,6,0,13,80,1,4,2025/7/2 16:41,5,7,6,0,6,0,0,0,1,12,2025/7/2 16:48,,,1.163038,1.366304,1.191703,1.359856,1.688824,1.99054,6.164569,6.353973,10.41429,10.52932,0.669149,0.790642,0.618957,0.894991,1.19183,1.338264,4.806814,4.904061,8.466355,8.588368
mclnavqq35eybp1xvz,1,3,6,0,6,0,0,1,3,2025/7/2 16:41,6,6,7,0,6,1,10,0,1,14,2025/7/2 16:49,,,0.687568,0.299495,2.159032,0.698183,4.050854,1.57848,10.06225,6.152879,14.85368,10.37335,3.044196,3.689707,3.090393,3.517933,3.107964,3.384651,4.628091,5.548312,7.446366,8.746123
mclnb237j2i7wnbmbs3,0,1,7,3,3,7,30,0,5,2025/7/2 13:57,1,2,6,6,0,12,7,1,0,24,2025/7/2 13:43,,,0.680549,0.440391,2.162595,0.730677,4.044707,1.652584,10.12339,6.191169,14.77468,10.47636,0.707453,0.353461,2.15129,0.734199,4.000731,1.664507,10.02818,6.134385,14.84209,10.47103
mclnb237j2i7wnbmbs3,0,6,6,6,0,12,32,0,1,2025/7/2 13:57,2,10,6,3,3,6,0,1,0,18,2025/7/2 13:44,,,4.015914,4.434856,4.1317,4.420985,4.054067,4.186482,5.856281,6.873816,9.27473,10.7035,3.242532,3.555651,3.1335,3.586251,3.070935,3.343293,4.572059,5.582366,7.488291,8.771987
mclnb237j2i7wnbmbs3,0,9,6,0,6,0,0,0,3,2025/7/2 13:58,3,5,7,0,6,1,6,1,0,14,2025/7/2 13:46,,,0.645899,0.80741,0.644022,0.836259,1.148367,1.372944,4.810768,5.020281,8.440842,8.454902,0.646603,0.854425,0.632963,0.846694,1.13226,1.370175,4.810021,4.969196,8.472011,8.500801
mclnb237j2i7wnbmbs3,0,7,7,0,6,1,9,0,6,2025/7/2 14:00,4,4,6,0,6,0,0,1,0,12,2025/7/2 13:47,,,3.107785,3.697474,3.192767,3.5577,3.153344,3.339551,4.599518,5.542026,7.420639,8.80764,0.327483,-0.06721,1.710673,0.224834,3.344076,1.065153,8.469194,4.919805,12.52047,8.347772
mclnb237j2i7wnbmbs3,0,11,7,6,0,13,40,0,4,2025/7/2 14:01,5,3,7,6,0,13,0,1,0,26,2025/7/2 13:50,,,1.226807,1.363456,1.208272,1.429869,1.730232,2.030733,6.057796,6.352227,10.42261,10.39916,1.181342,1.427717,1.182273,1.412229,1.724813,2.003034,6.13338,6.292024,10.42896,10.38762
mclnb237j2i7wnbmbs3,0,12,6,3,3,6,30,0,2,2025/7/2 14:01,6,8,7,3,3,7,-3,1,0,20,2025/7/2 13:56,,,0.330729,0.121284,1.736223,0.295872,3.39018,1.00414,8.500777,4.981343,12.62978,8.533773,3.950949,4.435782,3.978343,4.390978,4.121002,4.193928,5.855367,6.902829,9.317128,10.83587
mclnb36wupm6oz324f.i,1,7,6,3,3,6,60,1,2,2025/7/2 16:40,1,10,7,0,6,1,5,0,1,14,2025/7/2 16:44,,,-1.92368,-1.07155,-1.90848,-1.40296,-1.85574,-1.70574,-1.91786,-2.08943,-1.93849,-1.94915,3.147936,3.415635,3.179279,3.683024,3.190418,3.383427,4.566095,5.601816,7.54025,8.765118
mclnb36wupm6oz324f.i,1,11,6,6,0,12,80,1,1,2025/7/2 16:41,2,12,7,3,3,7,40,0,1,20,2025/7/2 16:46,,,0.640591,0.821299,0.651621,0.840838,1.123197,1.352529,4.716506,4.961823,8.415519,8.510441,0.646875,0.807409,0.669788,0.880592,1.165704,1.370355,4.801042,4.949058,8.418442,8.625863
mclnb36wupm6oz324f.i,1,9,6,0,6,0,0,1,3,2025/7/2 16:41,3,1,7,6,0,13,50,0,1,26,2025/7/2 16:48,,,0.699109,0.446421,2.1318,0.665408,4.096073,1.620707,10.08617,6.089058,14.95357,10.47936,1.12839,1.330764,1.261576,1.411701,1.778085,2.025606,6.092865,6.148688,10.4063,10.37407
mclnb36wupm6oz324f.i,1,2,7,3,3,7,65,1,5,2025/7/2 16:42,4,3,6,6,0,12,50,0,1,24,2025/7/2 16:49,,,1.197957,1.296691,1.247484,1.414057,1.765695,2.053165,6.053845,6.422668,10.43256,10.54204,4.022627,4.313719,3.996061,4.364769,3.969865,4.285818,5.788026,6.888135,9.299276,10.78594
mclnb36wupm6oz324f.i,1,4,7,6,0,13,75,1,4,2025/7/2 16:42,5,8,6,3,3,6,5,0,1,18,2025/7/2 16:50,,,3.130452,3.659438,3.124359,3.483275,3.179295,3.41534,4.62972,5.583627,7.461879,8.798648,-1.92807,-0.96481,-1.92794,-1.65016,-1.95532,-1.6617,-1.91838,-1.78328,-1.85373,-2.00018
mclnb36wupm6oz324f.i,1,5,7,0,6,1,5,1,6,2025/7/2 16:43,6,6,6,0,6,0,0,0,1,12,2025/7/2 16:51,,,3.954682,4.462291,3.996395,4.317039,3.968004,4.119453,5.813903,6.925381,9.325008,10.75728,0.679082,0.337412,2.106154,0.742703,4.129567,1.658251,10.11215,6.272283,14.9011,10.37519
mclnb9es89bcb1enfz,1,12,6,0,6,0,0,0,3,2025/7/2 16:45,1,8,6,6,0,12,60,1,1,24,2025/7/2 16:40,,,1.209664,1.359298,1.205947,1.418992,1.750663,2.010595,6.121707,6.329312,10.37074,10.53298,0.654943,0.810451,0.650461,0.818403,1.104391,1.348941,4.833808,5.032765,8.433327,8.452176
mclnb9es89bcb1enfz,1,7,7,6,0,13,52,0,4,2025/7/2 16:45,2,2,6,3,3,6,80,1,1,18,2025/7/2 16:41,,,0.307282,0.056412,1.771161,0.219496,3.421734,1.018528,8.518045,4.893036,12.60432,8.461976,3.163025,3.584565,3.238884,3.462209,3.176434,3.4684,4.562886,5.621555,7.534745,8.759192
mclnb9es89bcb1enfz,1,3,7,3,3,7,45,0,5,2025/7/2 16:46,3,9,7,0,6,1,0,1,1,14,2025/7/2 16:42,,,3.22845,3.605307,3.235038,3.540671,3.138068,3.308052,4.548449,5.456295,7.51074,8.720106,1.212145,1.454604,1.234255,1.38079,1.78546,2.022741,6.086762,6.379981,10.39324,10.51793
mclnb9es89bcb1enfz,1,4,6,6,0,12,50,0,1,2025/7/2 16:46,4,11,7,6,0,13,35,1,1,26,2025/7/2 16:43,,,0.699992,0.423644,2.145274,0.655731,4.019369,1.645178,10.08058,6.167026,14.81201,10.41554,0.681686,0.415752,2.178687,0.732031,4.005453,1.636787,10.13329,6.125346,14.83333,10.61248
mclnb9es89bcb1enfz,1,5,7,0,6,1,100,0,6,2025/7/2 16:46,5,10,6,0,6,0,0,1,1,12,2025/7/2 16:44,,,4.079508,4.237543,4.136854,4.422349,4.033689,4.217623,5.774754,6.994093,9.232618,10.7766,0.30734,0.155122,1.746297,0.281387,3.394473,1.063251,8.554705,4.883149,12.58559,8.354781
mclnb9es89bcb1enfz,1,6,6,3,3,6,68,0,2,2025/7/2 16:46,6,1,7,3,3,7,35,1,1,20,2025/7/2 16:45,,,0.647517,0.820909,0.657205,0.821337,1.120571,1.357267,4.768202,5.083797,8.452922,8.508425,4.147774,4.488691,4.026522,4.382002,4.053779,4.152863,5.921607,6.863238,9.345666,10.78676
mclnb9ks0d6eet4r04,1,8,7,6,0,13,60,1,4,2025/7/2 16:40,1,11,7,0,6,1,10,0,1,14,2025/7/2 16:44,,,4.089908,4.328749,4.097894,4.394647,4.06024,4.236659,5.82475,6.902242,9.234443,10.69475,3.941259,4.33208,3.996751,4.250207,4.028383,4.199579,5.887338,6.869677,9.333084,10.84752
mclnb9ks0d6eet4r04,1,10,6,6,0,12,20,1,1,2025/7/2 16:40,2,5,6,0,6,0,0,0,1,12,2025/7/2 16:45,,,0.680663,0.383186,2.153527,0.61798,4.111424,1.658471,10.08626,6.184722,14.75353,10.39121,1.12391,1.380328,1.172602,1.397875,1.756148,2.071712,6.123058,6.436242,10.40809,10.37619
mclnb9ks0d6eet4r04,1,4,6,0,6,0,0,1,3,2025/7/2 16:41,3,1,7,3,3,7,40,0,1,20,2025/7/2 16:46,,,3.157433,3.530481,3.300217,3.518034,3.071165,3.334694,4.611883,5.59144,7.459054,8.823295,2.910984,3.65141,3.101869,3.538818,3.147746,3.399934,4.652671,5.514143,7.490152,8.731366
mclnb9ks0d6eet4r04,1,7,6,3,3,6,20,1,2,2025/7/2 16:41,4,2,7,6,0,13,50,0,1,26,2025/7/2 16:47,,,-1.98232,-0.97255,-1.97424,-1.54916,-1.87721,-1.56094,-1.85611,-1.5965,-1.99583,-1.79223,-2.09052,-0.92817,-1.85296,-1.41693,-1.99353,-1.68958,-1.82375,-1.57577,-1.85477,-1.84433
mclnb9ks0d6eet4r04,1,12,7,3,3,7,30,1,5,2025/7/2 16:42,5,3,6,3,3,6,40,0,1,18,2025/7/2 16:48,,,0.672845,0.799659,0.650952,0.844442,1.097439,1.396281,4.774644,4.971967,8.405841,8.441013,0.671807,0.807271,0.654631,0.82009,1.118633,1.342572,4.829179,4.893515,8.467156,8.496821
mclnb9ks0d6eet4r04,1,6,7,0,6,1,15,1,6,2025/7/2 16:42,6,9,6,6,0,12,35,0,1,24,2025/7/2 16:49,,,1.214699,1.339959,1.182616,1.435298,1.707165,1.945512,6.046126,6.316499,10.3645,10.42075,0.678661,0.367461,2.149404,0.672415,4.035542,1.573029,10.0869,6.1544,14.70082,10.54488
mclnbah2fjesbxq42c.777,0,1,7,0,6,1,92,1,6,2025/7/2 16:42,1,2,7,0,6,1,45,0,0,14,2025/7/2 16:49,,,0.691763,0.476891,2.130355,0.661955,4.151284,1.614865,10.15701,6.058416,14.91278,10.54,3.898012,4.59086,4.027273,4.317535,3.97812,4.188723,5.82654,6.915258,9.344478,10.69457
mclnbah2fjesbxq42c.777,0,9,7,6,0,13,26,1,4,2025/7/2 16:43,2,12,6,6,0,12,70,0,0,24,2025/7/2 16:51,,,0.648451,0.815338,0.671643,0.865892,1.165009,1.351498,4.768956,4.949296,8.406961,8.366362,-2.18302,-1.50423,-1.96219,-1.6582,-1.98986,-1.74223,-2.03121,-1.92948,-2.03404,-1.89341
mclnbah2fjesbxq42c.777,0,5,6,3,3,6,50,1,2,2025/7/2 16:44,3,4,6,3,3,6,30,0,0,18,2025/7/2 16:53,,,1.196754,1.409093,1.173365,1.370051,1.688568,1.99164,6.003276,6.328669,10.4059,10.54356,3.081369,3.75777,3.148539,3.634222,3.2018,3.292781,4.605094,5.565525,7.472808,8.711696
mclnbah2fjesbxq42c.777,0,10,6,6,0,12,25,1,1,2025/7/2 16:45,4,11,6,0,6,0,50,0,0,12,2025/7/2 16:53,,,4.085261,4.4306,4.030447,4.283019,4.035804,4.271503,5.77138,6.850126,9.27209,10.74587,0.651097,0.774133,0.655763,0.838561,1.114843,1.37525,4.758785,4.910581,8.457117,8.631049
mclnbah2fjesbxq42c.777,0,3,7,3,3,7,50,1,5,2025/7/2 16:46,5,7,7,3,3,7,35,0,0,20,2025/7/2 16:55,,,3.05729,3.436235,3.257745,3.461628,3.063361,3.308869,4.538105,5.543151,7.455557,8.705829,1.1788,1.315083,1.214275,1.403762,1.780846,1.958683,6.037015,6.470519,10.37155,10.44395
mclnbah2fjesbxq42c.777,0,8,6,0,6,0,100,1,3,2025/7/2 16:47,6,6,7,6,0,13,26,0,0,26,2025/7/2 16:56,,,-1.97897,-1.05356,-1.98186,-1.37946,-2.02148,-1.7069,-2.17216,-1.85876,-2.04735,-2.23158,-1.98606,-1.05612,-2.00052,-1.37838,-1.971,-1.75339,-1.99334,-1.88529,-1.92877,-2.13719
mclnbewrhhzphpc9db.sss,1,7,6,0,6,0,0,0,3,2025/7/2 16:48,1,8,6,6,0,12,65,1,1,24,2025/7/2 16:41,,,-2.04835,-0.96313,-1.9628,-1.36459,-1.83679,-1.63373,-1.96502,-2.11818,-1.9707,-1.77321,0.294666,0.027413,1.732716,0.355112,3.420207,1.12791,8.514973,4.921034,12.64027,8.454643
mclnbewrhhzphpc9db.sss,1,11,6,3,3,6,50,0,2,2025/7/2 16:49,2,1,6,3,3,6,25,1,1,18,2025/7/2 16:43,,,0.702496,0.376099,2.151964,0.751743,4.138114,1.61078,10.06263,6.161368,14.86044,10.44608,4.033214,4.421679,4.055458,4.264209,4.016464,4.209596,5.851619,6.881812,9.273691,10.75801
mclnbewrhhzphpc9db.sss,1,4,7,0,6,1,15,0,6,2025/7/2 16:50,3,9,7,3,3,7,20,1,1,20,2025/7/2 16:44,,,3.158584,3.520677,3.029719,3.476891,3.113301,3.379773,4.567827,5.509897,7.523717,8.848316,3.121434,3.588415,3.130441,3.436167,3.174834,3.255702,4.539718,5.453019,7.431258,8.852882
mclnbewrhhzphpc9db.sss,1,10,7,3,3,7,55,0,5,2025/7/2 16:50,4,12,7,6,0,13,80,1,1,26,2025/7/2 16:45,,,1.155618,1.446244,1.243243,1.357686,1.756711,2.049867,6.022355,6.369449,10.37701,10.40175,0.599148,0.815583,0.66978,0.853239,1.161607,1.390814,4.807787,4.911606,8.457473,8.387333
mclnbewrhhzphpc9db.sss,1,3,6,6,0,12,90,0,1,2025/7/2 16:51,5,6,6,0,6,0,0,1,1,12,2025/7/2 16:46,,,4.051688,4.341093,4.06218,4.183503,4.072864,4.217825,5.843491,6.789266,9.210678,10.75906,0.688953,0.480447,2.158572,0.762889,4.176999,1.573712,10.16653,6.108739,14.86508,10.38369
mclnbewrhhzphpc9db.sss,1,2,7,6,0,13,90,0,4,2025/7/2 16:51,6,5,7,0,6,1,10,1,1,14,2025/7/2 16:47,,,0.679884,0.817866,0.654194,0.868931,1.10975,1.371411,4.780297,4.947067,8.454651,8.542907,1.214428,1.358821,1.217919,1.442998,1.749157,2.037796,6.100366,6.165348,10.4583,10.55098
mclnbg8cgnvgvryl3d.ass,0,8,7,3,3,7,85,1,5,2025/7/2 16:40,1,10,6,3,3,6,50,0,0,18,2025/7/2 16:43,,,4.053218,4.397935,4.069405,4.511257,3.965657,4.093347,5.849155,6.978796,9.291566,10.58799,0.662897,0.781981,0.684235,0.832265,1.139635,1.40084,4.784692,4.876658,8.411276,8.436597
mclnbg8cgnvgvryl3d.ass,0,12,6,0,6,0,3,1,3,2025/7/2 16:40,2,11,6,6,0,12,25,0,0,24,2025/7/2 16:44,,,-1.88103,-1.07954,-1.83749,-1.41661,-2.0454,-1.73975,-1.85728,-1.99388,-1.87117,-2.04384,0.303629,0.026844,1.772239,0.294721,3.392964,1.071984,8.496926,4.94748,12.58252,8.419147
mclnbg8cgnvgvryl3d.ass,0,4,6,6,0,12,54,1,1,2025/7/2 16:41,3,1,7,3,3,7,35,0,0,20,2025/7/2 16:46,,,1.209249,1.404229,1.189231,1.384012,1.731076,1.990986,6.051901,6.287833,10.38945,10.43428,4.013798,4.422956,4.08261,4.337551,4.082865,4.074293,5.833887,6.826255,9.271465,10.68627
mclnbg8cgnvgvryl3d.ass,0,9,7,0,6,1,25,1,6,2025/7/2 16:41,4,6,7,0,6,1,51,0,0,14,2025/7/2 16:47,,,0.67795,0.397249,2.108629,0.738239,4.12208,1.72958,9.938623,6.29588,14.61717,10.38491,3.284316,3.460961,3.09817,3.592807,3.10557,3.375176,4.512182,5.506604,7.464346,8.747345
mclnbg8cgnvgvryl3d.ass,0,7,7,6,0,13,56,1,4,2025/7/2 16:41,5,5,6,0,6,0,66,0,0,12,2025/7/2 16:47,,,0.633933,0.867531,0.671627,0.829538,1.140115,1.371705,4.745969,5.044751,8.446853,8.415308,0.686949,0.544725,2.177888,0.701555,4.093275,1.613744,10.11895,6.248057,14.81417,10.32884
mclnbg8cgnvgvryl3d.ass,0,2,6,3,3,6,42,1,2,2025/7/2 16:42,6,3,7,6,0,13,74,0,0,26,2025/7/2 16:49,,,3.017049,3.550416,3.169626,3.591537,3.066711,3.36056,4.625547,5.494788,7.471793,8.698338,1.159621,1.344251,1.241516,1.422996,1.753957,2.001131,6.085768,6.301121,10.46583,10.54269
mclnbjdzlo0264kv8y.3ll,1,12,7,6,0,13,46,0,4,2025/7/2 16:45,1,1,7,6,0,13,98,1,1,26,2025/7/2 16:41,,,4.017834,4.456849,4.038365,4.334614,4.045874,4.136087,5.819898,6.87133,9.308227,10.71008,3.941868,4.425382,4.008892,4.381732,4.070626,4.208737,5.819819,6.94594,9.327722,10.8624
mclnbjdzlo0264kv8y.3ll,1,9,7,0,6,1,9,0,6,2025/7/2 16:46,2,7,7,3,3,7,72,1,1,20,2025/7/2 16:41,,,0.653575,0.808248,0.674773,0.895886,1.133708,1.386637,4.774757,4.915871,8.43312,8.430629,-1.87199,-0.95426,-1.94539,-1.47302,-2.07917,-1.64971,-1.97125,-1.76865,-1.91966,-1.91065
mclnbjdzlo0264kv8y.3ll,1,4,6,6,0,12,48,0,1,2025/7/2 16:46,3,10,6,6,0,12,70,1,1,24,2025/7/2 16:42,,,0.682435,0.389645,2.104607,0.720117,4.179199,1.624194,10.06608,6.25231,14.87826,10.41202,0.6419,0.815748,0.681955,0.846747,1.133994,1.38812,4.766231,4.946005,8.442598,8.480015
mclnbjdzlo0264kv8y.3ll,1,8,6,0,6,0,0,0,3,2025/7/2 16:46,4,11,6,0,6,0,0,1,1,12,2025/7/2 16:43,,,3.058605,3.537919,3.17131,3.49578,3.140087,3.37298,4.64597,5.549509,7.438571,8.748799,3.112566,3.504453,3.177061,3.440271,3.126632,3.389386,4.602752,5.479068,7.49593,8.720911
mclnbjdzlo0264kv8y.3ll,1,5,6,3,3,6,31,0,2,2025/7/2 16:46,5,2,6,3,3,6,59,1,1,18,2025/7/2 16:44,,,1.165071,1.369343,1.226092,1.418626,1.763504,2.022784,6.076611,6.283783,10.40108,10.55175,1.236466,1.408698,1.175785,1.395675,1.690402,1.982719,6.115984,6.29432,10.42076,10.56485
mclnbjdzlo0264kv8y.3ll,1,3,7,3,3,7,37,0,5,2025/7/2 16:46,6,6,7,0,6,1,12,1,1,14,2025/7/2 16:45,,,-1.90125,-0.98507,-1.89172,-1.38886,-1.93735,-1.72821,-1.94319,-2.10383,-1.8879,-1.72768,0.69906,0.46167,2.143018,0.712422,4.088002,1.556427,10.11417,6.116587,14.86789,10.32868
mclnbjfii8q61r4pur.ass,0,5,7,0,6,1,50,0,6,2025/7/2 16:51,1,4,7,6,0,13,50,1,0,26,2025/7/2 16:43,,,0.683835,0.776942,0.679937,0.863624,1.11506,1.356579,4.745145,4.959355,8.481059,8.512902,3.990962,4.348164,4.082576,4.419188,3.984731,4.194472,5.849772,6.854218,9.321843,10.73397
mclnbjfii8q61r4pur.ass,0,3,6,3,3,6,50,0,2,2025/7/2 16:52,2,11,7,0,6,1,0,1,0,14,2025/7/2 16:45,,,-1.67764,-1.68084,-1.71351,-1.64365,-1.85275,-1.82249,-2.02546,-1.80874,-1.90494,-2.17711,-1.9848,-0.89368,-2.09417,-1.47759,-1.93831,-1.80369,-1.86045,-1.78142,-2.04814,-2.17161
mclnbjfii8q61r4pur.ass,0,10,7,3,3,7,70,0,5,2025/7/2 16:52,3,2,6,6,0,12,60,1,0,24,2025/7/2 16:46,,,-1.94709,-0.99634,-2.032,-1.55612,-1.8896,-1.69877,-1.92279,-1.8522,-1.89794,-2.03909,-1.97563,-1.46453,-2.12495,-1.60656,-2.04262,-1.84358,-1.87451,-2.1222,-2.2306,-2.18409
mclnbjfii8q61r4pur.ass,0,6,7,6,0,13,50,0,4,2025/7/2 16:52,4,7,6,3,3,6,10,1,0,18,2025/7/2 16:48,,,3.921544,4.369948,4.021283,4.370392,4.016087,4.092949,5.801102,6.815816,9.308359,10.74108,-1.75122,-1.57382,-1.73757,-1.65838,-1.82336,-1.8799,-1.94967,-1.67613,-2.13089,-1.90958
mclnbjfii8q61r4pur.ass,0,9,6,6,0,12,50,0,1,2025/7/2 16:53,5,1,7,3,3,7,20,1,0,20,2025/7/2 16:49,,,0.686602,0.355154,2.127,0.666529,4.172665,1.638048,9.994708,6.22646,14.81037,10.39647,3.056628,3.54178,3.153064,3.490962,3.151099,3.417378,4.578377,5.518111,7.441688,8.9249
mclnbjfii8q61r4pur.ass,0,8,6,0,6,0,0,0,3,2025/7/2 16:53,6,12,6,0,6,0,0,1,0,12,2025/7/2 16:50,,,3.146685,3.686481,3.07522,3.708542,3.101291,3.340905,4.616148,5.578474,7.453848,8.730361,0.663817,0.842752,0.664071,0.824795,1.174257,1.349995,4.791368,4.9767,8.414034,8.30576
mclnbjnbdnsxk365tl.sss,0,12,6,0,6,0,0,1,3,2025/7/2 16:40,1,1,6,0,6,0,50,0,0,12,2025/7/2 16:46,,,1.174384,1.36346,1.201517,1.437437,1.730324,2.034857,6.16331,6.248669,10.34167,10.48779,0.666326,0.454065,2.114546,0.644307,4.1036,1.673185,10.09697,6.195815,14.79131,10.40974
mclnbjnbdnsxk365tl.sss,0,2,7,0,6,1,15,1,6,2025/7/2 16:41,2,7,7,6,0,13,25,0,0,26,2025/7/2 16:47,,,3.076446,3.729133,3.068787,3.451282,3.180011,3.283793,4.590477,5.632644,7.447192,8.755791,0.317605,-0.09552,1.69063,0.305758,3.356567,1.030975,8.444355,4.775771,12.58372,8.448159
mclnbjnbdnsxk365tl.sss,0,3,6,6,0,12,60,1,1,2025/7/2 16:42,3,4,6,6,0,12,42,0,0,24,2025/7/2 16:49,,,0.634855,0.818837,0.631581,0.83545,1.126754,1.368119,4.779852,4.992564,8.453851,8.424628,-1.80559,-1.65551,-1.70169,-1.58767,-1.78324,-1.86151,-1.99678,-2.22226,-2.07731,-1.89358
mclnbjnbdnsxk365tl.sss,0,9,7,3,3,7,65,1,5,2025/7/2 16:43,4,6,6,3,3,6,27,0,0,18,2025/7/2 16:50,,,4.193341,4.527403,4.076029,4.505852,4.107033,4.17449,5.957005,6.928815,9.303118,10.78771,0.638426,0.816421,0.695894,0.82819,1.110734,1.412155,4.788624,4.981463,8.495953,8.340113
mclnbjnbdnsxk365tl.sss,0,11,7,6,0,13,70,1,4,2025/7/2 16:43,5,8,7,0,6,1,60,0,0,14,2025/7/2 16:51,,,0.294774,-0.16424,1.753156,0.260636,3.435083,1.03322,8.477109,4.875283,12.58997,8.559047,-1.73967,-1.76621,-1.71297,-1.97896,-1.73164,-1.86092,-1.88593,-2.16694,-1.95864,-1.72068
mclnbjnbdnsxk365tl.sss,0,10,6,3,3,6,40,1,2,2025/7/2 16:44,6,5,7,3,3,7,20,0,0,20,2025/7/2 16:52,,,0.686436,0.389767,2.166548,0.669321,4.05272,1.560793,10.1048,6.275665,14.79184,10.41656,2.969717,3.608437,3.205376,3.514034,3.118285,3.372258,4.620486,5.51822,7.489012,8.845456
mclnbjss06tjhry4a3.i,0,10,7,6,0,13,54,0,4,2025/7/2 17:19,1,9,6,3,3,6,67,1,0,18,2025/7/2 16:48,,,3.156289,3.466806,3.213467,3.484589,3.148476,3.358543,4.565827,5.586883,7.482236,8.782889,1.160262,1.307379,1.165536,1.393334,1.767811,1.998023,6.086119,6.266895,10.42183,10.47912
mclnbjss06tjhry4a3.i,0,12,6,0,6,0,0,0,3,2025/7/2 17:19,2,8,6,0,6,0,50,1,0,12,2025/7/2 16:53,,,3.910447,4.167854,4.081438,4.371269,3.93332,4.187709,5.793816,6.826547,9.349168,10.8254,0.679458,0.814429,0.640269,0.886236,1.142923,1.337978,4.78563,4.955517,8.413372,8.480819
mclnbjss06tjhry4a3.i,0,1,7,3,3,7,55,0,5,2025/7/2 17:20,3,11,7,6,0,13,51,1,0,26,2025/7/2 17:01,,,-2.10059,-1.02845,-1.91573,-1.45941,-1.87901,-1.61858,-1.89737,-1.66101,-1.77339,-2.03635,0.681806,0.377384,2.15514,0.647907,4.106142,1.652302,10.01892,6.350926,14.82578,10.25611
mclnbjss06tjhry4a3.i,0,3,7,0,6,1,100,0,6,2025/7/2 17:21,4,6,6,6,0,12,50,1,0,24,2025/7/2 17:07,,,0.647301,0.848988,0.613732,0.842212,1.111984,1.380188,4.76212,4.905383,8.482946,8.489745,0.29176,0.025513,1.724144,0.309292,3.389427,0.96846,8.507759,4.867942,12.59384,8.457166
mclnbjss06tjhry4a3.i,0,4,6,3,3,6,50,0,2,2025/7/2 17:22,5,2,7,0,6,1,51,1,0,14,2025/7/2 17:12,,,1.165797,1.335832,1.2216,1.398625,1.782354,2.045083,6.060114,6.356045,10.48861,10.54278,4.02126,4.421041,4.052339,4.254844,4.099877,4.153241,5.84065,6.832222,9.362252,10.80375
mclnbjss06tjhry4a3.i,0,7,6,6,0,12,50,0,1,2025/7/2 17:23,6,5,7,3,3,7,67,1,0,20,2025/7/2 17:17,,,0.723649,0.545416,2.155444,0.701251,4.047273,1.569138,10.14006,6.146242,14.84808,10.34544,3.10231,3.549786,3.19381,3.511004,3.216439,3.299261,4.644983,5.596898,7.545563,8.881177
mclnbk8iqxvqcn1qk8.lll,1,6,7,6,0,13,80,1,4,2025/7/2 16:40,1,1,7,6,0,13,90,0,1,26,2025/7/2 16:46,,,0.659454,0.777691,0.64892,0.870595,1.125921,1.412671,4.715991,5.050689,8.482681,8.501495,0.66743,0.493842,2.198966,0.696802,4.170479,1.551368,10.12892,6.181082,14.90629,10.53283
mclnbk8iqxvqcn1qk8.lll,1,5,6,3,3,6,50,1,2,2025/7/2 16:41,2,9,6,0,6,0,0,0,1,12,2025/7/2 16:47,,,0.722525,0.360013,2.082649,0.697401,4.092754,1.627143,10.14192,6.168728,14.74733,10.44932,4.119225,4.485644,4.049412,4.261515,4.161501,4.233267,5.913248,6.825073,9.389677,10.83141
mclnbk8iqxvqcn1qk8.lll,1,3,7,0,6,1,10,1,6,2025/7/2 16:41,3,10,6,3,3,6,30,0,1,18,2025/7/2 16:48,,,-1.85359,-1.03065,-1.8115,-1.41249,-1.91059,-1.80698,-1.97643,-1.87766,-2.08264,-2.09334,0.614376,0.861956,0.637907,0.875462,1.114408,1.401855,4.809275,4.911906,8.408175,8.535435
mclnbk8iqxvqcn1qk8.lll,1,11,6,6,0,12,70,1,1,2025/7/2 16:42,4,2,6,6,0,12,70,0,1,24,2025/7/2 16:50,,,3.180364,3.607585,3.24045,3.59788,3.151041,3.398989,4.565757,5.585457,7.381554,8.804312,1.177032,1.330982,1.213838,1.379279,1.719914,2.06916,6.135095,6.26947,10.43463,10.35586
mclnbk8iqxvqcn1qk8.lll,1,8,7,3,3,7,61,1,5,2025/7/2 16:43,5,4,7,3,3,7,40,0,1,20,2025/7/2 16:51,,,1.224863,1.386718,1.21727,1.393782,1.709112,1.998666,6.048645,6.264019,10.46118,10.47396,-2.00082,-0.94424,-1.98232,-1.36355,-1.89997,-1.80118,-1.88572,-2.00311,-1.93158,-1.70411
mclnbk8iqxvqcn1qk8.lll,1,12,6,0,6,0,0,1,3,2025/7/2 16:43,6,7,7,0,6,1,25,0,1,14,2025/7/2 16:53,,,3.934931,4.398679,4.080346,4.343582,4.007779,4.114725,5.863968,6.864131,9.323314,10.70954,3.111874,3.47265,3.219352,3.60211,3.105473,3.446934,4.577795,5.505482,7.457566,8.84133
mclnbmojqk41p0tn2l,0,4,6,3,3,6,32,0,2,2025/7/2 16:52,1,12,7,6,0,13,3,1,0,26,2025/7/2 16:44,,,1.144247,1.347495,1.242759,1.401784,1.760659,2.044209,6.131542,6.280947,10.48204,10.6023,1.233367,1.370527,1.200061,1.380345,1.770797,2.027021,6.06945,6.250138,10.33911,10.51661
mclnbmojqk41p0tn2l,0,1,7,3,3,7,-43,0,5,2025/7/2 16:53,2,11,6,0,6,0,0,1,0,12,2025/7/2 16:45,,,-1.99406,-0.9649,-1.94968,-1.31188,-1.92758,-1.63524,-1.85865,-1.83091,-1.95786,-1.98084,0.637836,0.799497,0.66929,0.832075,1.196342,1.372097,4.776589,4.984257,8.427475,8.401038
mclnbmojqk41p0tn2l,0,2,6,0,6,0,0,0,3,2025/7/2 16:54,3,7,7,0,6,1,0,1,0,14,2025/7/2 16:46,,,0.648882,0.851499,0.642755,0.843705,1.106097,1.371003,4.798482,5.006864,8.463699,8.580841,-1.89384,-0.94744,-1.94508,-1.47755,-1.98915,-1.63295,-1.85669,-1.81291,-1.90545,-2.15127
mclnbmojqk41p0tn2l,0,9,7,6,0,13,52,0,4,2025/7/2 16:55,4,10,7,3,3,7,0,1,0,20,2025/7/2 16:48,,,4.147372,4.272781,4.062951,4.491595,4.077301,4.166713,5.829741,6.879044,9.324544,10.80666,0.703025,0.409332,2.072952,0.712934,4.05021,1.624873,10.0094,6.207871,14.82955,10.40062
mclnbmojqk41p0tn2l,0,8,7,0,6,1,14,0,6,2025/7/2 16:56,5,6,6,6,0,12,48,1,0,24,2025/7/2 16:50,,,3.076286,3.537958,3.134528,3.538047,3.253187,3.353279,4.542205,5.586296,7.448316,8.714183,3.171328,3.488821,3.181673,3.481198,3.117267,3.31547,4.569839,5.563431,7.473506,8.809445
mclnbmojqk41p0tn2l,0,3,6,6,0,12,50,0,1,2025/7/2 16:56,6,5,6,3,3,6,51,1,0,18,2025/7/2 16:51,,,0.69899,0.304737,2.151357,0.615159,4.107774,1.630996,9.985712,6.015609,14.84316,10.52998,4.13408,4.251764,4.030798,4.384415,3.986865,4.08645,5.86244,6.894586,9.332585,10.69682
mclnbnntty9d24j2hz.sss,0,8,7,3,3,7,66,1,5,2025/7/2 16:39,1,2,7,0,6,1,24,0,0,14,2025/7/2 16:43,,,0.703316,0.428162,2.139613,0.66314,4.04402,1.570858,10.09089,6.168552,14.85041,10.4059,0.707027,0.458511,2.152879,0.721604,4.085168,1.559586,10.06476,6.27833,14.87111,10.3937
mclnbnntty9d24j2hz.sss,0,4,6,6,0,12,80,1,1,2025/7/2 16:40,2,12,6,0,6,0,11,0,0,12,2025/7/2 16:43,,,3.922422,4.333562,4.023902,4.275031,4.060285,4.188213,5.830268,6.817228,9.24552,10.87556,1.206583,1.402026,1.221264,1.431937,1.715088,1.98374,6.080442,6.29793,10.37067,10.38741
mclnbnntty9d24j2hz.sss,0,6,6,3,3,6,32,1,2,2025/7/2 16:41,3,1,7,3,3,7,0,0,0,20,2025/7/2 16:45,,,3.265338,3.670809,3.057027,3.461912,3.123163,3.451169,4.590265,5.492247,7.486996,8.785515,0.611125,0.816269,0.659262,0.852642,1.115238,1.35634,4.787319,4.912298,8.471069,8.446751
mclnbnntty9d24j2hz.sss,0,7,7,6,0,13,91,1,4,2025/7/2 16:41,4,10,6,3,3,6,46,0,0,18,2025/7/2 16:45,,,0.673691,0.78909,0.630295,0.852715,1.124834,1.379471,4.749407,4.899146,8.462264,8.571735,4.02532,4.511276,3.98164,4.218824,4.107843,4.202246,5.744475,6.986802,9.272881,10.70206
mclnbnntty9d24j2hz.sss,0,9,6,0,6,0,11,1,3,2025/7/2 16:41,5,3,7,6,0,13,-9,0,0,26,2025/7/2 16:47,,,1.220004,1.417439,1.230994,1.444721,1.706192,2.012065,6.078782,6.277188,10.34463,10.34878,3.171509,3.583923,3.163272,3.559398,3.198203,3.260762,4.642609,5.444828,7.507689,8.772121
mclnbnntty9d24j2hz.sss,0,11,7,0,6,1,8,1,6,2025/7/2 16:42,6,5,6,6,0,12,75,0,0,24,2025/7/2 16:48,,,-1.99077,-1.12346,-2.22241,-1.36908,-1.84456,-1.63677,-1.96516,-1.95469,-1.99679,-1.86198,-1.96933,-1.02883,-1.87272,-1.52197,-2.05056,-1.72249,-1.92146,-1.70503,-2.08224,-1.9782
mclnboj993uko4i8wg.wee,0,8,6,6,0,12,50,0,1,2025/7/2 16:54,1,1,7,3,3,7,65,1,0,20,2025/7/2 16:43,,,1.214764,1.422227,1.217753,1.415508,1.708814,2.043803,6.026139,6.355708,10.39742,10.47622,4.078201,4.383813,3.935771,4.450521,4.080102,4.230053,5.826573,6.85642,9.322489,10.61166
mclnboj993uko4i8wg.wee,0,7,7,6,0,13,65,0,4,2025/7/2 16:56,2,9,6,3,3,6,55,1,0,18,2025/7/2 16:45,,,3.158962,3.628082,3.233167,3.453108,3.177019,3.315634,4.639675,5.55,7.456932,8.812931,0.721933,0.466704,2.105159,0.686698,4.047976,1.611183,10.07211,6.161401,14.84548,10.34512
mclnboj993uko4i8wg.wee,0,12,6,0,6,0,0,0,3,2025/7/2 16:56,3,2,7,0,6,1,95,1,0,14,2025/7/2 16:47,,,0.686941,0.840073,0.622689,0.832304,1.165373,1.367887,4.788755,5.062749,8.372817,8.377826,0.291583,0.12982,1.727566,0.258881,3.400931,1.060339,8.580307,4.93666,12.54705,8.473229
mclnboj993uko4i8wg.wee,0,10,6,3,3,6,60,0,2,2025/7/2 16:58,4,11,6,0,6,0,10,1,0,12,2025/7/2 16:49,,,4.072588,4.458757,4.059865,4.313741,4.015648,4.232819,5.866912,6.948377,9.306062,10.73372,3.107689,3.486156,3.308928,3.556151,3.102383,3.374865,4.578456,5.554095,7.492103,8.732528
mclnboj993uko4i8wg.wee,0,5,7,3,3,7,70,0,5,2025/7/2 16:58,5,6,7,6,0,13,70,1,0,26,2025/7/2 16:51,,,0.657792,0.448112,2.133266,0.710774,4.011065,1.583754,10.09982,6.22022,14.8992,10.52873,1.214855,1.352373,1.231143,1.379617,1.76524,2.022373,6.065357,6.388253,10.41141,10.45034
mclnboj993uko4i8wg.wee,0,4,7,0,6,1,10,0,6,2025/7/2 16:59,6,3,6,6,0,12,70,1,0,24,2025/7/2 16:53,,,-1.98878,-1.06119,-1.94413,-1.43742,-1.8902,-1.65302,-1.81845,-1.76406,-1.8341,-2.00986,0.64727,0.807629,0.63635,0.864655,1.117506,1.373386,4.779035,4.94071,8.388743,8.503081
mclnbskcktx7zfb0ps.i,1,11,6,3,3,6,77,1,2,2025/7/2 16:41,1,2,7,0,6,1,13,0,1,14,2025/7/2 16:47,,,0.667102,0.797912,0.675355,0.840137,1.152625,1.36739,4.779986,4.94524,8.355972,8.50799,3.947692,4.468316,4.055526,4.327207,3.989562,4.216922,5.855487,6.886054,9.272678,10.81495
mclnbskcktx7zfb0ps.i,1,1,7,0,6,1,34,1,6,2025/7/2 16:41,2,10,7,6,0,13,32,0,1,26,2025/7/2 16:48,,,-2.02871,-0.93059,-1.8382,-1.53529,-1.99059,-1.61266,-1.83265,-1.62441,-1.84511,-1.88147,3.20542,3.591651,3.233887,3.604763,3.189022,3.368869,4.593711,5.406613,7.423127,8.809622
mclnbskcktx7zfb0ps.i,1,6,6,0,6,0,0,1,3,2025/7/2 16:42,3,5,6,3,3,6,14,0,1,18,2025/7/2 16:48,,,3.063763,3.651115,3.218395,3.506838,3.150032,3.314663,4.571568,5.509819,7.495833,8.755539,-1.53263,-1.33265,-1.48315,-1.40879,-1.66295,-1.75147,-1.94706,-1.89312,-1.82792,-1.92561
mclnbskcktx7zfb0ps.i,1,8,6,6,0,12,82,1,1,2025/7/2 16:44,4,3,7,3,3,7,38,0,1,20,2025/7/2 16:50,,,0.710082,0.506516,2.148134,0.653477,4.127923,1.649312,10.04855,6.233089,14.90673,10.47208,-1.98393,-0.9078,-1.87008,-1.52403,-1.9519,-1.4926,-1.86615,-1.88169,-2.0205,-1.92555
mclnbskcktx7zfb0ps.i,1,9,7,3,3,7,74,1,5,2025/7/2 16:44,5,4,6,0,6,0,0,0,1,12,2025/7/2 16:51,,,4.012601,4.398996,4.048221,4.366722,4.14748,4.166837,5.881926,6.878556,9.336146,10.76339,1.159266,1.409746,1.247612,1.39915,1.687546,2.0342,6.150129,6.211503,10.46705,10.47913
mclnbskcktx7zfb0ps.i,1,7,7,6,0,13,63,1,4,2025/7/2 16:45,6,12,6,6,0,12,51,0,1,24,2025/7/2 16:52,,,1.169195,1.365469,1.229284,1.421669,1.731818,1.942825,6.06051,6.356629,10.40892,10.40798,0.694728,0.461346,2.128453,0.745199,4.05839,1.630254,10.11511,6.128098,14.84507,10.39059
mclnbv4and882gh98q,1,1,7,3,3,7,100,1,5,2025/7/2 16:41,1,12,7,3,3,7,50,0,1,20,2025/7/2 16:51,,,-1.75619,-0.95258,-2.02853,-1.38371,-2.00459,-1.65367,-1.95437,-1.91606,-1.94212,-1.89399,0.62176,0.830062,0.651509,0.852105,1.150542,1.366312,4.769215,4.957245,8.429904,8.448268
mclnbv4and882gh98q,1,10,6,0,6,0,0,1,3,2025/7/2 16:42,2,9,6,3,3,6,75,0,1,18,2025/7/2 16:55,,,-1.70929,-1.91752,-1.83529,-1.93764,-1.76844,-1.87289,-1.91931,-2.05912,-1.94332,-2.45544,1.214685,1.39813,1.210126,1.420948,1.732136,2.053412,6.146375,6.389653,10.35994,10.51364
mclnbv4and882gh98q,1,5,6,3,3,6,100,1,2,2025/7/2 16:42,3,8,6,0,6,0,0,0,1,12,2025/7/2 16:57,,,3.162831,3.648892,3.247867,3.533918,3.137796,3.261092,4.519706,5.506455,7.487312,8.828181,4.042108,4.466344,4.07627,4.430584,4.093025,4.226203,5.906482,6.880178,9.296229,10.74432
mclnbv4and882gh98q,1,2,7,6,0,13,100,1,4,2025/7/2 16:43,4,6,7,0,6,1,15,0,1,14,2025/7/2 16:59,,,0.689268,0.848643,0.666803,0.86012,1.138648,1.357262,4.770714,4.900983,8.419525,8.369744,-2.05819,-0.93538,-1.9648,-1.46764,-1.96104,-1.65744,-1.88339,-1.86771,-2.04487,-1.95576
mclnbv4and882gh98q,1,3,6,6,0,12,50,1,1,2025/7/2 16:44,5,11,6,6,0,12,50,0,1,24,2025/7/2 17:03,,,1.201122,1.400308,1.218848,1.393872,1.684126,2.001317,6.103794,6.309612,10.3962,10.41306,3.233374,3.497584,3.171366,3.469268,3.087701,3.346576,4.615099,5.534384,7.446076,8.692582
mclnbv4and882gh98q,1,7,7,0,6,1,15,1,6,2025/7/2 16:46,6,4,7,6,0,13,60,0,1,26,2025/7/2 17:06,,,0.680167,0.459965,2.134422,0.613731,4.131515,1.650439,10.0067,6.235173,14.87449,10.43245,0.676969,0.389287,2.152396,0.714965,4.09165,1.572739,10.11743,6.129767,14.86281,10.44814
mclnbvvarwm0salkzx.sss,1,8,7,0,6,1,100,0,6,2025/7/2 16:58,1,5,7,0,6,1,100,1,1,14,2025/7/2 16:44,,,-1.96056,-0.95353,-1.91892,-1.56037,-1.98272,-1.71904,-1.92678,-1.8366,-1.92522,-1.80662,-1.58464,-1.73323,-1.61441,-1.68308,-1.5969,-1.72355,-1.77616,-1.96793,-1.90167,-1.91558
mclnbvvarwm0salkzx.sss,1,4,7,6,0,13,60,0,4,2025/7/2 17:00,2,2,7,3,3,7,85,1,1,20,2025/7/2 16:47,,,0.605531,0.821219,0.68783,0.860106,1.152717,1.403863,4.793102,4.990034,8.505058,8.532869,4.00628,4.553164,4.098961,4.270947,3.988683,4.209154,5.821935,6.879742,9.30944,10.61027
mclnbvvarwm0salkzx.sss,1,3,6,6,0,12,50,0,1,2025/7/2 17:00,3,12,6,3,3,6,41,1,1,18,2025/7/2 16:49,,,3.183172,3.513656,3.116702,3.45241,3.106607,3.29466,4.59559,5.596168,7.47583,8.786036,0.648892,0.817767,0.658752,0.820239,1.107216,1.362799,4.762111,4.928667,8.407695,8.516379
mclnbvvarwm0salkzx.sss,1,1,6,3,3,6,50,0,2,2025/7/2 17:01,4,9,7,6,0,13,55,1,1,26,2025/7/2 16:53,,,4.057496,4.471501,4.017306,4.383686,4.007869,4.218333,5.928097,6.882376,9.294038,10.75642,-1.94293,-0.91143,-2.00951,-1.55074,-2.04745,-1.56468,-1.86764,-1.62486,-1.98459,-1.8443
mclnbvvarwm0salkzx.sss,1,6,7,3,3,7,70,0,5,2025/7/2 17:04,5,7,6,6,0,12,20,1,1,24,2025/7/2 16:55,,,1.197091,1.367238,1.211095,1.427619,1.704031,2.008047,6.056375,6.349923,10.46283,10.58576,-1.68776,-1.69767,-1.72343,-1.71322,-1.84852,-1.78703,-2.012,-2.01776,-2.14404,-2.15498
mclnbvvarwm0salkzx.sss,1,11,6,0,6,0,0,0,3,2025/7/2 17:04,6,10,6,0,6,0,0,1,1,12,2025/7/2 16:57,,,0.68009,0.403269,2.115151,0.730191,4.126079,1.642731,9.997338,6.196539,14.82429,10.48835,0.686358,0.418186,2.095393,0.711069,4.033231,1.628736,10.14686,6.173556,14.85941,10.42078
mclnc5k13y5h6xb29t.ass,0,2,7,3,3,7,60,0,5,2025/7/2 16:48,1,12,7,6,0,13,30,1,0,26,2025/7/2 16:42,,,-1.87529,-1.06025,-2.07347,-1.51197,-2.05881,-1.72175,-1.8286,-1.76293,-1.95322,-1.95688,-1.90721,-1.03426,-2.09015,-1.39522,-1.98766,-1.65993,-1.8975,-1.84399,-1.99079,-1.85039
mclnc5k13y5h6xb29t.ass,0,3,6,6,0,12,62,0,1,2025/7/2 16:48,2,10,7,0,6,1,55,1,0,14,2025/7/2 16:43,,,4.01729,4.465629,3.982423,4.280377,4.143129,4.177734,5.799588,6.945228,9.360773,10.7875,3.258781,3.573107,3.225017,3.537183,3.182077,3.288447,4.62755,5.432801,7.460897,8.744519
mclnc5k13y5h6xb29t.ass,0,6,6,3,3,6,48,0,2,2025/7/2 16:48,3,11,6,0,6,0,70,1,0,12,2025/7/2 16:44,,,3.1739,3.57703,3.10557,3.616164,3.150977,3.362443,4.54801,5.541633,7.555107,8.73848,1.183452,1.34752,1.245803,1.413199,1.73787,1.975319,6.05359,6.283549,10.44396,10.44454
mclnc5k13y5h6xb29t.ass,0,8,7,6,0,13,69,0,4,2025/7/2 16:49,4,7,6,6,0,12,20,1,0,24,2025/7/2 16:45,,,1.203373,1.396384,1.178142,1.404528,1.7075,2.014691,6.150019,6.332458,10.4256,10.32554,0.662389,0.796634,0.664476,0.846366,1.096795,1.323117,4.752166,4.995987,8.393492,8.331164
mclnc5k13y5h6xb29t.ass,0,4,7,0,6,1,89,0,6,2025/7/2 16:49,5,5,7,3,3,7,46,1,0,20,2025/7/2 16:46,,,0.66074,0.827843,0.666037,0.860495,1.112185,1.345705,4.770563,4.935793,8.412452,8.37042,0.725798,0.362418,2.109434,0.720369,4.116071,1.544809,10.09926,6.166665,14.84754,10.41461
mclnc5k13y5h6xb29t.ass,0,9,6,0,6,0,0,0,3,2025/7/2 16:50,6,1,6,3,3,6,30,1,0,18,2025/7/2 16:47,,,0.682263,0.47844,2.095747,0.755247,4.142626,1.603682,10.02533,6.262591,14.7317,10.44462,4.009975,4.447935,4.058942,4.43795,4.141033,4.14295,5.832683,6.856571,9.268306,10.67597
mclnca3grblvnut6p9.777,1,7,6,3,3,6,80,1,2,2025/7/2 16:41,1,11,7,6,0,13,60,0,1,26,2025/7/2 16:47,,,4.058832,4.647178,4.112458,4.443933,4.04156,4.055151,5.833467,6.954047,9.343117,10.91775,3.185093,3.694884,3.169901,3.440601,3.138062,3.362012,4.614693,5.547051,7.485129,8.809799
mclnca3grblvnut6p9.777,1,9,6,0,6,0,0,1,3,2025/7/2 16:42,2,1,6,6,0,12,65,0,1,24,2025/7/2 16:48,,,-1.97874,-0.97197,-1.95544,-1.33855,-1.95783,-1.76657,-1.95918,-1.8675,-1.81398,-1.96951,0.677448,0.520357,2.115082,0.654054,4.055035,1.608107,10.02215,6.232535,14.82756,10.45014
mclnca3grblvnut6p9.777,1,12,6,6,0,12,75,1,1,2025/7/2 16:43,3,2,6,3,3,6,-20,0,1,18,2025/7/2 16:50,,,3.162082,3.462154,3.235123,3.501986,3.134139,3.313015,4.635089,5.526489,7.488204,8.700819,4.003165,4.484275,3.999204,4.256647,4.09881,4.134867,5.797569,6.939801,9.247309,10.80118
mclnca3grblvnut6p9.777,1,10,7,0,6,1,45,1,6,2025/7/2 16:44,4,4,6,0,6,0,0,0,1,12,2025/7/2 16:51,,,0.635187,0.748536,0.696609,0.823811,1.119709,1.399776,4.758816,4.901562,8.379445,8.464747,1.159725,1.368625,1.229368,1.41456,1.776895,2.067944,6.111173,6.251983,10.40012,10.44194
mclnca3grblvnut6p9.777,1,6,7,6,0,13,75,1,4,2025/7/2 16:44,5,8,7,3,3,7,60,0,1,20,2025/7/2 16:52,,,0.704246,0.375251,2.136109,0.692275,4.079414,1.611632,10.04298,6.080539,14.84253,10.42874,-1.85946,-0.98469,-2.00031,-1.52965,-2.01166,-1.72467,-1.98885,-1.71195,-1.79527,-1.72297
mclnca3grblvnut6p9.777,1,5,7,3,3,7,60,1,5,2025/7/2 16:45,6,3,7,0,6,1,20,0,1,14,2025/7/2 16:53,,,1.146132,1.387637,1.22638,1.424872,1.727169,2.022975,6.104318,6.326599,10.39032,10.58546,-1.54911,-1.4314,-1.48038,-1.52403,-1.6644,-1.56847,-1.88388,-1.84307,-1.98376,-2.01859
mclncm1luszxoo3uka.p77,1,3,6,0,6,0,0,0,3,2025/7/2 16:49,1,2,6,3,3,6,30,1,1,18,2025/7/2 16:42,,,1.21712,1.415372,1.27973,1.406995,1.755939,1.994242,6.09887,6.382177,10.40108,10.42602,0.606477,0.828617,0.663489,0.83796,1.16066,1.36329,4.783516,4.871814,8.423716,8.487889
mclncm1luszxoo3uka.p77,1,6,7,6,0,13,-45,0,4,2025/7/2 16:50,2,7,7,3,3,7,10,1,1,20,2025/7/2 16:43,,,0.636966,0.786576,0.713374,0.857433,1.119539,1.354276,4.763834,4.951142,8.478532,8.376846,4.118523,4.430654,3.948865,4.380993,4.079893,4.131231,5.798103,6.935249,9.332529,10.72469
mclncm1luszxoo3uka.p77,1,4,6,6,0,12,50,0,1,2025/7/2 16:50,3,11,7,6,0,13,33,1,1,26,2025/7/2 16:45,,,3.969173,4.32533,4.039262,4.284976,4.050948,4.082598,5.790241,6.991513,9.336228,10.78983,3.215661,3.750081,3.173531,3.463087,3.131538,3.276268,4.607422,5.60288,7.517442,8.681993
mclncm1luszxoo3uka.p77,1,12,6,3,3,6,50,0,2,2025/7/2 16:51,4,10,6,0,6,0,0,1,1,12,2025/7/2 16:46,,,-1.82964,-1.03997,-1.9737,-1.45654,-1.93399,-1.85507,-2.09924,-1.85865,-1.86866,-2.221,0.671044,0.471697,2.160899,0.68974,4.101007,1.576732,10.12146,6.093956,14.80992,10.40863
mclncm1luszxoo3uka.p77,1,1,7,3,3,7,50,0,5,2025/7/2 16:51,5,9,6,6,0,12,40,1,1,24,2025/7/2 16:47,,,0.700899,0.492905,2.13327,0.719178,4.113883,1.592356,10.10704,6.170384,14.72297,10.40149,1.175088,1.452078,1.202279,1.433735,1.78413,2.032948,6.098703,6.355808,10.46722,10.42161
mclncm1luszxoo3uka.p77,1,5,7,0,6,1,12,0,6,2025/7/2 16:52,6,8,7,0,6,1,10,1,1,14,2025/7/2 16:48,,,3.094882,3.71474,3.155594,3.596621,3.129423,3.35425,4.59057,5.527053,7.513614,8.819683,-1.97349,-1.02494,-1.98535,-1.59646,-1.96366,-1.7587,-1.93401,-1.99174,-1.99035,-2.01641
mclncn9cnikcpb6irr.777,1,8,6,0,6,0,0,0,3,2025/7/2 16:50,1,12,6,6,0,12,0,1,1,24,2025/7/2 16:43,,,1.194616,1.387435,1.196273,1.421606,1.733312,2.023603,6.101546,6.34886,10.44718,10.36936,-1.91277,-0.90553,-1.98715,-1.48204,-1.98275,-1.61196,-1.97341,-1.89243,-2.06624,-1.76787
mclncn9cnikcpb6irr.777,1,4,6,3,3,6,72,0,2,2025/7/2 16:50,2,9,7,6,0,13,58,1,1,26,2025/7/2 16:45,,,-1.92829,-0.98071,-2.043,-1.43881,-1.90324,-1.57782,-1.98822,-1.81815,-1.96269,-2.01372,3.920999,4.393971,4.071998,4.405515,3.987096,4.198237,5.82032,6.836116,9.285986,10.92837
mclncn9cnikcpb6irr.777,1,10,6,6,0,12,52,0,1,2025/7/2 16:51,3,5,6,3,3,6,34,1,1,18,2025/7/2 16:46,,,4.000465,4.491204,4.171998,4.308095,4.141857,4.250589,5.808207,6.924469,9.332289,10.80997,-2.17387,-1.31662,-2.00617,-1.74288,-2.05954,-1.913,-2.13022,-1.92411,-2.14362,-1.80783
mclncn9cnikcpb6irr.777,1,7,7,6,0,13,47,0,4,2025/7/2 16:51,4,11,6,0,6,0,-10,1,1,12,2025/7/2 16:47,,,0.733844,0.422367,2.109149,0.709073,4.121188,1.602663,10.14103,6.200047,14.84202,10.55359,0.661333,0.866623,0.658707,0.90085,1.166149,1.373974,4.780186,4.939059,8.435901,8.409407
mclncn9cnikcpb6irr.777,1,2,7,3,3,7,32,0,5,2025/7/2 16:51,5,1,7,3,3,7,-9,1,1,20,2025/7/2 16:48,,,3.207624,3.590516,3.141325,3.50874,3.143499,3.363026,4.714163,5.505115,7.479903,8.649587,3.145752,3.54869,3.15643,3.469455,3.130928,3.365392,4.58488,5.553398,7.509937,8.721204
mclncn9cnikcpb6irr.777,1,6,7,0,6,1,8,0,6,2025/7/2 16:52,6,3,7,0,6,1,8,1,1,14,2025/7/2 16:49,,,0.638523,0.794227,0.654015,0.86062,1.131657,1.35346,4.751951,4.799676,8.428454,8.480264,1.141887,1.376152,1.204987,1.40417,1.717019,2.009565,6.103028,6.216519,10.36279,10.43161
mclncpm2cci0cd3vp8y.ee,0,4,6,0,6,0,0,1,3,2025/7/2 16:43,1,11,6,0,6,0,0,0,0,12,2025/7/2 16:47,,,1.215013,1.360466,1.189817,1.408476,1.758869,2.00887,6.053364,6.325552,10.42674,10.4322,0.726566,0.384892,2.109118,0.699056,4.105412,1.700617,10.11553,6.180927,14.79818,10.35114
mclncpm2cci0cd3vp8y.ee,0,7,7,6,0,13,70,1,4,2025/7/2 16:43,2,9,6,6,0,12,40,0,0,24,2025/7/2 16:49,,,3.231211,3.659831,3.082802,3.426172,3.262457,3.460552,4.541152,5.470631,7.484071,8.788828,0.307592,-0.01885,1.759601,0.192918,3.422319,1.05222,8.530979,4.944955,12.66773,8.471535
mclncpm2cci0cd3vp8y.ee,0,1,6,6,0,12,50,1,1,2025/7/2 16:44,3,3,7,3,3,7,25,0,0,20,2025/7/2 17:25,,,3.961825,4.552498,4.038145,4.327374,4.028092,4.242362,5.848086,7.025231,9.298041,10.6695,4.016804,4.170516,4.00622,4.415431,3.965917,4.079936,5.776851,6.863937,9.355244,10.78273
mclncpm2cci0cd3vp8y.ee,0,10,7,3,3,7,30,1,5,2025/7/2 16:45,4,5,6,3,3,6,30,0,0,18,2025/7/2 17:27,,,0.634149,0.83,0.662536,0.847587,1.154267,1.387846,4.775656,4.937881,8.350245,8.517082,3.137375,3.822207,3.25788,3.504418,3.155673,3.374568,4.604048,5.513224,7.43698,8.745978
mclncpm2cci0cd3vp8y.ee,0,2,6,3,3,6,65,1,2,2025/7/2 16:45,5,12,7,0,6,1,10,0,0,14,2025/7/2 17:29,,,0.331513,0.042864,1.759475,0.291387,3.40406,1.108784,8.566006,4.858311,12.60179,8.417176,1.132892,1.469601,1.213455,1.411261,1.764961,2.112483,6.06465,6.347366,10.40609,10.42289
mclncpm2cci0cd3vp8y.ee,0,8,7,0,6,1,10,1,6,2025/7/2 16:46,6,6,7,6,0,13,35,0,0,26,2025/7/2 17:30,,,0.682618,0.451692,2.098541,0.65257,4.092391,1.654502,10.1319,6.164398,14.80375,10.47113,0.681924,0.828134,0.674673,0.843331,1.160995,1.383015,4.753424,4.996414,8.43331,8.439624
mclncramut1rac356b,1,1,7,6,0,13,77,0,4,2025/7/2 16:54,1,2,6,6,0,12,60,1,1,24,2025/7/2 16:44,,,-1.94487,-0.98255,-2.04193,-1.53702,-2.02265,-1.60186,-2.02787,-1.98329,-1.82506,-2.08857,3.055511,3.628144,3.097552,3.4647,3.183062,3.420981,4.534876,5.520154,7.465269,8.775884
mclncramut1rac356b,1,7,6,0,6,0,0,0,3,2025/7/2 16:55,2,10,7,0,6,1,10,1,1,14,2025/7/2 16:46,,,0.646888,0.821322,0.676955,0.857364,1.112352,1.4045,4.745655,4.968996,8.429404,8.421269,0.637424,0.765661,0.674613,0.886225,1.164187,1.353313,4.774316,4.988364,8.43707,8.517261
mclncramut1rac356b,1,4,6,6,0,12,50,0,1,2025/7/2 16:56,3,6,7,6,0,13,25,1,1,26,2025/7/2 16:48,,,3.173523,3.622603,3.183438,3.56464,3.17683,3.408217,4.548178,5.56604,7.471229,8.736559,1.173303,1.411658,1.255998,1.377832,1.731753,2.036355,6.028826,6.408504,10.38654,10.44564
mclncramut1rac356b,1,8,6,3,3,6,60,0,2,2025/7/2 16:57,4,5,7,3,3,7,5,1,1,20,2025/7/2 16:50,,,0.686222,0.364744,2.090085,0.648759,4.086302,1.632603,10.07011,6.225198,14.79472,10.51077,0.704197,0.468643,2.138178,0.710301,4.104896,1.617664,10.20153,6.176684,14.85761,10.37194
mclncramut1rac356b,1,11,7,0,6,1,80,0,6,2025/7/2 16:59,5,12,6,0,6,0,0,1,1,12,2025/7/2 16:51,,,4.047158,4.317979,4.086746,4.284511,4.084114,4.182322,5.891016,6.955656,9.355303,10.72262,4.070467,4.37778,4.075996,4.29435,3.942433,4.121076,5.832794,6.916782,9.272156,10.76075
mclncramut1rac356b,1,3,7,3,3,7,55,0,5,2025/7/2 16:59,6,9,6,3,3,6,0,1,1,18,2025/7/2 16:52,,,1.234369,1.431797,1.192115,1.411696,1.760353,2.021603,6.135379,6.251084,10.38265,10.55424,-1.99014,-1.05871,-1.88599,-1.38326,-1.86635,-1.73178,-1.86851,-1.74752,-1.97812,-1.71282
mclncsw68y86dyh3wu.p77,1,9,7,3,3,7,50,0,5,2025/7/2 17:03,1,8,6,3,3,6,90,1,1,18,2025/7/2 16:48,,,-1.76682,-1.02943,-1.90125,-1.54241,-1.93221,-1.67264,-1.91853,-1.93203,-1.98532,-1.8067,1.187793,1.341279,1.18515,1.364877,1.712132,2.040577,6.082591,6.267231,10.39821,10.53574
mclncsw68y86dyh3wu.p77,1,2,6,3,3,6,50,0,2,2025/7/2 17:04,2,11,7,6,0,13,100,1,1,26,2025/7/2 16:52,,,1.157064,1.33806,1.207449,1.384908,1.742878,2.002947,6.054042,6.455587,10.44789,10.447,0.679913,0.515859,2.178349,0.666613,4.00997,1.61867,10.01196,6.114851,14.82772,10.25864
mclncsw68y86dyh3wu.p77,1,10,7,6,0,13,100,0,4,2025/7/2 17:05,3,6,6,6,0,12,100,1,1,24,2025/7/2 16:55,,,3.224718,3.524882,3.221027,3.484792,3.160554,3.378725,4.549057,5.503805,7.476949,8.735051,4.022823,4.346332,4.116378,4.405386,4.090019,4.303175,5.866121,6.933928,9.27487,10.56929
mclncsw68y86dyh3wu.p77,1,1,6,0,6,0,0,0,3,2025/7/2 17:06,4,4,7,0,6,1,15,1,1,14,2025/7/2 16:57,,,0.657355,0.831543,0.666622,0.82948,1.146737,1.353542,4.816171,4.96744,8.440721,8.432103,3.054168,3.683788,3.10541,3.502699,3.133939,3.35412,4.561875,5.488747,7.556359,8.858591
mclncsw68y86dyh3wu.p77,1,7,7,0,6,1,10,0,6,2025/7/2 17:08,5,5,7,3,3,7,45,1,1,20,2025/7/2 17:00,,,4.068937,4.460448,3.952505,4.382022,4.026027,4.077562,5.829498,7.028685,9.279413,10.78432,-1.98557,-0.91192,-1.87884,-1.40991,-1.9738,-1.54012,-1.80258,-1.5954,-2.02677,-1.73193
mclncsw68y86dyh3wu.p77,1,12,6,6,0,12,100,0,1,2025/7/2 17:09,6,3,6,0,6,0,0,1,1,12,2025/7/2 17:02,,,0.665942,0.425261,2.127748,0.686174,4.064937,1.632759,10.17184,6.102269,14.92523,10.32764,0.61898,0.868182,0.668513,0.868807,1.138366,1.369165,4.799256,4.972237,8.417205,8.4468
mclnct0ngnftgawlpv.ass,0,11,7,3,3,7,50,1,5,2025/7/2 16:41,1,5,6,0,6,0,0,0,0,12,2025/7/2 16:46,,,0.680544,0.825933,0.688703,0.827266,1.112869,1.312619,4.748483,4.979674,8.49813,8.484509,0.694448,0.400037,2.113451,0.612796,4.073774,1.535934,10.10762,6.139821,14.92246,10.58627
mclnct0ngnftgawlpv.ass,0,6,6,0,6,0,0,1,3,2025/7/2 16:42,2,10,7,6,0,13,60,0,0,26,2025/7/2 16:47,,,-1.80027,-1.9137,-1.78168,-1.95126,-1.79086,-1.94783,-1.96686,-1.91782,-2.03851,-2.14601,1.214487,1.35344,1.223736,1.399387,1.721929,2.07012,6.048508,6.299982,10.37323,10.53143
mclnct0ngnftgawlpv.ass,0,1,7,6,0,13,90,1,4,2025/7/2 16:43,3,7,7,0,6,1,0,0,0,14,2025/7/2 16:48,,,1.136244,1.351459,1.195515,1.352932,1.737845,2.039345,6.100515,6.307822,10.432,10.53248,-1.95724,-0.99804,-1.76663,-1.59853,-1.97261,-1.69754,-1.85265,-1.91501,-1.97064,-1.92797
mclnct0ngnftgawlpv.ass,0,4,7,0,6,1,3,1,6,2025/7/2 16:43,4,9,6,3,3,6,10,0,0,18,2025/7/2 16:49,,,0.70461,0.461576,2.04866,0.664947,4.16196,1.674235,10.18415,6.133573,14.87326,10.53382,4.066881,4.372964,3.918327,4.232702,4.091374,4.240937,5.834618,6.818743,9.273296,10.75727
mclnct0ngnftgawlpv.ass,0,12,6,6,0,12,80,1,1,2025/7/2 16:44,5,8,6,6,0,12,70,0,0,24,2025/7/2 16:50,,,0.295522,0.038297,1.751279,0.317985,3.382281,1.08032,8.439942,4.887476,12.52686,8.488935,0.641108,0.850513,0.678425,0.840159,1.155333,1.394681,4.81052,5.022354,8.49834,8.374638
mclnct0ngnftgawlpv.ass,0,3,6,3,3,6,30,1,2,2025/7/2 16:44,6,2,7,3,3,7,15,0,0,20,2025/7/2 16:50,,,-1.66616,-1.7468,-1.65453,-1.85866,-1.6214,-1.78511,-1.80099,-1.75673,-1.80428,-1.9633,-1.62375,-1.64071,-1.63942,-1.82462,-1.66565,-1.85547,-1.79945,-1.72787,-1.8875,-1.72466
mclncw9jiiaqcj0fy3.sss,0,4,7,3,3,7,40,1,5,2025/7/2 16:41,1,1,7,0,6,1,85,0,0,14,2025/7/2 16:46,,,0.683514,0.422089,2.135048,0.631989,4.108666,1.62056,10.24286,6.000203,14.78175,10.4733,3.042378,3.628254,3.219045,3.63839,3.119371,3.429938,4.600889,5.58795,7.509611,8.737735
mclncw9jiiaqcj0fy3.sss,0,8,6,6,0,12,50,1,1,2025/7/2 16:42,2,12,6,0,6,0,5,0,0,12,2025/7/2 16:47,,,-1.99458,-0.95806,-2.10166,-1.53625,-1.82132,-1.6075,-2.02987,-1.92366,-1.91713,-1.92153,-1.97776,-0.88882,-1.88969,-1.44957,-1.97755,-1.65889,-1.86001,-1.8315,-1.91711,-1.90078
mclncw9jiiaqcj0fy3.sss,0,5,7,6,0,13,55,1,4,2025/7/2 16:43,3,9,7,6,0,13,35,0,0,26,2025/7/2 16:49,,,0.647213,0.802646,0.683169,0.839968,1.151443,1.429172,4.75713,4.989338,8.42368,8.317869,1.202012,1.367095,1.205167,1.42025,1.719641,1.982292,6.060224,6.305225,10.43994,10.42704
mclncw9jiiaqcj0fy3.sss,0,6,6,3,3,6,35,1,2,2025/7/2 16:43,4,3,6,6,0,12,45,0,0,24,2025/7/2 16:50,,,4.025859,4.350865,3.991526,4.385233,4.03596,4.147079,5.907474,6.79688,9.339451,10.71976,0.64395,0.859292,0.677899,0.842699,1.117652,1.357669,4.782894,4.995718,8.3856,8.439595
mclncw9jiiaqcj0fy3.sss,0,7,6,0,6,0,5,1,3,2025/7/2 16:44,5,10,7,3,3,7,65,0,0,20,2025/7/2 16:51,,,3.086163,3.661617,3.113472,3.44711,3.096004,3.36837,4.626666,5.637454,7.475632,8.811024,0.680213,0.415263,2.055204,0.636869,4.173734,1.645907,10.09725,6.367061,14.78455,10.40684
mclncw9jiiaqcj0fy3.sss,0,2,7,0,6,1,70,1,6,2025/7/2 16:45,6,11,6,3,3,6,45,0,0,18,2025/7/2 16:52,,,1.226199,1.377903,1.228169,1.339626,1.732465,2.003742,6.072388,6.429783,10.41381,10.46384,3.912561,4.552398,4.025474,4.289757,4.109083,4.101984,5.818523,6.873438,9.313082,10.87938
mclnd1qnl9snabc766,1,3,6,0,6,0,0,0,3,2025/7/2 16:50,1,8,6,6,0,12,70,1,1,24,2025/7/2 16:42,,,1.232814,1.367234,1.185475,1.422435,1.706855,1.985952,6.059411,6.296224,10.37112,10.45689,3.128609,3.734874,3.23585,3.49638,3.1223,3.331818,4.615427,5.535468,7.479748,8.830413
mclnd1qnl9snabc766,1,5,6,3,3,6,54,0,2,2025/7/2 16:51,2,7,6,3,3,6,55,1,1,18,2025/7/2 16:44,,,-1.92863,-1.05251,-1.90184,-1.49244,-2.02679,-1.78434,-2.05657,-1.70463,-2.07364,-1.91832,0.630937,0.829094,0.653056,0.817365,1.106936,1.372622,4.785986,4.950987,8.384291,8.359935
mclnd1qnl9snabc766,1,4,6,6,0,12,62,0,1,2025/7/2 16:51,3,12,7,3,3,7,68,1,1,20,2025/7/2 16:45,,,0.64214,0.757013,0.681379,0.867854,1.15733,1.401232,4.739179,5.046797,8.424243,8.53485,-2.01287,-0.94278,-1.81055,-1.51662,-1.98842,-1.61694,-2.10403,-1.79138,-1.90083,-1.91798
mclnd1qnl9snabc766,1,6,7,0,6,1,15,0,6,2025/7/2 16:51,4,11,7,0,6,1,30,1,1,14,2025/7/2 16:46,,,3.181619,3.526308,3.085182,3.54313,3.065241,3.369305,4.61885,5.532574,7.449593,8.742307,0.682317,0.382324,2.105121,0.63808,4.14436,1.610655,10.04076,6.21314,14.56268,10.45257
mclnd1qnl9snabc766,1,9,7,6,0,13,61,0,4,2025/7/2 16:52,5,10,7,6,0,13,81,1,1,26,2025/7/2 16:48,,,0.664338,0.391327,2.096695,0.716303,4.127469,1.564001,10.10672,6.238106,14.83264,10.37995,1.192761,1.419975,1.206198,1.39355,1.72791,2.017485,6.054522,6.406054,10.42797,10.33075
mclnd1qnl9snabc766,1,2,7,3,3,7,42,0,5,2025/7/2 16:53,6,1,6,0,6,0,0,1,1,12,2025/7/2 16:49,,,4.016459,4.516086,4.028348,4.392368,4.074623,4.173631,5.856722,7.020557,9.321558,10.78027,4.008453,4.498207,4.00918,4.579785,4.053501,4.205165,5.898759,6.913355,9.349123,10.76636
mclnd6dtzytsyfh1q6,1,4,6,0,6,0,0,1,3,2025/7/2 16:41,1,7,7,3,3,7,70,0,1,20,2025/7/2 16:43,,,3.132247,3.732872,3.147847,3.48715,3.233794,3.335235,4.521741,5.567353,7.546826,8.741499,-1.85147,-1.01044,-1.83087,-1.45592,-1.91378,-1.57463,-1.81416,-1.97491,-1.89283,-1.99023
mclnd6dtzytsyfh1q6,1,8,7,3,3,7,55,1,5,2025/7/2 16:41,2,10,7,0,6,1,5,0,1,14,2025/7/2 16:44,,,0.682946,0.434737,2.173335,0.686709,4.048262,1.631532,10.06802,6.226948,14.77157,10.46911,0.641302,0.789623,0.652837,0.853739,1.148512,1.437277,4.721875,4.976843,8.46252,8.465348
mclnd6dtzytsyfh1q6,1,11,6,6,0,12,70,1,1,2025/7/2 16:41,3,9,7,6,0,13,75,0,1,26,2025/7/2 16:45,,,3.945472,4.350924,4.034998,4.511541,3.961453,4.039681,5.849023,6.769222,9.309461,10.79373,3.924541,4.399188,4.162993,4.288051,4.077542,4.144699,5.908623,6.879107,9.302581,10.6594
mclnd6dtzytsyfh1q6,1,1,6,3,3,6,60,1,2,2025/7/2 16:41,4,2,6,6,0,12,75,0,1,24,2025/7/2 16:46,,,1.166921,1.37012,1.246007,1.437758,1.714609,2.006454,6.046711,6.227449,10.36902,10.43798,3.091511,3.609836,3.282139,3.393902,3.148511,3.380361,4.654895,5.460999,7.394864,8.842702
mclnd6dtzytsyfh1q6,1,12,7,6,0,13,70,1,4,2025/7/2 16:42,5,3,6,0,6,0,0,0,1,12,2025/7/2 16:47,,,-1.88958,-0.93743,-1.96926,-1.44322,-1.8439,-1.71701,-1.99472,-1.75905,-1.96382,-2.04486,-2.0615,-1.47005,-2.12883,-1.7811,-2.1512,-1.82979,-2.16914,-1.87804,-2.05685,-2.04202
mclnd6dtzytsyfh1q6,1,6,7,0,6,1,5,1,6,2025/7/2 16:42,6,5,6,3,3,6,40,0,1,18,2025/7/2 16:48,,,0.617245,0.797418,0.683659,0.860116,1.132103,1.390555,4.801208,4.944022,8.435996,8.469528,1.234791,1.429047,1.229933,1.400962,1.73272,2.055062,6.103337,6.368114,10.44384,10.46537
mclndafuqa7pm5xn1i.wee,0,5,6,3,3,6,56,0,2,2025/7/2 16:50,1,2,7,0,6,1,22,1,0,14,2025/7/2 16:42,,,0.657941,0.824495,0.63107,0.880839,1.166726,1.339173,4.772361,4.979855,8.418348,8.482478,0.698409,0.433716,2.162887,0.704068,4.136619,1.635855,10.06033,6.183601,14.82127,10.40152
mclndafuqa7pm5xn1i.wee,0,3,7,6,0,13,-51,0,4,2025/7/2 16:50,2,9,7,3,3,7,55,1,0,20,2025/7/2 16:44,,,4.137168,4.45838,4.097873,4.355264,3.962089,4.072418,5.753319,6.874428,9.319877,10.73816,1.189016,1.44661,1.211397,1.394053,1.710274,2.002724,6.083846,6.346995,10.3668,10.35943
mclndafuqa7pm5xn1i.wee,0,7,7,3,3,7,70,0,5,2025/7/2 16:50,3,10,6,0,6,0,-50,1,0,12,2025/7/2 16:45,,,-1.87759,-1.02544,-1.95389,-1.43858,-2.07335,-1.62167,-1.98451,-1.85259,-2.12999,-1.95155,3.14672,3.447485,3.146228,3.520003,3.214249,3.310666,4.596155,5.504959,7.471924,8.761597
mclndafuqa7pm5xn1i.wee,0,4,7,0,6,1,93,0,6,2025/7/2 16:51,4,11,7,6,0,13,77,1,0,26,2025/7/2 16:46,,,3.138765,3.548164,3.183295,3.557289,3.115266,3.378007,4.603866,5.572072,7.458687,8.790736,4.079527,4.331621,4.042416,4.420971,4.063245,3.994107,5.882839,6.823234,9.250165,10.78581
mclndafuqa7pm5xn1i.wee,0,8,6,0,6,0,95,0,3,2025/7/2 16:51,5,1,6,3,3,6,35,1,0,18,2025/7/2 16:48,,,0.680453,0.513327,2.061627,0.613833,4.029722,1.581387,10.17996,6.134035,14.78749,10.50353,0.672845,0.837793,0.675052,0.843965,1.179545,1.402893,4.74728,4.935398,8.449636,8.55138
mclndafuqa7pm5xn1i.wee,0,12,6,6,0,12,-30,0,1,2025/7/2 16:51,6,6,6,6,0,12,-33,1,0,24,2025/7/2 16:49,,,1.134571,1.383166,1.179509,1.431403,1.719405,2.060356,6.08882,6.308347,10.34885,10.43656,-2.01603,-1.08598,-2.07693,-1.42884,-1.86466,-1.81401,-1.92094,-1.88751,-1.99991,-1.88509
mclndk0flkvlbgpgun,0,1,7,0,6,1,10,1,6,2025/7/2 16:42,1,4,6,6,0,12,50,0,0,24,2025/7/2 16:46,,,4.058472,4.518827,3.985279,4.375767,4.048317,4.138692,5.818778,6.807905,9.294835,10.77207,0.636882,0.822534,0.693323,0.855007,1.17003,1.359943,4.730755,4.940842,8.446133,8.426526
mclndk0flkvlbgpgun,0,12,6,0,6,0,0,1,3,2025/7/2 16:42,2,8,6,0,6,0,0,0,0,12,2025/7/2 16:47,,,0.693207,0.386831,2.096985,0.694113,4.097536,1.573768,9.980239,6.262595,14.76644,10.53689,1.170394,1.440087,1.208558,1.426991,1.782603,2.039457,6.071771,6.24208,10.36172,10.46962
mclndk0flkvlbgpgun,0,5,6,3,3,6,50,1,2,2025/7/2 16:43,3,7,7,3,3,7,10,0,0,20,2025/7/2 16:48,,,1.135219,1.402303,1.205733,1.373409,1.75662,2.025612,6.09442,6.325964,10.32515,10.38711,-1.98224,-0.93788,-2.04668,-1.57491,-2.04078,-1.79048,-2.02958,-1.83353,-2.00523,-2.15801
mclndk0flkvlbgpgun,0,10,7,6,0,13,63,1,4,2025/7/2 16:43,4,2,6,3,3,6,20,0,0,18,2025/7/2 16:49,,,0.681548,0.846546,0.690261,0.888085,1.164539,1.357419,4.775176,4.94641,8.402997,8.452442,3.227845,3.585384,3.115157,3.560812,3.176846,3.239673,4.536567,5.509241,7.475844,8.790767
mclndk0flkvlbgpgun,0,3,6,6,0,12,49,1,1,2025/7/2 16:44,5,6,7,0,6,1,70,0,0,14,2025/7/2 16:50,,,-1.95924,-1.00278,-2.0671,-1.5958,-1.91647,-1.66181,-1.99315,-1.77996,-1.93233,-1.88588,0.677768,0.433437,2.171126,0.674825,4.044281,1.666679,10.15133,6.217765,14.73833,10.48226
mclndk0flkvlbgpgun,0,9,7,3,3,7,62,1,5,2025/7/2 16:44,6,11,7,6,0,13,70,0,0,26,2025/7/2 16:51,,,3.239106,3.624544,3.125657,3.495791,3.206418,3.315939,4.586902,5.489536,7.513318,8.632955,3.980037,4.462816,4.076391,4.328666,4.081104,4.221486,5.799734,6.94116,9.22769,10.7179
mclne5rq7aey1iecmo.i,1,3,7,3,3,7,60,1,5,2025/7/2 16:43,1,8,6,6,0,12,70,0,1,24,2025/7/2 16:47,,,-2.00058,-1.0308,-1.99538,-1.42775,-1.84281,-1.64827,-1.94293,-1.70367,-1.91878,-1.81689,0.689365,0.454498,2.111643,0.711703,4.013896,1.664707,10.08285,6.195227,14.89045,10.43561
mclne5rq7aey1iecmo.i,1,6,6,0,6,0,0,1,3,2025/7/2 16:43,2,10,6,3,3,6,47,0,1,18,2025/7/2 16:48,,,-2.14422,-1.41623,-2.13064,-1.54308,-1.97751,-1.81349,-2.10335,-2.24855,-1.96578,-1.85194,1.13765,1.331237,1.174065,1.412463,1.704925,2.066814,6.11762,6.374133,10.36083,10.52029
mclne5rq7aey1iecmo.i,1,2,6,3,3,6,55,1,2,2025/7/2 16:44,3,1,6,0,6,0,0,0,1,12,2025/7/2 16:49,,,4.005374,4.328185,3.991337,4.369117,4.066874,4.162151,5.85398,6.830568,9.338766,10.77742,0.2983,0.032043,1.791494,0.250267,3.428339,1.061297,8.597642,4.742991,12.58473,8.507227
mclne5rq7aey1iecmo.i,1,4,6,6,0,12,90,1,1,2025/7/2 16:44,4,11,7,0,6,1,7,0,1,14,2025/7/2 16:49,,,3.145815,3.646063,3.112041,3.373805,3.219855,3.424783,4.542839,5.497643,7.511335,8.854385,3.948587,4.556248,4.119229,4.267223,4.074619,4.13976,5.839707,6.925081,9.328695,10.77701
mclne5rq7aey1iecmo.i,1,12,7,0,6,1,5,1,6,2025/7/2 16:45,5,7,7,3,3,7,40,0,1,20,2025/7/2 16:51,,,1.209713,1.419967,1.279351,1.379616,1.746367,2.061731,6.001122,6.274029,10.39851,10.27928,0.64138,0.803096,0.696163,0.888992,1.137808,1.332016,4.79987,5.073556,8.436494,8.396492
mclne5rq7aey1iecmo.i,1,9,7,6,0,13,95,1,4,2025/7/2 16:45,6,5,7,6,0,13,75,0,1,26,2025/7/2 16:52,,,0.680823,0.761763,0.655756,0.835486,1.115427,1.392571,4.800033,4.98171,8.397034,8.387129,3.245829,3.628735,3.038462,3.514971,3.157616,3.329957,4.584496,5.594503,7.472548,8.73394
mclne6s23zl4eencpb.ass,1,6,6,6,0,12,50,0,1,2025/7/2 16:59,1,11,6,0,6,0,0,1,1,12,2025/7/2 16:45,,,4.034725,4.456378,4.04774,4.390419,4.024156,4.193977,5.92435,6.898578,9.293108,10.77797,1.220704,1.40261,1.220742,1.388821,1.73319,1.97772,6.084919,6.340993,10.38841,10.45652
mclne6s23zl4eencpb.ass,1,4,7,0,6,1,10,0,6,2025/7/2 16:59,2,5,6,3,3,6,12,1,1,18,2025/7/2 16:48,,,0.656141,0.766122,0.721125,0.846256,1.141759,1.392466,4.753211,4.965786,8.402194,8.473104,3.182786,3.566923,3.11019,3.481268,3.208833,3.173623,4.627766,5.475914,7.457059,8.734587
mclne6s23zl4eencpb.ass,1,2,7,6,0,13,55,0,4,2025/7/2 17:00,3,8,7,6,0,13,50,1,1,26,2025/7/2 16:51,,,1.23494,1.370997,1.245429,1.344143,1.711866,2.027254,6.126999,6.310063,10.43179,10.54821,-1.8728,-0.91666,-2.01571,-1.4757,-1.93931,-1.66705,-1.87575,-1.62377,-2.06558,-2.1008
mclne6s23zl4eencpb.ass,1,1,7,3,3,7,75,0,5,2025/7/2 17:01,4,9,6,6,0,12,20,1,1,24,2025/7/2 16:54,,,3.131919,3.479762,3.12515,3.508848,3.130425,3.315771,4.612435,5.597402,7.494308,8.637495,4.141074,4.480784,4.054743,4.374747,4.085491,4.253583,5.814226,6.81562,9.307207,10.72164
mclne6s23zl4eencpb.ass,1,7,6,0,6,0,0,0,3,2025/7/2 17:01,5,10,7,0,6,1,0,1,1,14,2025/7/2 16:55,,,-1.87206,-1.04667,-1.90591,-1.60423,-1.99785,-1.73817,-1.88144,-1.89205,-2.06068,-1.81872,-2.13037,-1.4548,-2.11419,-1.63682,-2.18397,-1.91851,-2.02847,-1.8593,-2.13003,-2.08544
mclne6s23zl4eencpb.ass,1,12,6,3,3,6,50,0,2,2025/7/2 17:02,6,3,7,3,3,7,50,1,1,20,2025/7/2 16:57,,,0.702615,0.486845,2.176063,0.663044,4.041933,1.626547,10.14175,6.160889,14.80782,10.41861,0.606593,0.812729,0.671738,0.850957,1.132594,1.370331,4.753663,5.008435,8.441751,8.422368
mclneqtpbcq144lby5.3ll,0,8,6,3,3,6,90,1,2,2025/7/2 16:44,1,11,7,0,6,1,10,0,0,14,2025/7/2 16:50,,,1.184799,1.411917,1.201193,1.386134,1.752658,2.004687,6.055532,6.218889,10.43743,10.51844,1.202208,1.383036,1.225287,1.440578,1.751435,2.033943,6.113434,6.309401,10.46298,10.52426
mclneqtpbcq144lby5.3ll,0,7,7,6,0,13,100,1,4,2025/7/2 16:45,2,3,7,3,3,7,20,0,0,20,2025/7/2 16:51,,,0.692364,0.524971,2.182831,0.663618,4.109009,1.610565,10.09154,6.058453,14.79261,10.30509,0.671616,0.803462,0.710122,0.842644,1.129736,1.393861,4.76059,4.954549,8.36613,8.41304
mclneqtpbcq144lby5.3ll,0,1,6,0,6,0,0,1,3,2025/7/2 16:46,3,12,6,6,0,12,15,0,0,24,2025/7/2 16:52,,,-2.02808,-1.01384,-1.84916,-1.4322,-1.94008,-1.69388,-1.97584,-2.12451,-1.87565,-1.90723,3.037373,3.602898,3.176751,3.619333,3.173201,3.390301,4.598753,5.466204,7.468318,8.750244
mclneqtpbcq144lby5.3ll,0,9,6,6,0,12,80,1,1,2025/7/2 16:47,4,4,7,6,0,13,80,0,0,26,2025/7/2 16:54,,,0.610897,0.801079,0.684955,0.852378,1.140758,1.336242,4.783667,4.926684,8.437597,8.471938,0.704835,0.474024,2.101421,0.685609,4.10662,1.553332,10.15406,6.138942,14.88928,10.32248
mclneqtpbcq144lby5.3ll,0,6,7,0,6,1,10,1,6,2025/7/2 16:48,5,2,6,3,3,6,40,0,0,18,2025/7/2 16:55,,,4.029415,4.470732,3.968925,4.301234,4.100228,4.082362,5.860847,6.98296,9.314424,10.7338,0.290714,-0.01085,1.788393,0.203072,3.428636,1.068327,8.671221,4.752891,12.53175,8.376877
mclneqtpbcq144lby5.3ll,0,5,7,3,3,7,89,1,5,2025/7/2 16:48,6,10,6,0,6,0,0,0,0,12,2025/7/2 16:56,,,3.17602,3.534594,3.14122,3.611667,3.100015,3.316706,4.561191,5.513308,7.511595,8.770206,4.097476,4.322197,4.008223,4.206519,3.964916,4.22103,5.842461,6.957014,9.305635,10.68077
mclnf61nxxfs2hhszf.eee,1,4,7,6,0,13,70,0,4,2025/7/2 16:56,1,7,6,3,3,6,20,1,1,18,2025/7/2 16:46,,,4.053549,4.247505,3.993589,4.420096,4.072537,4.253022,5.866012,6.808124,9.354862,10.68687,-1.92451,-1.12719,-1.93571,-1.39708,-1.86934,-1.5366,-2.07116,-2.0444,-1.89956,-2.10329
mclnf61nxxfs2hhszf.eee,1,1,7,0,6,1,10,0,6,2025/7/2 16:57,2,9,7,3,3,7,40,1,1,20,2025/7/2 16:47,,,0.635359,0.789758,0.675526,0.869952,1.130939,1.405191,4.747908,4.910744,8.442128,8.485927,1.148307,1.358572,1.207393,1.392691,1.673385,2.013832,6.117447,6.316284,10.41538,10.47422
mclnf61nxxfs2hhszf.eee,1,5,7,3,3,7,60,0,5,2025/7/2 16:57,3,3,6,0,6,0,0,1,1,12,2025/7/2 16:49,,,1.196945,1.35429,1.211018,1.356723,1.734017,2.037644,6.121209,6.241844,10.34925,10.30225,3.012244,3.607645,3.158837,3.57559,3.169434,3.341076,4.549098,5.534685,7.485994,8.795439
mclnf61nxxfs2hhszf.eee,1,6,6,3,3,6,40,0,2,2025/7/2 16:58,4,2,6,6,0,12,90,1,1,24,2025/7/2 16:51,,,0.684417,0.307008,2.101002,0.742571,4.064241,1.52561,10.11303,6.115333,14.75704,10.42813,0.692086,0.794569,0.670275,0.891401,1.130354,1.371607,4.791461,4.996374,8.435421,8.358544
mclnf61nxxfs2hhszf.eee,1,11,6,0,6,0,0,0,3,2025/7/2 16:59,5,12,7,0,6,1,10,1,1,14,2025/7/2 16:53,,,3.202221,3.634933,3.094491,3.540383,3.191139,3.406577,4.573256,5.5405,7.449115,8.799075,4.102178,4.451687,4.059783,4.370999,3.995318,4.170978,5.912085,6.890065,9.256229,10.82953
mclnf61nxxfs2hhszf.eee,1,10,6,6,0,12,80,0,1,2025/7/2 16:59,6,8,7,6,0,13,80,1,1,26,2025/7/2 16:54,,,-1.89678,-1.04909,-1.98705,-1.39497,-1.87547,-1.70268,-2.03951,-2.11746,-2.05265,-2.1002,-2.04552,-1.44527,-2.16779,-1.70703,-2.05511,-1.51577,-2.13962,-1.85613,-1.98105,-2.02224
mclnfklrloomvoajvr,0,9,6,0,6,0,0,1,3,2025/7/2 16:44,1,5,7,0,6,1,42,0,0,14,2025/7/2 16:48,,,0.673272,0.410632,2.188798,0.659426,4.005278,1.549687,10.14852,6.282775,14.88739,10.55826,0.284511,-0.01106,1.746819,0.230911,3.429112,1.099267,8.604886,4.844016,12.46302,8.545951
mclnfklrloomvoajvr,0,11,7,0,6,1,0,1,6,2025/7/2 16:45,2,8,7,3,3,7,48,0,0,20,2025/7/2 16:49,,,3.999822,4.458987,3.959007,4.332136,4.015917,4.209193,5.846237,7.040113,9.357179,10.62979,-2.04222,-1.3369,-2.12966,-1.69022,-2.04436,-1.93627,-2.06322,-2.07079,-2.20497,-1.91036
mclnfklrloomvoajvr,0,7,7,6,0,13,65,1,4,2025/7/2 16:45,3,1,6,0,6,0,50,0,0,12,2025/7/2 16:50,,,1.182411,1.36712,1.199072,1.379742,1.716569,2.003732,6.05001,6.262084,10.31284,10.52056,4.142587,4.630792,4.058266,4.335163,4.039103,4.181512,5.831869,6.983107,9.327135,10.83291
mclnfklrloomvoajvr,0,6,6,6,0,12,50,1,1,2025/7/2 16:46,4,10,7,6,0,13,64,0,0,26,2025/7/2 16:51,,,3.163007,3.525119,3.115101,3.439987,3.153251,3.243597,4.629987,5.559918,7.425227,8.789148,3.101998,3.594619,3.225746,3.488084,3.106581,3.296811,4.578784,5.535595,7.50486,8.780994
mclnfklrloomvoajvr,0,3,7,3,3,7,50,1,5,2025/7/2 16:46,5,4,6,3,3,6,65,0,0,18,2025/7/2 16:52,,,0.297119,0.076145,1.763298,0.2923,3.374699,1.107338,8.52016,4.868081,12.65047,8.417474,1.201542,1.360957,1.227506,1.400283,1.769159,1.998417,6.056781,6.416884,10.43775,10.45007
mclnfklrloomvoajvr,0,2,6,3,3,6,50,1,2,2025/7/2 16:46,6,12,6,6,0,12,40,0,0,24,2025/7/2 16:53,,,0.608009,0.836155,0.660123,0.839716,1.124088,1.359769,4.747698,4.996049,8.479678,8.424941,0.659533,0.844504,0.637704,0.823487,1.151118,1.364093,4.78581,5.042571,8.393552,8.469463
mclng77lh9kyndz0lp,0,10,7,3,3,7,61,0,5,2025/7/2 16:48,1,1,6,6,0,12,73,1,0,24,2025/7/2 16:44,,,1.163078,1.360266,1.194741,1.360891,1.740598,2.016167,6.052515,6.332452,10.42612,10.43601,1.186567,1.40123,1.201694,1.421077,1.702874,1.996851,6.047057,6.352454,10.37879,10.30159
mclng77lh9kyndz0lp,0,5,6,3,3,6,41,0,2,2025/7/2 16:49,2,4,7,0,6,1,1,1,0,14,2025/7/2 16:45,,,3.153642,3.503506,3.138933,3.50354,3.207734,3.331574,4.664179,5.521276,7.470655,8.84193,0.665467,0.871821,0.666858,0.854458,1.11733,1.36412,4.72499,4.909862,8.421931,8.423176
mclng77lh9kyndz0lp,0,6,7,0,6,1,0,0,6,2025/7/2 16:49,3,11,7,3,3,7,1,1,0,20,2025/7/2 16:46,,,0.645982,0.849286,0.673633,0.864924,1.154971,1.35337,4.787708,4.961295,8.382953,8.415925,-1.9633,-1.00633,-2.01821,-1.4595,-1.99957,-1.70052,-1.96408,-1.7211,-1.97341,-1.8506
mclng77lh9kyndz0lp,0,2,6,6,0,12,64,0,1,2025/7/2 16:49,4,7,6,0,6,0,0,1,0,12,2025/7/2 16:46,,,-2.00475,-0.97034,-1.99463,-1.37358,-1.92595,-1.75957,-2.00075,-1.78457,-1.8563,-1.67508,0.715001,0.418918,2.153475,0.768161,4.106152,1.60929,10.12621,6.263621,14.72095,10.4624
mclng77lh9kyndz0lp,0,8,6,0,6,0,0,0,3,2025/7/2 16:49,5,12,6,3,3,6,30,1,0,18,2025/7/2 16:47,,,0.685663,0.392328,2.172838,0.644848,4.143154,1.595827,10.21086,6.211629,14.88478,10.39318,3.956388,4.559596,4.076916,4.339883,4.075522,4.180664,5.879908,6.80076,9.252573,10.87558
mclng77lh9kyndz0lp,0,9,7,6,0,13,76,0,4,2025/7/2 16:49,6,3,7,6,0,13,33,1,0,26,2025/7/2 16:48,,,0.690859,0.487782,2.1879,0.726663,4.04764,1.650035,10.08884,6.199272,14.90284,10.29544,3.172096,3.579072,3.142838,3.537985,3.233628,3.244556,4.63049,5.59974,7.42537,8.861294
mclngfqok0z1b5gpjz.lll,1,6,7,6,0,13,80,1,4,2025/7/2 16:44,1,3,7,3,3,7,20,0,1,20,2025/7/2 16:51,,,0.660838,0.817788,0.694008,0.901435,1.154417,1.403563,4.831234,4.961861,8.438183,8.532922,3.998951,4.64051,3.996958,4.343662,4.090793,4.174126,5.835861,6.860391,9.28094,10.73912
mclngfqok0z1b5gpjz.lll,1,11,6,3,3,6,50,1,2,2025/7/2 16:46,2,10,6,6,0,12,55,0,1,24,2025/7/2 16:52,,,4.053834,4.450053,4.037508,4.374143,3.997064,4.23124,5.880828,6.999842,9.307313,10.73817,-2.15587,-1.37233,-2.14076,-1.74529,-2.05226,-1.88908,-2.19948,-2.14992,-2.16311,-2.26432
mclngfqok0z1b5gpjz.lll,1,5,7,3,3,7,60,1,5,2025/7/2 16:46,3,2,6,0,6,0,0,0,1,12,2025/7/2 16:53,,,-1.91903,-1.00079,-1.79968,-1.45165,-2.07804,-1.66844,-1.91482,-1.99888,-1.96875,-2.19413,1.189057,1.331547,1.195376,1.372108,1.719078,2.000387,6.070454,6.354513,10.48527,10.52557
mclngfqok0z1b5gpjz.lll,1,8,6,6,0,12,70,1,1,2025/7/2 16:47,4,1,7,6,0,13,44,0,1,26,2025/7/2 16:54,,,1.205289,1.333523,1.243971,1.413261,1.749602,2.038393,6.05871,6.445444,10.39757,10.51825,0.673483,0.830151,0.654821,0.908293,1.151762,1.348591,4.795422,4.955822,8.468912,8.479765
mclngfqok0z1b5gpjz.lll,1,4,6,0,6,0,0,1,3,2025/7/2 16:48,5,9,7,0,6,1,0,0,1,14,2025/7/2 16:55,,,3.159854,3.521225,3.117281,3.447357,3.195799,3.417212,4.588231,5.521681,7.491733,8.89729,3.092106,3.569793,3.075776,3.463999,3.168143,3.340811,4.589319,5.466473,7.435515,8.786336
mclngfqok0z1b5gpjz.lll,1,12,7,0,6,1,1,1,6,2025/7/2 16:48,6,7,6,3,3,6,5,0,1,18,2025/7/2 16:56,,,0.68861,0.442419,2.140501,0.641774,4.054666,1.698846,10.08174,6.123021,14.88681,10.63665,-2.00298,-1.09668,-1.88765,-1.5605,-1.97384,-1.77709,-1.95869,-1.80711,-1.87414,-1.78554
mclnhac133co78a5yp,0,5,7,3,3,7,66,0,5,2025/7/2 16:52,1,6,7,3,3,7,72,1,0,20,2025/7/2 16:45,,,1.210108,1.405205,1.223011,1.417108,1.747222,2.009667,6.100789,6.255533,10.44017,10.44357,0.625259,0.809075,0.664527,0.869145,1.150324,1.384285,4.784951,4.919155,8.448914,8.401091
mclnhac133co78a5yp,0,12,7,0,6,1,20,0,6,2025/7/2 16:52,2,4,6,3,3,6,66,1,0,18,2025/7/2 16:46,,,3.882006,4.449249,4.062166,4.428589,4.016499,4.203434,5.836822,6.894475,9.297343,10.78547,3.168064,3.704955,3.104538,3.588891,3.195204,3.396648,4.477766,5.55246,7.422168,8.692697
mclnhac133co78a5yp,0,3,6,0,6,0,0,0,3,2025/7/2 16:52,3,1,6,6,0,12,35,1,0,24,2025/7/2 16:48,,,0.641507,0.806875,0.701608,0.893818,1.134292,1.342829,4.782353,4.920899,8.447736,8.336316,-1.8389,-1.00944,-2.09549,-1.37354,-1.93655,-1.65902,-2.04,-2.05049,-1.90884,-1.94007
mclnhac133co78a5yp,0,10,6,3,3,6,50,0,2,2025/7/2 16:53,4,8,7,0,6,1,50,1,0,14,2025/7/2 16:49,,,0.707456,0.435214,2.176725,0.718163,4.120523,1.589259,10.18783,6.121229,14.81049,10.4296,-1.79491,-2.08147,-1.7622,-1.86564,-1.80587,-1.99382,-2.04235,-1.827,-2.01463,-2.12757
mclnhac133co78a5yp,0,2,7,6,0,13,70,0,4,2025/7/2 16:53,5,11,6,0,6,0,10,1,0,12,2025/7/2 16:50,,,0.311799,-0.08884,1.695595,0.283897,3.51377,1.067183,8.586916,4.878325,12.67766,8.425261,1.214615,1.404665,1.218549,1.387108,1.716847,2.003266,6.075077,6.336899,10.37373,10.47801
mclnhac133co78a5yp,0,9,6,6,0,12,50,0,1,2025/7/2 16:54,6,7,7,6,0,13,57,1,0,26,2025/7/2 16:51,,,3.179427,3.601025,3.143628,3.453447,3.184255,3.363413,4.634017,5.520439,7.457714,8.677838,0.708709,0.447186,2.125846,0.627301,4.099999,1.713276,10.08858,6.107024,14.72101,10.31782
mclnhpg0zl8l8kievk.ass,0,6,7,6,0,13,60,1,4,2025/7/2 16:45,1,5,6,0,6,0,0,0,0,12,2025/7/2 16:49,,,0.587459,0.830935,0.661622,0.816021,1.158538,1.352018,4.787114,4.970067,8.418108,8.46043,0.703023,0.395817,2.154752,0.708829,4.051501,1.653723,10.11353,6.147947,14.846,10.35965
mclnhpg0zl8l8kievk.ass,0,12,6,3,3,6,35,1,2,2025/7/2 16:46,2,2,7,3,3,7,5,0,0,20,2025/7/2 16:50,,,1.236442,1.385224,1.178194,1.396182,1.764358,2.065169,6.081864,6.261038,10.38052,10.41788,-1.90826,-0.93346,-1.92485,-1.45977,-1.91959,-1.59214,-1.99836,-1.84385,-2.08957,-1.99693
mclnhpg0zl8l8kievk.ass,0,8,7,3,3,7,55,1,5,2025/7/2 16:46,3,10,6,6,0,12,10,0,0,24,2025/7/2 16:51,,,-1.88799,-0.96154,-2.02474,-1.32574,-1.91834,-1.58538,-1.84864,-2.10851,-1.93138,-1.92058,4.112341,4.422843,3.987333,4.386932,3.966937,4.211532,5.792703,6.915238,9.378275,10.82085
mclnhpg0zl8l8kievk.ass,0,1,7,0,6,1,30,1,6,2025/7/2 16:47,4,3,6,3,3,6,40,0,0,18,2025/7/2 16:52,,,0.674056,0.359867,2.150661,0.647469,4.116691,1.666985,10.06412,6.307566,14.85707,10.38221,0.646242,0.814571,0.655482,0.848214,1.151679,1.42832,4.807189,4.953356,8.398978,8.444021
mclnhpg0zl8l8kievk.ass,0,9,6,6,0,12,50,1,1,2025/7/2 16:47,5,11,7,6,0,13,25,0,0,26,2025/7/2 16:53,,,4.072649,4.5089,4.01778,4.380984,4.063941,4.224426,5.786896,6.900508,9.322958,10.79334,3.164694,3.429617,3.227165,3.451156,3.026524,3.318628,4.627289,5.486466,7.412979,8.815216
mclnhpg0zl8l8kievk.ass,0,7,6,0,6,0,0,1,3,2025/7/2 16:48,6,4,7,0,6,1,0,0,0,14,2025/7/2 16:54,,,3.222423,3.839508,3.023572,3.49841,3.063585,3.343304,4.614367,5.496122,7.506702,8.919189,1.168369,1.373541,1.227607,1.407388,1.733279,1.968097,6.111917,6.479019,10.39577,10.49464
mclninywxofe0g24vl,1,4,7,0,6,1,51,0,6,2025/7/2 8:55,1,11,6,0,6,0,29,1,1,12,2025/7/2 8:46,,,0.674019,0.859363,0.652705,0.850644,1.097173,1.325355,4.808754,4.845688,8.409792,8.668932,3.207888,3.72436,3.135544,3.520619,3.189583,3.310218,4.643351,5.544599,7.482402,8.766249
mclninywxofe0g24vl,1,2,7,6,0,13,75,0,4,2025/7/2 8:55,2,3,7,0,6,1,-42,1,1,14,2025/7/2 8:51,,,3.912519,4.532892,4.027879,4.381918,4.09864,4.161791,5.952638,6.85708,9.388254,10.79015,4.076369,4.618326,3.977864,4.344147,3.994906,4.14852,5.87139,6.923186,9.27922,10.851
mclninywxofe0g24vl,1,7,7,3,3,7,56,0,5,2025/7/2 8:55,3,5,7,6,0,13,58,1,1,26,2025/7/2 8:52,,,3.139819,3.827256,3.096055,3.525617,3.177295,3.41151,4.605372,5.525235,7.475496,8.790611,-1.92996,-1.097,-1.75723,-1.4032,-1.86097,-1.74753,-2.00094,-1.7493,-2.01168,-1.96205
mclninywxofe0g24vl,1,12,6,6,0,12,46,0,1,2025/7/2 8:56,4,9,6,6,0,12,74,1,1,24,2025/7/2 8:53,,,-1.87654,-0.97686,-2.09097,-1.34475,-1.92967,-1.94221,-1.87477,-1.85804,-1.88891,-1.92943,1.17824,1.416438,1.214149,1.404144,1.69558,1.993325,6.093551,6.303709,10.40941,10.41514
mclninywxofe0g24vl,1,8,6,0,6,0,8,0,3,2025/7/2 8:56,5,6,7,3,3,7,55,1,1,20,2025/7/2 8:54,,,1.18357,1.38089,1.234761,1.382029,1.731413,1.985759,6.081546,6.2869,10.37295,10.55943,0.680718,0.812314,0.636005,0.875906,1.143461,1.385224,4.759226,5.035204,8.39692,8.499168
mclninywxofe0g24vl,1,10,6,3,3,6,41,0,2,2025/7/2 8:56,6,1,6,3,3,6,30,1,1,18,2025/7/2 8:54,,,0.672939,0.468211,2.109351,0.659019,4.131509,1.681208,9.975421,6.229214,14.86298,10.31687,0.679302,0.436545,2.116763,0.732721,4.047386,1.625822,9.964009,6.197005,14.80961,10.36173
mclniw8tmb8nms1x5t.sss,1,7,7,3,3,7,58,1,5,2025/7/2 16:52,1,12,7,3,3,7,15,0,1,20,2025/7/2 16:56,,,3.157866,3.678632,3.087392,3.507916,3.221138,3.42003,4.551407,5.368676,7.511227,8.751721,0.63352,0.793942,0.629249,0.848628,1.126729,1.338507,4.794203,5.028682,8.495348,8.536105
mclniw8tmb8nms1x5t.sss,1,9,6,6,0,12,68,1,1,2025/7/2 16:52,2,8,6,3,3,6,13,0,1,18,2025/7/2 16:58,,,0.674201,0.425331,2.097891,0.721565,4.076575,1.581518,10.13137,6.149652,14.86306,10.42955,-2.05571,-1.35057,-2.21726,-1.53991,-2.0125,-1.80062,-1.99589,-2.09436,-2.13175,-1.84172
mclniw8tmb8nms1x5t.sss,1,5,6,3,3,6,52,1,2,2025/7/2 16:53,3,2,6,0,6,0,0,0,1,12,2025/7/2 16:59,,,4.000715,4.56185,3.972579,4.346905,4.013566,4.193941,5.901416,6.849981,9.231717,10.74934,1.159145,1.379963,1.238162,1.393707,1.752984,2.038785,6.081906,6.340592,10.44716,10.55658
mclniw8tmb8nms1x5t.sss,1,11,6,0,6,0,0,1,3,2025/7/2 16:53,4,10,7,0,6,1,5,0,1,14,2025/7/2 17:00,,,0.6636,0.832877,0.6585,0.83717,1.126573,1.337301,4.748271,4.922814,8.511501,8.601315,3.119512,3.705827,3.018178,3.569074,3.095353,3.309977,4.644219,5.552865,7.496746,8.696668
mclniw8tmb8nms1x5t.sss,1,4,7,0,6,1,15,1,6,2025/7/2 16:54,5,6,7,6,0,13,41,0,1,26,2025/7/2 17:03,,,-1.87397,-0.99899,-1.95993,-1.3524,-1.95508,-1.75126,-1.98776,-1.71033,-1.96263,-1.84241,4.14921,4.492288,4.066311,4.399038,4.055939,4.225769,5.781154,6.848166,9.345161,10.68503
mclniw8tmb8nms1x5t.sss,1,3,7,0,6,1,15,1,6,2025/7/2 16:54,6,1,6,6,0,12,43,0,1,24,2025/7/2 17:05,,,1.192078,1.380279,1.198595,1.40975,1.763741,2.027592,6.03573,6.323427,10.38328,10.4536,-1.95097,-0.95075,-2.00341,-1.45255,-1.90653,-1.71799,-1.91508,-1.74027,-1.88392,-1.85261
mclnj85zbia36mnrok.777,0,7,6,3,3,6,35,0,2,2025/7/2 16:55,1,8,7,6,0,13,35,1,0,26,2025/7/2 16:49,,,0.652318,0.827006,0.680812,0.844486,1.143918,1.31187,4.737697,4.904481,8.456106,8.461638,0.664949,0.815444,0.66736,0.868115,1.105735,1.358109,4.805523,4.948353,8.428498,8.5006
mclnj85zbia36mnrok.777,0,2,7,6,0,13,75,0,4,2025/7/2 16:55,2,5,7,0,6,1,-5,1,0,14,2025/7/2 16:50,,,1.193527,1.401506,1.225712,1.405302,1.700691,2.01042,6.092406,6.140672,10.41848,10.49439,1.196265,1.369716,1.212844,1.400004,1.713116,2.010819,6.089797,6.4029,10.33731,10.38831
mclnj85zbia36mnrok.777,0,3,6,0,6,0,-20,0,3,2025/7/2 16:56,3,6,7,3,3,7,55,1,0,20,2025/7/2 16:51,,,0.717359,0.40299,2.116543,0.631784,4.104333,1.6668,10.05307,5.991127,14.89598,10.4671,0.283576,0.02495,1.732201,0.24049,3.38363,1.040126,8.59264,4.845383,12.53787,8.37907
mclnj85zbia36mnrok.777,0,11,7,3,3,7,20,0,5,2025/7/2 16:56,4,12,6,3,3,6,35,1,0,18,2025/7/2 16:52,,,-1.92629,-0.95759,-1.93103,-1.43079,-1.90044,-1.64802,-1.84788,-1.80707,-1.7863,-1.7327,3.072012,3.558048,3.159345,3.62695,3.10537,3.376016,4.578852,5.567028,7.450928,8.793457
mclnj85zbia36mnrok.777,0,9,6,6,0,12,35,0,1,2025/7/2 16:56,5,4,6,6,0,12,40,1,0,24,2025/7/2 16:53,,,4.130793,4.507379,4.042475,4.253397,4.077507,4.206518,5.858384,7.040516,9.317277,10.64655,0.643291,0.424124,2.161664,0.640038,4.126458,1.606167,10.12088,6.164782,14.76692,10.5001
mclnj85zbia36mnrok.777,0,1,7,0,6,1,10,0,6,2025/7/2 16:57,6,10,6,0,6,0,-10,1,0,12,2025/7/2 16:54,,,3.280512,3.483094,3.12213,3.542582,3.20923,3.398729,4.645832,5.53795,7.499833,8.756213,4.064155,4.396231,3.959634,4.35172,4.031838,4.33441,5.840298,6.822974,9.255913,10.84492
mclnka0s3q8i3hzb7q.777,0,5,7,3,3,7,82,1,5,2025/7/2 16:48,1,11,6,3,3,6,37,0,0,18,2025/7/2 16:52,,,-1.90219,-1.10256,-1.86185,-1.28683,-2.01718,-1.70138,-1.97645,-1.91851,-1.81634,-1.83876,4.06289,4.471562,3.966795,4.3527,4.14485,4.191285,5.941975,6.857808,9.242107,10.73931
mclnka0s3q8i3hzb7q.777,0,2,7,6,0,13,73,1,4,2025/7/2 16:48,2,7,6,6,0,12,7,0,0,24,2025/7/2 16:53,,,3.27927,3.619798,3.125822,3.458207,3.21794,3.35536,4.558724,5.517314,7.471405,8.675315,3.089577,3.448303,3.240567,3.522284,3.21075,3.337752,4.632941,5.487776,7.510088,8.750013
mclnka0s3q8i3hzb7q.777,0,8,6,3,3,6,41,1,2,2025/7/2 16:49,3,4,6,0,6,0,0,0,0,12,2025/7/2 16:54,,,4.038175,4.351399,4.125413,4.369288,4.044904,4.265808,5.821563,6.880594,9.275186,10.64312,0.597481,0.82778,0.679254,0.841152,1.135009,1.328703,4.799675,4.905227,8.412318,8.517399
mclnka0s3q8i3hzb7q.777,0,10,7,0,6,1,90,1,6,2025/7/2 16:49,4,9,7,6,0,13,-11,0,0,26,2025/7/2 16:55,,,0.722001,0.434921,2.131507,0.714185,4.126118,1.618023,10.14265,6.288769,14.84114,10.47734,0.693058,0.423435,2.173374,0.574721,3.987037,1.646866,10.08471,6.222447,14.7787,10.42695
mclnka0s3q8i3hzb7q.777,0,1,6,0,6,0,21,1,3,2025/7/2 16:50,5,3,7,3,3,7,10,0,0,20,2025/7/2 16:57,,,1.205723,1.429961,1.211933,1.394519,1.730208,1.972814,6.076862,6.321373,10.41908,10.34931,-1.97869,-0.86668,-1.96954,-1.59739,-2.00781,-1.46488,-1.95803,-2.00354,-1.86186,-1.77821
mclnka0s3q8i3hzb7q.777,0,12,6,6,0,12,32,1,1,2025/7/2 16:50,6,6,7,0,6,1,1,0,0,14,2025/7/2 16:58,,,0.667543,0.835487,0.637409,0.824724,1.160285,1.416061,4.793205,4.97587,8.414672,8.457552,1.176753,1.430069,1.239733,1.443198,1.71128,2.05326,6.028637,6.304047,10.39385,10.43338
mclnmp0njjctosa2t9,1,5,6,3,3,6,59,0,2,2025/7/2 16:56,1,7,7,0,6,1,100,1,1,14,2025/7/2 16:49,,,1.230689,1.431577,1.202929,1.386167,1.715957,2.040018,6.082051,6.317722,10.41543,10.45712,0.65217,0.855794,0.670235,0.830854,1.146853,1.379307,4.776488,5.038019,8.444167,8.38585
mclnmp0njjctosa2t9,1,10,7,3,3,7,70,0,5,2025/7/2 16:56,2,11,6,0,6,0,0,1,1,12,2025/7/2 16:50,,,0.604441,0.846332,0.679725,0.856692,1.104749,1.374745,4.828221,4.998646,8.418803,8.411523,1.203615,1.34757,1.201903,1.389854,1.754452,2.025384,6.055213,6.2785,10.44163,10.48133
mclnmp0njjctosa2t9,1,8,6,0,6,0,0,0,3,2025/7/2 16:56,3,6,7,6,0,13,85,1,1,26,2025/7/2 16:51,,,-1.95967,-1.00303,-2.22671,-1.39156,-1.98267,-1.73258,-1.8981,-1.94331,-2.04035,-1.90003,0.306705,0.005454,1.765375,0.250449,3.413767,1.094823,8.575926,4.942577,12.5601,8.569142
mclnmp0njjctosa2t9,1,4,7,0,6,1,30,0,6,2025/7/2 16:57,4,12,6,3,3,6,60,1,1,18,2025/7/2 16:52,,,3.1905,3.521089,3.237151,3.56495,3.10256,3.262191,4.624417,5.513855,7.444852,8.838224,4.041413,4.413143,4.097362,4.208537,4.004813,4.094885,5.825139,6.782931,9.208322,10.82083
mclnmp0njjctosa2t9,1,3,7,6,0,13,80,0,4,2025/7/2 16:57,5,2,6,6,0,12,85,1,1,24,2025/7/2 16:54,,,4.098704,4.520207,4.023471,4.445155,3.912235,4.237099,5.827338,6.896281,9.295603,10.69807,3.159481,3.671,3.071635,3.622155,3.097468,3.306779,4.587313,5.596005,7.473624,8.770074
mclnmp0njjctosa2t9,1,9,6,6,0,12,70,0,1,2025/7/2 16:57,6,1,7,3,3,7,65,1,1,20,2025/7/2 16:55,,,0.703596,0.46716,2.131102,0.651704,4.168152,1.594847,9.975519,6.3079,14.81876,10.45099,0.718762,0.415044,2.13157,0.625393,4.131523,1.703298,10.03942,6.136242,14.7912,10.42034
mclno8m57qwge0r9id.ass,1,3,6,3,3,6,28,1,2,2025/7/2 16:49,1,2,6,6,0,12,53,0,1,24,2025/7/2 16:52,,,0.656943,0.80521,0.676073,0.839953,1.096936,1.396509,4.721368,4.89454,8.476634,8.303647,3.076357,3.581229,3.103582,3.452864,3.139169,3.30523,4.511613,5.576379,7.511163,8.755798
mclno8m57qwge0r9id.ass,1,12,7,6,0,13,54,1,4,2025/7/2 16:49,2,5,7,6,0,13,66,0,1,26,2025/7/2 16:53,,,3.261492,3.502953,3.018789,3.604071,3.070683,3.411193,4.587079,5.4762,7.487356,8.731359,1.198058,1.378721,1.238631,1.369204,1.76897,2.090286,6.053983,6.139547,10.39594,10.53787
mclno8m57qwge0r9id.ass,1,11,6,6,0,12,35,1,1,2025/7/2 16:50,3,8,6,0,6,0,0,0,1,12,2025/7/2 16:54,,,4.036956,4.432035,4.031826,4.277493,4.017122,4.314231,5.854996,6.872495,9.304322,10.63104,-1.51952,-1.51469,-1.55888,-1.48944,-1.64222,-1.7357,-1.9088,-2.01687,-1.97376,-1.88252
mclno8m57qwge0r9id.ass,1,7,6,0,6,0,0,1,3,2025/7/2 16:50,4,6,7,3,3,7,35,0,1,20,2025/7/2 16:55,,,-1.88177,-0.99138,-1.92699,-1.54656,-1.8487,-1.65344,-2.01956,-1.84405,-1.85932,-1.94943,-2.15146,-1.37855,-2.04932,-1.69984,-2.07693,-1.87083,-2.175,-1.89633,-1.96977,-2.19237
mclno8m57qwge0r9id.ass,1,4,7,3,3,7,65,1,5,2025/7/2 16:50,5,10,6,3,3,6,12,0,1,18,2025/7/2 16:56,,,0.705052,0.390774,2.218242,0.667,4.139829,1.618044,9.991318,6.098835,14.71513,10.35173,4.089182,4.439114,4.072968,4.367691,4.02609,4.059865,5.854052,6.823686,9.283176,10.76604
mclno8m57qwge0r9id.ass,1,9,7,0,6,1,9,1,6,2025/7/2 16:50,6,1,7,0,6,1,7,0,1,14,2025/7/2 16:57,,,1.183976,1.362229,1.215974,1.397213,1.703429,1.995999,6.044531,6.29368,10.44903,10.52406,-1.90497,-0.93413,-2.02144,-1.51946,-2.05743,-1.63863,-1.91562,-1.7957,-2.01389,-2.07412
mclnrvzltrywxh6ry2.p77,0,2,6,6,0,12,90,0,1,2025/7/2 17:06,1,8,6,3,3,6,40,1,0,18,2025/7/2 16:57,,,0.30806,-0.00638,1.791032,0.229735,3.395417,1.069993,8.470707,4.861463,12.55641,8.417126,0.717342,0.450838,2.133166,0.744955,4.125915,1.632868,10.0703,6.173186,14.79178,10.46972
mclnrvzltrywxh6ry2.p77,0,9,7,0,6,1,10,0,6,2025/7/2 17:06,2,7,7,0,6,1,0,1,0,14,2025/7/2 16:59,,,1.21808,1.370262,1.21881,1.394597,1.754498,2.028425,6.10959,6.220677,10.4426,10.35557,3.185792,3.425638,3.057246,3.528528,3.156713,3.305828,4.652008,5.544167,7.524155,8.771019
mclnrvzltrywxh6ry2.p77,0,3,7,6,0,13,80,0,4,2025/7/2 17:07,3,11,7,3,3,7,25,1,0,20,2025/7/2 17:00,,,-1.76579,-1.95843,-1.76084,-1.90261,-1.75006,-1.94139,-1.9677,-1.96407,-1.96497,-1.80417,0.649176,0.847492,0.722624,0.862924,1.138993,1.436036,4.721906,5.01518,8.440348,8.413019
mclnrvzltrywxh6ry2.p77,0,1,6,3,3,6,30,0,2,2025/7/2 17:08,4,4,6,6,0,12,35,1,0,24,2025/7/2 17:02,,,0.682259,0.388035,2.151327,0.700723,4.106885,1.606902,10.06176,6.23943,14.82099,10.43496,0.28103,0.01434,1.761343,0.29271,3.41879,1.035842,8.554612,4.953637,12.47882,8.534462
mclnrvzltrywxh6ry2.p77,0,5,6,0,6,0,0,0,3,2025/7/2 17:09,5,12,7,6,0,13,35,1,0,26,2025/7/2 17:04,,,-1.66883,-1.91035,-1.63005,-1.76805,-1.67731,-1.79069,-1.8014,-2.02639,-1.97233,-1.92651,1.165448,1.34547,1.231945,1.406454,1.754901,2.020254,6.115518,6.331413,10.4033,10.40323
mclnrvzltrywxh6ry2.p77,0,6,7,3,3,7,40,0,5,2025/7/2 17:09,6,10,6,0,6,0,0,1,0,12,2025/7/2 17:05,,,0.695533,0.776419,0.657704,0.886192,1.135905,1.375509,4.776407,4.964688,8.427312,8.46303,4.114618,4.359354,4.061941,4.380289,3.991117,4.181937,5.882304,6.834622,9.339263,10.71435
mclnsvr9a41h0ts5qa.777,0,12,6,3,3,6,83,1,2,2025/7/2 16:54,1,3,6,3,3,6,32,0,0,18,2025/7/2 16:58,,,0.720906,0.347549,2.156314,0.67427,4.179809,1.63344,9.987631,6.079978,14.77333,10.41742,0.699562,0.511742,2.182598,0.728307,4.142451,1.624754,10.12425,6.290247,14.90784,10.45968
mclnsvr9a41h0ts5qa.777,0,7,7,3,3,7,86,1,5,2025/7/2 16:55,2,5,7,3,3,7,42,0,0,20,2025/7/2 16:59,,,0.68466,0.821339,0.715425,0.840385,1.157911,1.36041,4.738345,5.00342,8.443346,8.502239,3.153812,3.58621,3.168459,3.569873,3.117084,3.374361,4.59742,5.541896,7.510743,8.721681
mclnsvr9a41h0ts5qa.777,0,2,7,0,6,1,9,1,6,2025/7/2 16:56,3,9,6,0,6,0,8,0,0,12,2025/7/2 17:00,,,1.181681,1.410766,1.208622,1.453002,1.682771,2.052829,6.077556,6.379554,10.428,10.57169,4.067251,4.400805,4.053117,4.369761,4.080039,4.301081,5.842231,6.935013,9.343847,10.57289
mclnsvr9a41h0ts5qa.777,0,10,6,0,6,0,0,1,3,2025/7/2 16:56,4,6,6,6,0,12,44,0,0,24,2025/7/2 17:01,,,3.134445,3.564854,3.11978,3.465173,3.221618,3.37143,4.616586,5.532122,7.45759,8.794994,0.612841,0.863107,0.663441,0.906978,1.132188,1.38022,4.732486,4.915921,8.497828,8.484129
mclnsvr9a41h0ts5qa.777,0,4,7,6,0,13,100,1,4,2025/7/2 16:56,5,11,7,0,6,1,28,0,0,14,2025/7/2 17:02,,,4.182757,4.363515,4.032932,4.343202,4.053975,4.074483,5.815254,6.82981,9.256,10.75366,-1.67412,-1.62159,-1.68394,-1.71544,-1.82798,-1.71452,-1.79868,-2.19392,-1.92303,-1.99853
mclnsvr9a41h0ts5qa.777,0,8,6,6,0,12,100,1,1,2025/7/2 16:57,6,1,7,6,0,13,90,0,0,26,2025/7/2 17:03,,,-1.87237,-0.99432,-2.00097,-1.40255,-1.93836,-1.49704,-2.14928,-1.93046,-1.95125,-2.06254,-1.83975,-1.02536,-1.9027,-1.454,-2.11408,-1.88398,-2.00559,-1.89176,-1.96771,-2.02463
mclnupe9cnfgefllez6.ee,1,3,6,0,6,0,0,0,3,2025/7/2 17:06,1,2,7,6,0,13,100,1,1,26,2025/7/2 16:58,,,-2.00079,-1.00249,-1.92665,-1.52734,-1.96013,-1.80878,-2.04797,-1.7728,-1.90922,-2.05333,0.317995,0.079148,1.708643,0.280856,3.407385,1.042656,8.411215,4.796559,12.70514,8.540098
mclnupe9cnfgefllez6.ee,1,4,6,6,0,12,50,0,1,2025/7/2 17:07,2,5,6,6,0,12,100,1,1,24,2025/7/2 17:00,,,0.702406,0.392513,2.132143,0.690869,4.11539,1.585068,10.2464,6.245212,14.94087,10.50211,-1.52938,-1.37808,-1.46927,-1.50913,-1.68501,-1.46595,-1.767,-1.79064,-1.92912,-1.74062
mclnupe9cnfgefllez6.ee,1,1,7,6,0,13,60,0,4,2025/7/2 17:08,3,8,6,3,3,6,50,1,1,18,2025/7/2 17:01,,,3.906927,4.422664,3.966142,4.416944,3.89111,4.099091,5.861093,6.879508,9.337183,10.84222,-1.783,-1.77025,-1.78311,-1.89765,-1.67598,-1.87201,-1.95998,-1.85661,-2.08079,-1.93638
mclnupe9cnfgefllez6.ee,1,10,7,0,6,1,15,0,6,2025/7/2 17:10,4,11,7,0,6,1,10,1,1,14,2025/7/2 17:03,,,0.665829,0.803654,0.652749,0.842778,1.112246,1.335362,4.753566,4.958186,8.456675,8.455518,0.654821,0.384,2.1488,0.714005,4.095372,1.665751,10.0464,6.088719,14.79643,10.32746
mclnupe9cnfgefllez6.ee,1,7,7,3,3,7,70,0,5,2025/7/2 17:11,5,9,6,0,6,0,0,1,1,12,2025/7/2 17:04,,,1.209837,1.395711,1.19174,1.419154,1.723806,2.041495,6.118827,6.320744,10.36951,10.38744,-1.62535,-1.56321,-1.72206,-1.60553,-1.85596,-1.91184,-1.89694,-2.22747,-2.04359,-2.01555
mclnupe9cnfgefllez6.ee,1,6,6,3,3,6,50,0,2,2025/7/2 17:11,6,12,7,3,3,7,50,1,1,20,2025/7/2 17:05,,,3.159489,3.46095,3.120248,3.427316,3.152335,3.308769,4.595072,5.531794,7.451579,8.804047,-1.50839,-1.7041,-1.55913,-1.71637,-1.59249,-1.76349,-1.82245,-2.00471,-2.00506,-1.8002
mclnv4bywkmk14jljd,1,4,7,3,3,7,46,1,5,2025/7/2 16:54,1,9,7,0,6,1,35,0,1,14,2025/7/2 16:56,,,0.672118,0.851991,0.663705,0.903099,1.095593,1.348717,4.830991,4.935933,8.456045,8.443392,0.702641,0.410615,2.162501,0.760909,4.045653,1.653909,10.08298,6.17868,14.86633,10.45521
mclnv4bywkmk14jljd,1,8,7,6,0,13,43,1,4,2025/7/2 16:55,2,11,6,0,6,0,0,0,1,12,2025/7/2 16:56,,,4.057735,4.486444,3.975766,4.315321,3.993405,4.207538,5.796086,6.783418,9.294846,10.89699,3.121626,3.509336,3.232276,3.506952,3.138255,3.389618,4.596367,5.533571,7.506059,8.761295
mclnv4bywkmk14jljd,1,6,7,0,6,1,11,1,6,2025/7/2 16:55,3,1,6,3,3,6,30,0,1,18,2025/7/2 16:57,,,1.221628,1.347599,1.195465,1.357521,1.775771,2.04879,6.054701,6.367626,10.40616,10.37211,0.645122,0.81631,0.696647,0.854903,1.130516,1.369881,4.774653,4.936112,8.44123,8.447625
mclnv4bywkmk14jljd,1,5,6,0,6,0,1,1,3,2025/7/2 16:55,4,12,6,6,0,12,48,0,1,24,2025/7/2 16:58,,,0.718155,0.447711,2.13284,0.712408,4.077048,1.63614,10.12112,6.269538,14.68268,10.37333,4.012562,4.483939,4.03435,4.451297,4.109331,4.226458,5.851061,7.005598,9.236302,10.80364
mclnv4bywkmk14jljd,1,7,6,3,3,6,55,1,2,2025/7/2 16:55,5,3,7,3,3,7,30,0,1,20,2025/7/2 16:59,,,3.139145,3.692541,3.147179,3.618194,3.152542,3.410744,4.580237,5.479057,7.447711,8.687483,1.197612,1.411196,1.2139,1.410658,1.731223,2.008722,6.047658,6.409321,10.44332,10.43732
mclnv4bywkmk14jljd,1,10,6,6,0,12,56,1,1,2025/7/2 16:55,6,2,7,6,0,13,71,0,1,26,2025/7/2 17:00,,,-2.14917,-1.00682,-1.85096,-1.41652,-1.98169,-1.63569,-1.81726,-1.88001,-2.07493,-2.09947,-1.88537,-1.15232,-1.99002,-1.67368,-1.96899,-1.6243,-1.92285,-1.76995,-1.99041,-1.7611
mclnvqr5bhj8trxh7b.sss,0,10,7,3,3,7,70,0,5,2025/7/2 17:04,1,9,6,3,3,6,40,1,0,18,2025/7/2 16:56,,,4.10173,4.547086,4.068079,4.483666,4.058267,4.215332,5.855406,6.906868,9.316953,10.7653,3.245523,3.595111,3.119898,3.533029,3.127141,3.337724,4.591642,5.558881,7.416675,8.719298
mclnvqr5bhj8trxh7b.sss,0,11,6,3,3,6,65,0,2,2025/7/2 17:05,2,8,7,3,3,7,35,1,0,20,2025/7/2 16:57,,,1.235349,1.400019,1.192029,1.421788,1.800675,2.000673,6.083082,6.307244,10.41719,10.4631,4.159042,4.493772,3.994048,4.383982,4.09905,4.125438,5.799859,6.88286,9.292526,10.75069
mclnvqr5bhj8trxh7b.sss,0,3,6,0,6,0,0,0,3,2025/7/2 17:06,3,1,6,0,6,0,65,1,0,12,2025/7/2 16:58,,,0.639475,0.778715,0.692782,0.849848,1.159708,1.382236,4.76799,5.025884,8.430623,8.45316,0.656937,0.835469,0.620414,0.835633,1.111636,1.352607,4.777164,4.99799,8.417323,8.410446
mclnvqr5bhj8trxh7b.sss,0,5,6,6,0,12,50,0,1,2025/7/2 17:06,4,2,7,6,0,13,20,1,0,26,2025/7/2 17:00,,,0.701006,0.378671,2.127347,0.703674,4.131675,1.576614,10.12368,6.195,14.93992,10.48889,-2.00444,-1.01303,-1.96197,-1.43508,-1.96557,-1.54779,-1.84458,-1.95224,-1.79257,-1.86917
mclnvqr5bhj8trxh7b.sss,0,12,7,6,0,13,55,0,4,2025/7/2 17:07,5,7,6,6,0,12,10,1,0,24,2025/7/2 17:02,,,3.04377,3.781753,3.164657,3.484952,3.195924,3.296043,4.599948,5.470858,7.467313,8.763836,0.662722,0.459482,2.189867,0.669593,4.108902,1.674637,10.0072,6.249185,14.86198,10.3575
mclnvqr5bhj8trxh7b.sss,0,6,7,0,6,1,10,0,6,2025/7/2 17:07,6,4,7,0,6,1,45,1,0,14,2025/7/2 17:03,,,-2.00382,-1.02109,-2.0597,-1.44723,-2.00663,-1.57884,-2.13832,-1.8891,-1.96275,-1.78189,1.178685,1.321226,1.175008,1.383942,1.730981,2.025932,6.125625,6.421575,10.37668,10.4258
mclnxdwfdpg6d6vy5f6.ss,1,12,6,3,3,6,50,1,2,2025/7/2 16:57,1,9,6,6,0,12,75,0,1,24,2025/7/2 17:01,,,3.017079,3.680936,3.145103,3.603691,3.158768,3.358043,4.581415,5.55271,7.460632,8.875004,0.692856,0.42262,2.104306,0.624607,4.112782,1.602875,10.12579,6.179705,14.76548,10.35292
mclnxdwfdpg6d6vy5f6.ss,1,11,6,6,0,12,76,1,1,2025/7/2 16:58,2,3,7,3,3,7,34,0,1,20,2025/7/2 17:02,,,0.641925,0.783932,0.654843,0.865962,1.140166,1.408775,4.742992,4.942529,8.405136,8.556111,4.057076,4.461166,3.994022,4.258967,4.096382,4.110268,5.83003,6.967158,9.272031,10.80223
mclnxdwfdpg6d6vy5f6.ss,1,2,7,6,0,13,70,1,4,2025/7/2 16:58,3,10,6,3,3,6,0,0,1,18,2025/7/2 17:03,,,4.093596,4.332359,4.061376,4.365482,4.014324,4.197993,5.777105,6.939374,9.343678,10.87279,0.612196,0.848471,0.676427,0.843956,1.123436,1.343946,4.731182,4.917732,8.394177,8.459512
mclnxdwfdpg6d6vy5f6.ss,1,7,6,0,6,0,0,1,3,2025/7/2 16:58,4,5,7,0,6,1,0,0,1,14,2025/7/2 17:04,,,1.233807,1.28469,1.156262,1.412033,1.778329,2.040412,6.059349,6.402759,10.43688,10.47715,-2.03886,-1.015,-1.92165,-1.48834,-1.89482,-1.74149,-1.87327,-2.08836,-2.01085,-1.86645
mclnxdwfdpg6d6vy5f6.ss,1,8,7,0,6,1,5,1,6,2025/7/2 16:59,5,1,7,6,0,13,80,0,1,26,2025/7/2 17:05,,,0.696079,0.379202,2.112207,0.703805,4.143349,1.573256,10.08822,6.328972,14.96687,10.2887,3.094082,3.543162,3.147809,3.517048,3.120038,3.342411,4.596448,5.548435,7.506911,8.888393
mclnxdwfdpg6d6vy5f6.ss,1,6,7,3,3,7,60,1,5,2025/7/2 16:59,6,4,6,0,6,0,0,0,1,12,2025/7/2 17:05,,,-1.84401,-0.85284,-1.77355,-1.41056,-1.88242,-1.87257,-1.86121,-1.86865,-1.8313,-1.76952,1.23637,1.34869,1.196575,1.413756,1.710628,2.030541,6.0746,6.280971,10.42766,10.48066
mclnxg12nslkx6s7x2.ass,0,7,6,0,6,0,100,0,3,2025/7/2 17:07,1,8,7,0,6,1,72,1,0,14,2025/7/2 16:58,,,0.700407,0.390359,2.131552,0.695089,4.061646,1.583071,10.06485,6.147904,14.77832,10.3799,4.062159,4.42725,4.089512,4.395418,4.13416,4.148343,5.866092,6.78461,9.312961,10.739
mclnxg12nslkx6s7x2.ass,0,11,7,3,3,7,27,0,5,2025/7/2 17:08,2,9,6,6,0,12,16,1,0,24,2025/7/2 17:00,,,-2.00647,-1.08853,-1.92296,-1.44394,-1.97677,-1.54586,-1.89251,-1.66869,-2.04504,-1.83265,3.162596,3.641423,3.136977,3.504275,3.10407,3.432935,4.619712,5.515178,7.477507,8.732351
mclnxg12nslkx6s7x2.ass,0,1,7,6,0,13,-43,0,4,2025/7/2 17:08,3,5,6,3,3,6,39,1,0,18,2025/7/2 17:01,,,1.19017,1.325866,1.206915,1.416755,1.759868,2.031064,6.04725,6.288682,10.47683,10.49416,0.671306,0.373091,2.178979,0.736775,4.183842,1.728668,10.17732,6.010509,14.82859,10.43327
mclnxg12nslkx6s7x2.ass,0,12,7,0,6,1,93,0,6,2025/7/2 17:09,4,4,6,0,6,0,37,1,0,12,2025/7/2 17:03,,,3.164658,3.637037,3.176971,3.610981,3.202955,3.359136,4.544454,5.57711,7.501091,8.868153,0.614647,0.79539,0.675503,0.821635,1.154872,1.396115,4.786183,4.948261,8.417644,8.605275
mclnxg12nslkx6s7x2.ass,0,6,6,6,0,12,-11,0,1,2025/7/2 17:10,5,10,7,3,3,7,55,1,0,20,2025/7/2 17:05,,,3.993037,4.507808,4.07968,4.297762,4.041077,4.201517,5.860022,7.014702,9.222012,10.71121,-2.04524,-1.02726,-1.97409,-1.44116,-1.87822,-1.53404,-1.79096,-1.98001,-1.91527,-1.85692
mclnxg12nslkx6s7x2.ass,0,2,6,3,3,6,26,0,2,2025/7/2 17:10,6,3,7,6,0,13,70,1,0,26,2025/7/2 17:07,,,0.689,0.803893,0.682657,0.855295,1.130961,1.348235,4.719602,5.003873,8.439759,8.470973,1.176258,1.332134,1.19719,1.397202,1.724446,1.985596,6.087512,6.260702,10.37945,10.42488
mclo0otcab0fp27vrv.lll,1,5,7,0,6,1,9,1,6,2025/7/2 16:59,1,6,7,0,6,1,10,0,1,14,2025/7/2 17:01,,,-1.95836,-1.00957,-2.06451,-1.3645,-1.99409,-1.53055,-1.87104,-2.13506,-1.89825,-2.24679,3.128034,3.579086,3.149949,3.444932,3.150318,3.312421,4.625638,5.51611,7.468771,8.757791
mclo0otcab0fp27vrv.lll,1,12,6,3,3,6,26,1,2,2025/7/2 16:59,2,8,6,6,0,12,39,0,1,24,2025/7/2 17:02,,,1.209594,1.379573,1.212334,1.400199,1.724177,2.006035,6.075164,6.306712,10.41932,10.39992,0.648954,0.852292,0.635659,0.821189,1.103909,1.39092,4.71941,4.959792,8.440576,8.547146
mclo0otcab0fp27vrv.lll,1,7,7,3,3,7,31,1,5,2025/7/2 16:59,3,4,7,6,0,13,46,0,1,26,2025/7/2 17:03,,,4.163591,4.43408,4.1681,4.420089,4.050644,4.137649,5.839999,6.908477,9.255101,10.82343,4.092076,4.397977,3.953485,4.323964,4.15179,4.197143,5.830863,6.841807,9.295595,10.69252
mclo0otcab0fp27vrv.lll,1,1,6,6,0,12,77,1,1,2025/7/2 16:59,4,3,6,3,3,6,34,0,1,18,2025/7/2 17:04,,,3.145104,3.603727,3.09138,3.511225,3.212077,3.353317,4.616862,5.489616,7.452288,8.744089,0.31149,0.01207,1.743957,0.303033,3.385233,1.015297,8.496762,4.868105,12.63722,8.477636
mclo0otcab0fp27vrv.lll,1,10,7,6,0,13,72,1,4,2025/7/2 17:00,5,2,7,3,3,7,0,0,1,20,2025/7/2 17:05,,,-2.04036,-1.38743,-2.11271,-1.65557,-2.04856,-1.73838,-2.05081,-1.9265,-2.24733,-2.34108,1.15668,1.329895,1.202198,1.411588,1.778707,2.088045,6.108936,6.347774,10.43074,10.32927
mclo0otcab0fp27vrv.lll,1,9,6,0,6,0,0,1,3,2025/7/2 17:00,6,11,6,0,6,0,0,0,1,12,2025/7/2 17:06,,,0.613037,0.863467,0.634273,0.845716,1.110799,1.338137,4.744797,4.851058,8.437027,8.400592,0.682734,0.404598,2.163812,0.71045,4.144462,1.711447,10.137,6.189226,14.76787,10.35026
mclo4ivav2gwxlhpwc.000,0,2,6,6,0,12,49,0,1,2025/7/2 17:06,1,8,7,6,0,13,70,1,0,26,2025/7/2 17:02,,,0.707257,0.469086,2.125175,0.69091,4.157257,1.592866,10.13219,6.115469,14.77483,10.42881,1.162823,1.32664,1.185093,1.4279,1.724315,2.076121,6.112675,6.334398,10.39995,10.40201
mclo4ivav2gwxlhpwc.000,0,10,6,3,3,6,51,0,2,2025/7/2 17:07,2,12,6,6,0,12,75,1,0,24,2025/7/2 17:03,,,3.961509,4.672798,4.034176,4.36703,3.975861,4.306377,5.831676,6.858332,9.367563,10.75536,0.663634,0.826862,0.674483,0.816765,1.179633,1.326131,4.755934,5.088438,8.452486,8.472856
mclo4ivav2gwxlhpwc.000,0,5,6,0,6,0,0,0,3,2025/7/2 17:07,3,1,6,3,3,6,0,1,0,18,2025/7/2 17:04,,,-2.0511,-0.95634,-1.97071,-1.45127,-1.847,-1.78343,-1.90919,-1.77138,-1.95002,-1.87784,-1.79896,-0.97901,-2.03439,-1.38436,-1.94896,-1.60754,-1.94066,-1.90241,-1.99884,-2.10996
mclo4ivav2gwxlhpwc.000,0,3,7,3,3,7,55,0,5,2025/7/2 17:07,4,4,6,0,6,0,0,1,0,12,2025/7/2 17:05,,,0.6548,0.804607,0.663838,0.847634,1.132888,1.366905,4.81639,4.959027,8.387078,8.482028,4.070801,4.285696,3.998938,4.421522,4.01821,4.223633,5.868601,6.917515,9.338926,10.92002
mclo4ivav2gwxlhpwc.000,0,9,7,6,0,13,75,0,4,2025/7/2 17:07,5,6,7,3,3,7,10,1,0,20,2025/7/2 17:06,,,1.191427,1.365523,1.227169,1.360308,1.762215,1.94446,6.086899,6.31762,10.3467,10.50759,0.71541,0.436202,2.112808,0.66964,4.068683,1.628083,10.03759,6.203859,14.76851,10.41006
mclo4ivav2gwxlhpwc.000,0,11,7,0,6,1,8,0,6,2025/7/2 17:07,6,7,7,0,6,1,0,1,0,14,2025/7/2 17:06,,,3.184798,3.517058,3.128194,3.543858,3.143776,3.336452,4.611732,5.523364,7.424775,8.882842,3.140905,3.484309,3.146217,3.513988,3.182738,3.342056,4.591452,5.556099,7.456558,8.733567
mclo5kvjtcbj13yygz.777,0,4,6,0,6,0,0,1,3,2025/7/2 17:05,1,11,6,0,6,0,5,0,0,12,2025/7/2 17:14,,,0.6695,0.821951,0.656441,0.867068,1.124583,1.375658,4.803573,4.976224,8.495743,8.438472,-2.09911,-1.43922,-2.0729,-1.65062,-2.17402,-1.86758,-1.97125,-2.15958,-2.09629,-2.22876
mclo5kvjtcbj13yygz.777,0,1,7,0,6,1,10,1,6,2025/7/2 17:06,2,3,6,3,3,6,0,0,0,18,2025/7/2 17:18,,,0.306733,0.082196,1.756809,0.279141,3.430733,1.061107,8.456004,4.924781,12.53283,8.442815,3.006529,3.605515,2.964987,3.405635,3.11493,3.317016,4.596794,5.490737,7.473951,8.878578
mclo5kvjtcbj13yygz.777,0,9,7,6,0,13,55,1,4,2025/7/2 17:07,3,8,7,6,0,13,-10,0,0,26,2025/7/2 17:22,,,0.708651,0.422058,2.130127,0.838524,4.064018,1.626324,10.0704,6.136078,14.87579,10.39794,1.181037,1.305673,1.228902,1.458859,1.753145,2.02837,6.090605,6.274993,10.37937,10.53239
mclo5kvjtcbj13yygz.777,0,12,6,3,3,6,50,1,2,2025/7/2 17:08,4,2,7,0,6,1,2,0,0,14,2025/7/2 17:24,,,4.024466,4.423023,3.937065,4.308116,3.941324,4.129126,5.804547,6.883215,9.267443,10.68494,4.001742,4.448232,4.045233,4.42363,4.056407,4.236181,5.852309,6.828728,9.345835,10.72413
mclo5kvjtcbj13yygz.777,0,10,7,3,3,7,65,1,5,2025/7/2 17:09,5,6,7,3,3,7,-13,0,0,20,2025/7/2 17:26,,,3.070425,3.678178,3.089894,3.596339,3.098852,3.399456,4.560418,5.57427,7.491695,8.848838,0.599172,0.775322,0.669232,0.852457,1.160789,1.389726,4.817039,5.051259,8.41969,8.32704
mclo5kvjtcbj13yygz.777,0,5,6,6,0,12,50,1,1,2025/7/2 17:10,6,7,6,6,0,12,-15,0,0,24,2025/7/2 17:27,,,1.184217,1.397734,1.250629,1.453598,1.755347,1.987122,6.048193,6.382868,10.42092,10.46017,0.294086,-0.05142,1.744885,0.293997,3.396387,1.049795,8.486148,4.885352,12.61472,8.456189
mcloaebpimji2fsu2s,1,11,6,3,3,6,37,0,2,2025/7/2 17:12,1,9,7,0,6,1,32,1,1,14,2025/7/2 17:07,,,0.710237,0.338965,2.116734,0.640029,4.140778,1.624272,10.00915,6.221694,14.81386,10.51201,3.998273,4.28998,3.991915,4.403523,4.139442,4.095358,5.844627,6.887363,9.308038,10.67271
mcloaebpimji2fsu2s,1,2,7,6,0,13,99,0,4,2025/7/2 17:13,2,6,6,6,0,12,48,1,1,24,2025/7/2 17:08,,,3.19926,3.629806,3.193031,3.480786,3.004856,3.365814,4.53259,5.587957,7.435915,8.797901,1.211523,1.344815,1.208736,1.399493,1.739427,2.007394,6.085909,6.234659,10.36151,10.3879
mcloaebpimji2fsu2s,1,8,7,3,3,7,40,0,5,2025/7/2 17:13,3,5,6,3,3,6,14,1,1,18,2025/7/2 17:09,,,3.973988,4.508831,4.155413,4.533962,4.156409,4.250537,5.883985,6.868726,9.304965,10.7339,3.111921,3.5556,3.036753,3.56158,3.149452,3.409131,4.636033,5.456936,7.517147,8.783564
mcloaebpimji2fsu2s,1,12,7,0,6,1,11,0,6,2025/7/2 17:13,4,7,7,6,0,13,73,1,1,26,2025/7/2 17:10,,,0.64124,0.812931,0.653208,0.830848,1.178064,1.396074,4.733887,4.944314,8.471661,8.446301,0.651374,0.851812,0.691544,0.88496,1.110474,1.386094,4.805511,5.002732,8.419577,8.506379
mcloaebpimji2fsu2s,1,10,6,6,0,12,94,0,1,2025/7/2 17:14,5,3,7,3,3,7,43,1,1,20,2025/7/2 17:11,,,1.170585,1.372955,1.163775,1.394183,1.757234,2.046807,6.066849,6.235281,10.31524,10.40073,-1.91628,-1.07058,-1.91967,-1.40379,-1.86616,-1.66395,-2.01297,-1.77008,-1.90943,-1.74237
mcloaebpimji2fsu2s,1,4,6,0,6,0,0,0,3,2025/7/2 17:14,6,1,6,0,6,0,0,1,1,12,2025/7/2 17:12,,,-1.9786,-0.93868,-2.00471,-1.59841,-1.77923,-1.48224,-1.98064,-1.96596,-2.12964,-1.80311,0.718,0.384485,2.141189,0.66226,4.041891,1.726167,10.06915,6.21828,14.91809,10.31112
mclodkgijophefvlbd,0,3,7,6,0,13,55,1,4,2025/7/2 17:09,1,2,6,6,0,12,94,0,0,24,2025/7/2 17:11,,,1.224996,1.30206,1.214482,1.427818,1.763798,1.979799,6.07381,6.378367,10.40809,10.66708,0.700797,0.540361,2.19334,0.704033,4.072727,1.622645,10.10447,6.096907,14.82657,10.48569
mclodkgijophefvlbd,0,8,7,3,3,7,29,1,5,2025/7/2 17:09,2,4,7,6,0,13,77,0,0,26,2025/7/2 17:12,,,-1.95683,-0.85191,-1.95344,-1.40405,-1.87638,-1.68168,-2.10914,-1.8882,-1.88559,-2.03017,3.134315,3.716102,3.089947,3.445925,3.088627,3.363054,4.562568,5.455396,7.563805,8.758214
mclodkgijophefvlbd,0,6,6,3,3,6,19,1,2,2025/7/2 17:09,3,11,6,3,3,6,61,0,0,18,2025/7/2 17:13,,,0.669369,0.434889,2.165417,0.723889,4.098328,1.624985,10.09512,6.199563,14.78826,10.52883,-1.83365,-0.96119,-1.8986,-1.53725,-2.03636,-1.51581,-1.96865,-1.88168,-1.92833,-2.01586
mclodkgijophefvlbd,0,1,7,0,6,1,9,1,6,2025/7/2 17:09,4,10,6,0,6,0,0,0,0,12,2025/7/2 17:14,,,4.043912,4.353792,4.11371,4.340238,4.089605,4.075277,5.79904,6.850105,9.25752,10.68477,1.15683,1.331343,1.206091,1.443193,1.704177,2.001328,6.053971,6.325042,10.39321,10.63319
mclodkgijophefvlbd,0,12,6,6,0,12,29,1,1,2025/7/2 17:10,5,5,7,0,6,1,7,0,0,14,2025/7/2 17:14,,,3.132673,3.596338,3.171894,3.540889,3.185673,3.358807,4.577989,5.516964,7.458044,8.807185,0.608764,0.804078,0.673983,0.888591,1.154303,1.386089,4.749269,4.955173,8.442952,8.524922
mclodkgijophefvlbd,0,7,6,0,6,0,0,1,3,2025/7/2 17:10,6,9,7,3,3,7,48,0,0,20,2025/7/2 17:15,,,0.644423,0.829585,0.712413,0.81957,1.136412,1.386448,4.751546,4.979805,8.419479,8.552189,4.106478,4.30291,4.076171,4.349873,4.093645,4.205968,5.811833,6.967294,9.196209,10.74101
mclodv3ut2bst4qqi3.000,1,11,7,6,0,13,57,0,4,2025/7/2 17:14,1,2,7,0,6,1,0,1,1,14,2025/7/2 17:09,,,0.727371,0.410181,2.123026,0.703029,4.0972,1.601901,10.12048,6.048268,14.83848,10.45576,-2.09252,-1.3986,-1.99537,-1.73683,-2.04794,-1.89945,-2.04767,-1.96322,-2.0675,-1.8188
mclodv3ut2bst4qqi3.000,1,1,6,0,6,0,0,0,3,2025/7/2 17:14,2,7,6,0,6,0,0,1,1,12,2025/7/2 17:10,,,-2.04106,-1.1225,-1.95648,-1.45656,-1.93731,-1.61406,-1.94707,-1.93128,-1.9323,-2.2765,1.155133,1.363208,1.190003,1.395664,1.771107,2.016319,6.095685,6.210676,10.50722,10.44731
mclodv3ut2bst4qqi3.000,1,6,7,0,6,1,0,0,6,2025/7/2 17:14,3,8,7,3,3,7,20,1,1,20,2025/7/2 17:11,,,3.159789,3.411386,3.216391,3.634127,3.146648,3.356807,4.610277,5.517258,7.534002,8.747314,3.963714,4.436441,4.082419,4.297028,4.034658,4.151707,5.80459,6.891818,9.231549,10.70329
mclodv3ut2bst4qqi3.000,1,10,7,3,3,7,70,0,5,2025/7/2 17:14,4,3,7,6,0,13,38,1,1,26,2025/7/2 17:12,,,1.162467,1.368054,1.214009,1.428445,1.703467,1.988114,6.042708,6.327452,10.47053,10.54275,3.172305,3.451192,3.049493,3.531418,3.116514,3.341139,4.629697,5.504676,7.515438,8.668835
mclodv3ut2bst4qqi3.000,1,12,6,6,0,12,67,0,1,2025/7/2 17:14,5,4,6,3,3,6,16,1,1,18,2025/7/2 17:13,,,0.657792,0.84517,0.661519,0.832147,1.095209,1.411901,4.779957,4.976558,8.508241,8.317976,0.617506,0.802981,0.617144,0.870857,1.125499,1.392193,4.735145,4.960265,8.436129,8.411721
mclodv3ut2bst4qqi3.000,1,5,6,3,3,6,50,0,2,2025/7/2 17:14,6,9,6,6,0,12,36,1,1,24,2025/7/2 17:14,,,4.029942,4.320913,4.037622,4.322005,4.078728,4.100018,5.858935,6.887164,9.352314,10.82944,-1.99444,-1.04346,-1.942,-1.43181,-1.92067,-1.79246,-2.00911,-1.89796,-1.81931,-1.76324
mcloe7cr6y10aoqd75.000,1,4,6,6,0,12,60,1,1,2025/7/2 17:10,1,9,7,0,6,1,30,0,1,14,2025/7/2 17:14,,,4.01188,4.453195,3.92158,4.381426,3.974961,4.071215,5.801802,6.824611,9.306034,10.81564,0.698476,0.440658,2.235197,0.656983,4.13474,1.656761,9.968102,6.164832,14.81487,10.45326
mcloe7cr6y10aoqd75.000,1,3,6,3,3,6,80,1,2,2025/7/2 17:11,2,2,7,6,0,13,45,0,1,26,2025/7/2 17:15,,,1.135392,1.385562,1.175196,1.413291,1.722889,1.982427,6.144397,6.32088,10.46549,10.45083,-2.0147,-1.04119,-1.96994,-1.50538,-1.87283,-1.73854,-1.954,-1.5752,-1.91025,-1.63311
mcloe7cr6y10aoqd75.000,1,5,7,6,0,13,50,1,4,2025/7/2 17:11,3,11,6,3,3,6,25,0,1,18,2025/7/2 17:16,,,0.655484,0.812974,0.688212,0.866497,1.147317,1.397767,4.821698,4.995496,8.41232,8.529852,0.636063,0.821592,0.654348,0.866575,1.160474,1.338024,4.821036,4.994671,8.502842,8.46605
mcloe7cr6y10aoqd75.000,1,8,7,3,3,7,65,1,5,2025/7/2 17:12,4,1,6,0,6,0,0,0,1,12,2025/7/2 17:17,,,3.09694,3.559424,3.073898,3.501638,3.100024,3.400928,4.636455,5.508227,7.4738,8.913197,3.094989,3.590439,3.072326,3.568194,3.186254,3.404586,4.681168,5.440803,7.550779,8.859231
mcloe7cr6y10aoqd75.000,1,12,7,0,6,1,20,1,6,2025/7/2 17:12,5,7,6,6,0,12,65,0,1,24,2025/7/2 17:19,,,-1.89622,-0.96966,-1.97813,-1.41732,-2.01088,-1.54022,-1.95437,-1.88982,-1.92331,-1.71323,1.211214,1.405832,1.213094,1.430477,1.739094,2.091042,6.077482,6.292493,10.4288,10.38108
mcloe7cr6y10aoqd75.000,1,10,6,0,6,0,0,1,3,2025/7/2 17:13,6,6,7,3,3,7,50,0,1,20,2025/7/2 17:20,,,0.687891,0.416293,2.136556,0.670725,4.056133,1.613645,10.09455,6.204178,14.75089,10.38067,4.195852,4.353683,4.061221,4.391635,4.100598,4.134059,5.911386,6.902637,9.292964,10.84271
mclomq7keo3wh0bof8.000,0,3,7,6,0,13,59,0,4,2025/7/2 17:21,1,11,6,6,0,12,30,1,0,24,2025/7/2 17:17,,,,,,,,,,,,,,,,,,,,,,
mclomq7keo3wh0bof8.000,0,9,6,0,6,0,0,0,3,2025/7/2 17:21,2,1,6,3,3,6,20,1,0,18,2025/7/2 17:17,,,,,,,,,,,,,,,,,,,,,,
mclomq7keo3wh0bof8.000,0,7,7,0,6,1,1,0,6,2025/7/2 17:21,3,4,7,3,3,7,0,1,0,20,2025/7/2 17:18,,,,,,,,,,,,,,,,,,,,,,
mclomq7keo3wh0bof8.000,0,10,6,6,0,12,78,0,1,2025/7/2 17:21,4,5,6,0,6,0,10,1,0,12,2025/7/2 17:19,,,,,,,,,,,,,,,,,,,,,,
mclomq7keo3wh0bof8.000,0,6,6,3,3,6,47,0,2,2025/7/2 17:21,5,2,7,0,6,1,0,1,0,14,2025/7/2 17:19,,,,,,,,,,,,,,,,,,,,,,
mclomq7keo3wh0bof8.000,0,8,7,3,3,7,49,0,5,2025/7/2 17:21,6,12,7,6,0,13,10,1,0,26,2025/7/2 17:20,,,,,,,,,,,,,,,,,,,,,,
mclor9l6i406au8p2x.p77,1,1,7,0,6,1,65,1,6,2025/7/2 17:20,1,8,7,6,0,13,50,0,1,26,2025/7/2 17:28,,,,,,,,,,,,,,,,,,,,,,
mclor9l6i406au8p2x.p77,1,3,6,0,6,0,0,1,3,2025/7/2 17:21,2,6,6,6,0,12,77,0,1,24,2025/7/2 17:30,,,,,,,,,,,,,,,,,,,,,,
mclor9l6i406au8p2x.p77,1,7,7,3,3,7,90,1,5,2025/7/2 17:22,3,4,7,0,6,1,19,0,1,14,2025/7/2 17:32,,,,,,,,,,,,,,,,,,,,,,
mclor9l6i406au8p2x.p77,1,9,6,6,0,12,83,1,1,2025/7/2 17:22,4,11,6,3,3,6,27,0,1,18,2025/7/2 17:34,,,,,,,,,,,,,,,,,,,,,,
mclor9l6i406au8p2x.p77,1,10,7,6,0,13,80,1,4,2025/7/2 17:23,5,12,6,0,6,0,0,0,1,12,2025/7/2 17:36,,,,,,,,,,,,,,,,,,,,,,
mclor9l6i406au8p2x.p77,1,5,6,3,3,6,60,1,2,2025/7/2 17:24,6,2,7,3,3,7,21,0,1,20,2025/7/2 17:38,,,,,,,,,,,,,,,,,,,,,,
mclox5fcxonyezd8ie,0,12,6,0,6,0,0,0,3,2025/7/2 17:32,1,10,6,6,0,12,32,1,0,24,2025/7/2 17:25,,,,,,,,,,,,,,,,,,,,,,
mclox5fcxonyezd8ie,0,5,7,3,3,7,36,0,5,2025/7/2 17:32,2,8,6,3,3,6,24,1,0,18,2025/7/2 17:26,,,,,,,,,,,,,,,,,,,,,,
mclox5fcxonyezd8ie,0,2,7,6,0,13,69,0,4,2025/7/2 17:32,3,11,7,6,0,13,37,1,0,26,2025/7/2 17:27,,,,,,,,,,,,,,,,,,,,,,
mclox5fcxonyezd8ie,0,7,6,6,0,12,55,0,1,2025/7/2 17:32,4,4,6,0,6,0,61,1,0,12,2025/7/2 17:28,,,,,,,,,,,,,,,,,,,,,,
mclox5fcxonyezd8ie,0,9,7,0,6,1,-15,0,6,2025/7/2 17:32,5,6,7,3,3,7,10,1,0,20,2025/7/2 17:29,,,,,,,,,,,,,,,,,,,,,,
mclox5fcxonyezd8ie,0,1,6,3,3,6,39,0,2,2025/7/2 17:33,6,3,7,0,6,1,20,1,0,14,2025/7/2 17:31,,,,,,,,,,,,,,,,,,,,,,
mclpg882lugv6xq36x.sss,1,1,7,0,6,1,100,1,6,2025/7/2 17:40,1,2,7,3,3,7,35,0,1,20,2025/7/2 17:45,,,,,,,,,,,,,,,,,,,,,,
mclpg882lugv6xq36x.sss,1,4,7,6,0,13,75,1,4,2025/7/2 17:41,2,8,6,3,3,6,25,0,1,18,2025/7/2 17:46,,,,,,,,,,,,,,,,,,,,,,
mclpg882lugv6xq36x.sss,1,11,6,0,6,0,0,1,3,2025/7/2 17:42,3,6,6,0,6,0,-18,0,1,12,2025/7/2 17:47,,,,,,,,,,,,,,,,,,,,,,
mclpg882lugv6xq36x.sss,1,3,6,3,3,6,42,1,2,2025/7/2 17:42,4,9,7,6,0,13,36,0,1,26,2025/7/2 17:48,,,,,,,,,,,,,,,,,,,,,,
mclpg882lugv6xq36x.sss,1,7,7,3,3,7,69,1,5,2025/7/2 17:43,5,10,7,0,6,1,3,0,1,14,2025/7/2 17:48,,,,,,,,,,,,,,,,,,,,,,
mclpg882lugv6xq36x.sss,1,5,6,6,0,12,50,1,1,2025/7/2 17:43,6,12,6,6,0,12,41,0,1,24,2025/7/2 17:50,,,,,,,,,,,,,,,,,,,,,,
mclphsh869xrwnbby6.ass,0,3,6,3,3,6,65,0,2,2025/7/2 17:58,1,1,7,0,6,1,-5,1,0,14,2025/7/2 17:45,,,,,,,,,,,,,,,,,,,,,,
mclphsh869xrwnbby6.ass,0,11,6,0,6,0,10,0,3,2025/7/2 18:00,2,9,6,6,0,12,20,1,0,24,2025/7/2 17:48,,,,,,,,,,,,,,,,,,,,,,
mclphsh869xrwnbby6.ass,0,2,7,0,6,1,5,0,6,2025/7/2 18:02,3,7,7,3,3,7,25,1,0,20,2025/7/2 17:51,,,,,,,,,,,,,,,,,,,,,,
mclphsh869xrwnbby6.ass,0,6,7,6,0,13,60,0,4,2025/7/2 18:03,4,10,7,6,0,13,20,1,0,26,2025/7/2 17:53,,,,,,,,,,,,,,,,,,,,,,
mclphsh869xrwnbby6.ass,0,4,6,6,0,12,50,0,1,2025/7/2 18:04,5,8,6,3,3,6,15,1,0,18,2025/7/2 17:55,,,,,,,,,,,,,,,,,,,,,,
mclphsh869xrwnbby6.ass,0,12,7,3,3,7,60,0,5,2025/7/2 18:05,6,5,6,0,6,0,40,1,0,12,2025/7/2 17:56,,,,,,,,,,,,,,,,,,,,,,
mclpud99swp1cryx8x.wee,1,3,7,0,6,1,80,1,6,2025/7/2 17:52,1,6,7,6,0,13,48,0,1,26,2025/7/2 18:04,,,,,,,,,,,,,,,,,,,,,,
mclpud99swp1cryx8x.wee,1,8,6,6,0,12,50,1,1,2025/7/2 17:54,2,4,7,3,3,7,60,0,1,20,2025/7/2 18:07,,,,,,,,,,,,,,,,,,,,,,
mclpud99swp1cryx8x.wee,1,5,7,6,0,13,60,1,4,2025/7/2 17:55,3,12,6,6,0,12,50,0,1,24,2025/7/2 18:09,,,,,,,,,,,,,,,,,,,,,,
mclpud99swp1cryx8x.wee,1,1,6,3,3,6,50,1,2,2025/7/2 17:58,4,2,6,3,3,6,55,0,1,18,2025/7/2 18:13,,,,,,,,,,,,,,,,,,,,,,
mclpud99swp1cryx8x.wee,1,11,7,3,3,7,65,1,5,2025/7/2 17:59,5,10,6,0,6,0,0,0,1,12,2025/7/2 18:15,,,,,,,,,,,,,,,,,,,,,,
mclpud99swp1cryx8x.wee,1,9,6,0,6,0,0,1,3,2025/7/2 18:00,6,7,7,0,6,1,15,0,1,14,2025/7/2 18:17,,,,,,,,,,,,,,,,,,,,,,
mclpy1vlpdfd13mxzw.sss,0,9,7,3,3,7,70,0,5,2025/7/2 18:11,1,6,7,0,6,1,50,1,0,14,2025/7/2 17:55,,,,,,,,,,,,,,,,,,,,,,
mclpy1vlpdfd13mxzw.sss,0,4,6,0,6,0,0,0,3,2025/7/2 18:11,2,1,6,6,0,12,50,1,0,24,2025/7/2 17:57,,,,,,,,,,,,,,,,,,,,,,
mclpy1vlpdfd13mxzw.sss,0,12,7,0,6,1,15,0,6,2025/7/2 18:12,3,7,6,0,6,0,0,1,0,12,2025/7/2 17:58,,,,,,,,,,,,,,,,,,,,,,
mclpy1vlpdfd13mxzw.sss,0,8,7,6,0,13,55,0,4,2025/7/2 18:13,4,5,7,3,3,7,40,1,0,20,2025/7/2 18:00,,,,,,,,,,,,,,,,,,,,,,
mclpy1vlpdfd13mxzw.sss,0,2,6,6,0,12,50,0,1,2025/7/2 18:13,5,10,6,3,3,6,33,1,0,18,2025/7/2 18:03,,,,,,,,,,,,,,,,,,,,,,
mclpy1vlpdfd13mxzw.sss,0,11,6,3,3,6,33,0,2,2025/7/2 18:13,6,3,7,6,0,13,60,1,0,26,2025/7/2 18:07,,,,,,,,,,,,,,,,,,,,,,
mcltqyjvrajhhop1ht.777,0,12,7,0,6,1,100,0,6,2025/7/2 19:48,1,1,7,0,6,1,0,1,0,14,2025/7/2 19:41,,,,,,,,,,,,,,,,,,,,,,
mcltqyjvrajhhop1ht.777,0,11,6,0,6,0,0,0,3,2025/7/2 19:49,2,10,7,3,3,7,85,1,0,20,2025/7/2 19:43,,,,,,,,,,,,,,,,,,,,,,
mcltqyjvrajhhop1ht.777,0,4,6,6,0,12,80,0,1,2025/7/2 19:49,3,2,7,6,0,13,100,1,0,26,2025/7/2 19:44,,,,,,,,,,,,,,,,,,,,,,
mcltqyjvrajhhop1ht.777,0,3,7,3,3,7,88,0,5,2025/7/2 19:50,4,7,6,6,0,12,100,1,0,24,2025/7/2 19:46,,,,,,,,,,,,,,,,,,,,,,
mcltqyjvrajhhop1ht.777,0,8,6,3,3,6,85,0,2,2025/7/2 19:50,5,9,6,3,3,6,95,1,0,18,2025/7/2 19:47,,,,,,,,,,,,,,,,,,,,,,
mcltqyjvrajhhop1ht.777,0,6,7,6,0,13,78,0,4,2025/7/2 19:51,6,5,6,0,6,0,0,1,0,12,2025/7/2 19:48,,,,,,,,,,,,,,,,,,,,,,
mcmv3k79c61u7ugyx1,1,10,7,6,0,13,46,1,4,2025/7/2 16:06,1,6,7,0,6,1,20,0,1,14,2025/7/2 16:12,,,,,,,,,,,,,,,,,,,,,,
mcmv3k79c61u7ugyx1,1,5,7,3,3,7,70,1,5,2025/7/2 16:07,2,12,6,0,6,0,0,0,1,12,2025/7/2 16:13,,,,,,,,,,,,,,,,,,,,,,
mcmv3k79c61u7ugyx1,1,1,6,3,3,6,40,1,2,2025/7/2 16:08,3,4,6,3,3,6,50,0,1,18,2025/7/2 16:14,,,,,,,,,,,,,,,,,,,,,,
mcmv3k79c61u7ugyx1,1,2,6,6,0,12,85,1,1,2025/7/2 16:09,4,7,6,6,0,12,70,0,1,24,2025/7/2 16:16,,,,,,,,,,,,,,,,,,,,,,
mcmv3k79c61u7ugyx1,1,8,6,0,6,0,0,1,3,2025/7/2 16:10,5,11,7,3,3,7,87,0,1,20,2025/7/2 16:17,,,,,,,,,,,,,,,,,,,,,,
mcmv3k79c61u7ugyx1,1,9,7,0,6,1,90,1,6,2025/7/2 16:10,6,3,7,6,0,13,75,0,1,26,2025/7/2 16:19,,,,,,,,,,,,,,,,,,,,,,